Property,Descriptions,中文名称,新描述
@type,"When sub-classing, this defines the sub-class Extensible name",@类型,用于指明一个对象的具体类型，尤其是在一个通用模型下有多种具体实现时（例如，一个“联系方式”的具体类型可以是“邮件”或“电话”）。
@schemaLocation,A URI to a JSON-Schema file that defines additional attributes and relationships,@结构位置,一个URL链接，指向一个定义该对象（由@type指定）额外属性的结构文件（JSON Schema）。
@baseType,"When sub-classing, this defines the super-class",@基类型,当一个对象是某个通用模型的具体实现时，此属性指明其通用的父类型或基类型。
id,unique identifier,唯一标识符,系统中每个资源的唯一、不可变的标识符（ID）。
name,Name of the referred entity.,名称,所引用或描述的实体的名称，例如产品名称、客户姓名。
href,Hyperlink reference,超链接引用,指向该资源的完整URL链接，用于直接访问。
@referredType,The actual type of the target instance when needed for disambiguation.,@被引用类型,当引用可能指向多种不同类型的对象时，此属性明确指出被引用对象的实际类型，以消除歧义。
description,A narrative text describing the content of the attachment,描述,一段描述性的文字，用于说明该实体（如附件、产品）的内容或用途。
validFor,Collection of validity information,有效期,定义一个对象（如价格、合同）有效的时间范围，包含开始时间和结束时间。
relatedParty,List of parties involved in this catalog,关联参与方,与当前实体相关的个人或组织的列表，例如订单的联系人、账户的所有者。
valueType,"A kind of value that the characteristic value can take on, such as numeric, text and so forth",值类型,定义特征（Characteristic）的值可以采用的数据类型，例如“文本”、“数字”等。
value,"A characteristic which value is an array of Boolean(s).; A characteristic which value is an array of Float(s).; A characteristic which value is an array of Integer(s).; A characteristic which value is an array of Number(s).; A signed floating point number, the meaning of the sign is according to the context of the API that uses this Data type; Collection of characteristic values; Collection of string characteristics; Text to describe the termination error - for example: Unable to proceed to qualification because incomplete information provided; The value of the header item, e.g. en-us; The value of the resource in the ISO 3166-1 Alpha 2 standard; The value of the resource in the corresponding standard.e.g., a country code value; The value of variable; The value to be used within the operations.; Value of the characteristic; Value used to identifiy this resource as a MSISDN or a VoIP number.; an array of field names; the value of the logical resource. E.g '0746712345' for  MSISDN's",值,属性或特征的具体数值。其数据类型（如文本、数字、布尔值、数组等）由上下文决定。
characteristicRelationship,Collection of characteristic relationships,特征关系,描述不同特征（Characteristic）之间的关系，例如一个特征依赖于另一个。
priority,A priority.,优先级,表示一个对象（如订单、故障单）的优先处理级别。
title,The title of the event.,标题,事件的标题。
eventTime,Time of the event occurrence.,事件时间,事件发生的具体时间点。
domain,The domain of the event.,领域,事件所属的业务领域，例如“订单管理”、“客户管理”。
eventType,The type of the notification.,事件类型,通知的具体类型，例如“产品创建事件”、“状态变更事件”。
eventId,The identifier of the notification.,事件ID,通知的唯一标识符。
event,The event linked to the involved resource object,事件内容,与通知相关的具体事件数据。
correlationId,The correlation id for this event.,关联ID,用于将多个相关事件或操作串联起来的标识符，方便跟踪和调试。
role,The association role for the source product offering price,角色,在一个关系中，实体所扮演的角色。例如，在一个客户和账户的关系中，客户的角色是“所有者”。
status,"HTTP Error code extension; Indication of the availability of the caledar period (e.g.: available, booked, etc.); Indication of the availability of the calendar period (e.g.: available, booked, etc.); Possible values for the state of a CheckCredential task; Status of the interaction (opened, inProgress, completed); Status of the operation; Status of the payment; Status of the payment method; Status of the payment plan (effective, ineffective); The condition of the GeographicSite, such as planned, underConstruction, cancelled, active, inactive, former; The condition of the account, such as due, paid, in arrears.; The current status of the agreement. Typical values are: in process, approved and rejected; The current status of the agreement. Typical values are: in process, approved, rejected; The current status of the service problem. Possible values are Submitted, Rejected, Acknowledged, In Progress [Held, Pending], Resolved, Closed, and Cancelled.; The milestone status; The status of party revenue Share report item detail; The status of the risk assessment, such as Succeeded, In Progress, Failed, output from the task; The status of this profile (for example: created, terminated, etc.); Used to indicate the current lifecycle status of this digital identity (unknown, active, suspended, archived).; Used to track the lifecycle status of the party role.; Used to track the lifecycle status of the partyRoleSpecification.; error code extension like sys-ABC-2001; status of shipping order item. e.g ""active"" , ""savedForLater""",状态,表示一个对象当前的业务或生命周期状态，例如“活动”、“已解决”、“已批准”等。
source,0,来源,事件或数据的来源系统或组件。
reportingSystem,0,报告系统,上报该事件或数据的系统名称。
timeOccurred,The time the event occurred.,发生时间,事件发生的具体时间。
analyticCharacteristic,Collection of analytic characteristics,分析特征,用于数据分析的一组特征或属性。
version,Version of the product offering,版本,实体（如产品目录）的版本号。
relationshipType,The type of relationship,关系类型,定义了两个实体之间关系的确切类型，例如“依赖于”、“捆绑于”。
unitOfMeasure,"A length, surface, volume, dry measure, liquid measure, money, weight, time, and the like. In general, a determinate quantity or magnitude of the kind designated, taken as a standard of comparison for others of the same kind, in assigning to them numerical values, as 1 foot, 1 yard, 1 mile, 1 square foot.",计量单位,数量的计量单位，例如“GB”、“分钟”、“元”。
regex,A regular expression constraint for given value,正则表达式,用于验证一个值是否符合特定格式的正则表达式规则。
rangeInterval,"An indicator that specifies the inclusion or exclusion of the valueFrom and valueTo attributes. If applicable, possible values are ""open"", ""closed"", ""closedBottom"" and ""closedTop"".",范围区间,定义一个数值范围是开区间还是闭区间（例如是否包含边界值）。
valueFrom,The low range value that a characteristic can take on,范围起始值,一个数值范围的下限。
valueTo,The upper range value that a characteristic can take on,范围结束值,一个数值范围的上限。
isDefault,"If true, the Boolean Indicates if the value is the default value for a characteristic",是否为默认值,一个布尔值，表明该值是否为对应特征的默认值。
externalIdentifier,"List of external identifieers for the offering, e.g. identifier in source catalog",外部标识符,实体在其他外部系统中的ID列表。
attachment,"Complements the description of an element (for instance a product) through video, pictures...",附件,通过图片、视频、文档等形式对实体进行补充说明的附件列表。
contactMedium,"Collection of contact information; Collection of contact mediums; Information contact related to the quote requester; List of contact mediums for the contact, such as mobile phone number, email addreess, etc.; List of means for contacting the party, e.g. mobile phone, email address",联系方式,一个实体（如客户、地点）的联系方式列表，例如电话、邮箱等。
characteristic,"A characteristic that refines the relationship. For example, consider the relationship between broadband and TV. For a 4k TV it is important to know the minimum bandwidth to support 4k, so a characteristic Resolution might be defined on the relationship to allow capturing of this in the inventory",特征 / 属性,描述实体（如产品、服务、关系）更详细特性的“名称-值”对列表。
isBundle,"isBundle determines whether a productOffering represents a single productOffering (false), or a bundle of productOfferings (true).",是否为组合产品,一个布尔值，表明一个产品目录是代表单个产品（false）还是一个组合套餐（true）。
url,"Uniform Resource Locator, is a web page address (a subset of URI)",链接地址,指向一个网络资源的URL地址。
lastUpdate,Date and time of the last update,最后更新时间,实体信息最后一次被更新的日期和时间。
creationDate,Date at which the job was created,创建日期,实体被创建的日期和时间。
place,Place defines the places where the products are sold or delivered.,地点,定义产品销售或交付的地点。
partyName,The name of the engaged party that is linked to the PartyRole object.,参与方名称,关联的参与方角色（PartyRole）所对应的参与方（Party）的名称。
partyId,The identifier of the engaged party that is linked to the PartyRole object.,参与方ID,关联的参与方角色（PartyRole）所对应的参与方（Party）的ID。
lifecycleStatus,Used to indicate the current lifecycle status,生命周期状态,用于表示实体当前所处的生命周期阶段，例如“设计中”、“活动”、“已废弃”。
agreement,"An agreement represents a contract or arrangement, either written or verbal and sometimes enforceable by law, such as a service level agreement or a customer price agreement. An agreement involves a number of other business entities, such as products, services, and resources and/or their specifications.",协议,与实体相关的协议或合同的引用。
account,Collection of accounts; List of accounts of a customer.; Reference to the accounts that are linked to the payment method. May be a party account or a financial account.,账户,与实体（如客户、支付方式）关联的账户列表。
paymentMethod,Collection of payment methods; List of payment methods of a customer.,支付方式,与实体（如客户、订单）关联的支付方式列表。
statusReason,A string providing a complementary information on the value of the lifecycle status attribute.,状态原因,对当前lifecycleStatus（生命周期状态）的补充说明。
engagedParty,The parties that sign the agreement and are bound by its terms,签约方,签署了协议并受其条款约束的参与方。
mimeType,a technical characterization of the attachment content format using IETF Mime Types,MIME类型,附件内容的媒体类型，遵循IETF标准，例如image/jpeg， application/pdf。
attachmentType,"a business characterization of the purpose of the attachment, for example logo, instructionManual, contractCopy",附件类型,附件的业务用途分类，例如“公司Logo”、“使用手册”、“合同副本”。
creditProfile,Collection of credit profiles,信用档案,参与方的信用评分和信用状况信息列表。
content,"The actual contents of the attachment object, if embedded, encoded as base64",内容,当附件内容被内嵌在API消息中时，这里存放经过Base64编码后的实际内容。
note,The note(s) that are associated to the ticket.,备注,与实体（如故障单）关联的备注信息列表。
size,0,大小,附件或文件的大小，通常以字节（Byte）为单位。
partyRoleSpecification,0,参与方角色规约,定义了参与方角色（PartyRole）的模板或蓝图。
state,"Contains the lifecycle state such as: Active, Closed, Suspended and so on.; Current state of the operation task; Current status of the authorization, for example in process, approved, rejected.; Defines the alarm state during its life cycle (raised, updated, cleared).; Indicates the current status of the credential, such as whether it is Active (The credential is currently active and can be used for authentication.), Inactive (The credential is inactive and cannot be used for authentication. This status might occur if the user requested to deactivate the credential temporarily), Expired (The credential has passed its expiration date and cannot be used for authentication. Users may need to renew or update their credential to regain access.), Locked (The credential has been temporarily locked due to multiple failed authentication attempts or security policy violations. This status prevents the credential from being used until it's unlocked by an administrator or through a predefined process.), Revoked (The credential has been permanently revoked, usually due to security concerns or policy violations. Once revoked, the credential cannot be used for authentication and may require additional actions to reinstate.) Pending (The credential is awaiting approval or activation. This status is common for newly created credentials that require administrative review or user verification before becoming active.), Suspended )The credential has been temporarily suspended, often due to a security investigation or compliance issue. While suspended, the credential cannot be used for authentication until the suspension is lifted.), Disabled (Similar to inactive, this status indicates that the credential is currently disabled and cannot be used for authentication. However, unlike inactive, disabled status may imply a more permanent state or administrative action.), Unverified (The credential has been created but not yet verified. Users may need to complete additional steps to verify their identity before the credential becomes active.), Compromised (The credential has been compromised or suspected of being compromised. This status is used to indicate potential security breaches, and immediate action is required to mitigate risks, such as resetting the credential or investigating further). This property determines if the credential is valid and trustworthy at the time of verification.; Represents the current lifecycle status of the digital identity, such as Active (Represents a valid and currently accessible digital identity. Users with an active status can log in, access resources, and perform authorized actions.), Inactive (Indicates that a digital identity is temporarily disabled or not in use. Users with an inactive status cannot log in or access resources until reactivated.), Locked (A status triggered by multiple failed login attempts. A locked identity prevents further login until an administrator intervenes or a specified time elapses.), Suspended (Denotes a temporary suspension due to policy violations or other reasons. Users with a suspended status cannot perform actions until the suspension is lifted.), Pending Approval (Refers to newly created identities awaiting approval from administrators. These identities are not yet fully active.), Expired (Indicates that an identity's validity period has lapsed. Users with an expired status need to renew their credentials or revalidate their identity.), Terminated (Represents a permanently disabled identity. Users with a “terminated” status no longer have access rights.). It reflects whether the identity is valid and can be used for authentication or authorization.; State of the CheckProductConfiguration item (e.g.: accepted, rejected).; State of the CheckProductOfferingQualification item : described in the state machine diagram; State of the CheckServiceQualificationItem: described in the state machine diagram; State of the Problem Acknowledgement task (acknowledged, inProgress, terminatedWithError, done); State of the Problem Group task (acknowledged, inProgress, terminatedWithError, done); State of the Problem Unacknowledgement task (acknowledged, inProgress, terminatedWithError, done); State of the Problem Ungroup task (acknowledged, inProgress, terminatedWithError, done); State of the QueryProductConfiguration item (e.g.: accepted, rejected).; State of the authorization, such as: approved or declined; The Monitor state of the resource.  InProgress, InError, Completed; The Monitor state of the resource.  inProgress, inError, completed; The current status of the shipment.; Used to indicate the current lifecycle state of this credential (like active, inactive, expired).",（生命周期）状态 / 状态机状态,通常指对象在一个预定义的生命周期或状态机中所处的具体阶段，例如告警的“已触发”、“已清除”状态。
category,"Business category : intervention for example or to be more precise after SalesIntervention, orderDeliveryIntervention,...; Category of the bill produced : normal, duplicate, interim, last, trial customer or credit note for example; Category of the concrete resource. e.g Gold, Silver for MSISDN concrete resource; Category of the target resource like NetworkConnectivity, PhysicalLinks, Generic, L2Network and so on.; Classifier for the problem. Settable. For example, this is used for distinguish the category of problem originator in [role].[category] format. Example: serviceProvider.declarer, supplier.originated, system.originated; Collection of categories applicable; Is it a customer facing or resource facing service; List of categories for this candidate; List of child categories in the tree for in this category; List of root categories contained in this catalog; List of service categories associated with this catalog; NOT USED YET IN OPEN GATEWAY CONTEXT.; The categories in which this candidate is exposed; The category resource is used to group product offerings, service and resource candidates in logical containers. Categories can contain other (sub-)categories and/or product offerings.; The category resource is used to group product offerings, service and resource candidates in logical containers. Categories can contain other categories and/or product offerings, resource or service candidates.; The category resource is used to group product specifications in logical containers. Categories can contain other categories and/or other catalog entries.; Used to categorize the order from a business perspective that can be useful for the OM system (e.g. ""enterprise"", ""residential"", ...); Used to categorize the order, useful for the OM system, such as: Broadband, TVOption; Used to categorize the quote from a business perspective that can be useful for the CRM system (e.g. ""enterprise"", ""residential"", ...)",分类 / 类别,用于从业务角度对实体进行分类，例如订单的“企业”或“住宅”类别，资源的“金牌”、“银牌”等级。
code,"Application relevant detail, defined in the API or a common list.",代码,与应用相关的详细代码，通常用于表示错误码或状态码。
bbox,A bounding box array that contains the geometry. The axes order follows the axes order of the geometry,边界框 (GeoJSON),GeoJSON标准格式：一个定义几何图形边界范围的坐标数组。
contactType,Type of the contact medium to qualify it like pro email / personal email. This is not used to define the contact medium used.,联系方式类型,对联系方式的分类，例如“工作邮箱”、“个人邮箱”。
partyOrPartyRole,0,参与方或角色,一个灵活的模型，既可以表示一个参与方（Party），也可以表示其扮演的角色（PartyRole）。
preferred,"If true, indicates that is the preferred contact medium",是否首选,一个布尔值，表明这是否是首选的联系方式。
externalReference,"List of identifiers of the Party in an external system, for example when party information is imported from a commerce system",外部引用,参与方在外部系统中的标识符列表。
partyCharacteristic,List of additional characteristics that a Party can take on.,参与方特征,参与方可以拥有的额外特征或属性列表。
taxExemptionCertificate,"List of tax exemptions granted to the party. For example, a war veteran might have partial exemption from state tax and a full exemption from federal tax",免税证明,授予参与方的免税证明信息列表。
creditRating,"List of credit profiles and scores for the party, typically received from an external credit broker",信用评级,参与方的信用评级和评分列表，通常来自外部信用机构。
reason,Explanation of the reason for the error which can be shown to a client user.,原因,对错误原因的解释说明，可以展示给客户端用户。
product,A list of product; A reference to the product whose consumption is managed by the bucket . This is an array to allow scenarios where a buckets are shared between different products; Collection of products; List of orders of a customer.; The list of products indirectly referred by this agreement item (since an agreement item refers primarily to product offerings); The partner product of revenue sharing,产品,与实体相关的产品实例列表或引用。
intent,0,意图,描述一个期望达成的目标状态或业务目的。
city,The city,城市,地址信息中的城市名称。
stateOrProvince,State or province,州/省,地址信息中的州或省份名称。
country,The country,国家,地址信息中的国家名称。
query,Used to scope the exported data,查询条件,用于限定导出数据范围的查询语句。
constraint,This is a list of constraint references applied to this specification,约束,应用于某个规约（Specification）的约束规则列表。
countryCode,"Country codes are short alphabetic or numeric geographical codes (geocodes) developed to represent countries and dependent areas, for use in data processing and communications. Several different systems have been developed to do this. The term country code frequently refers to ISO 3166-1 alpha-2 or international dialing codes, the E.164 country calling codes.",国家代码,代表国家或地区的短代码，通常指ISO 3166-1 alpha-2标准（两位字母代码）。
calendar,Collection of calendar items,日历,一组定义了可用性或计划的日历项。
siteRelationship,Collection of site siteRelationships,站点关系,描述地理站点之间关系的列表。
intentSpecification,0,意图规约,定义了意图（Intent）的模板或蓝图。
callback,The callback being registered.,回调地址,用于接收事件通知的回调URL。
otherName,List of other names by which this individual is known,曾用名/别名,个人已知的其他名称列表，例如婚前姓氏或艺名。
owner,Name of the external system that owns the entity.,所有者,拥有该实体的外部系统的名称。
tradingName,Name that the organization (unit) trades under,商号,组织用于商业交易的名称。
nameType,"Type of the name : Co, Inc, Ltd, etc.",名称类型,名称的类型，例如公司名称、法定名称等。
externalIdentifierType,"Type of the identification, typically would be the type of the entity within the external system",外部标识符类型,外部标识符的类型，通常对应外部系统中的实体类型。
streetName,Name of the street or other street type,街道名称,地址信息中的街道名称。
geographicSubAddress,Collection of sub addresses,子地址,地址内部更详细的部分，如公寓号、楼层号等。
locality,"An area of defined or undefined boundaries within a local authority or other legislatively defined area, usually rural or semi rural in nature. [ANZLIC-STREET], or a suburb, a bounded locality within a city, town or shire principally of urban character [ANZLICSTREET]",地区/区域,地址中比城市更小的行政区域，例如市辖区、郊区。
streetNr,Number identifying a specific property on a public street. It may be combined with streetNrLast for ranged addresses,门牌号,街道上的具体门牌号码。
productOffering,List of product offerings that are referred to by the category,产品目录 / 可销售产品,与实体（如分类）关联的可销售产品列表。
streetNrSuffix,the first street number suffix,门牌号后缀,门牌号的后缀，例如“A座”。
streetNrLast,Last number in a range of street numbers allocated to a property,门牌号范围结束值,当地址是一个范围时，这是范围的结束门牌号。
streetType,"alley, avenue, boulevard, brae, crescent, drive, highway, lane, terrace, parade, place, tarn, way, wharf ",街道类型,街道的类型，例如“路”、“大道”、“胡同”。
streetSuffix,A modifier denoting a relative direction,街道后缀,街道名称的后缀，通常表示方向，如“东段”。
streetNrLastSuffix,Last street number suffix for a ranged address,门牌号范围结束值后缀,范围地址中，结束门牌号的后缀。
geographicLocation,0,地理位置,使用坐标（如经纬度）描述一个对象的地理位置。
geographicAddressType,"Classification of the address, e.g., residential, industrial ",地理地址类型,地址的分类，例如“住宅地址”、“商业地址”或“邮寄地址”。
timeOcurred,The time the event occured.,发生时间,事件发生的具体时间点。
givenName,First name of the individual,名,个人的名字（First Name）。
familyName,Contains the non-chosen or inherited name. Also known as last name in the Western context,姓,个人的姓氏（Last Name）。
preferredGivenName,"Contains the chosen name by which the individual prefers to be addressed. Note: This name may be a name other than a given name, such as a nickname",偏好名 (昵称),个人希望被称呼的名字，可能是昵称或其他非正式名称。
middleName,Middles name or initial,中间名,个人的中间名或其首字母缩写。
generation,"e.g.. Sr, Jr, III (the third)",辈分 (代),姓名中的辈分或代际后缀，例如 Sr. (父)， Jr. (子)， III (三世)。
legalName,Legal name or birth name (name one has for official purposes),法定姓名,个人在官方文件上使用的法定姓名或出生姓名。
formattedName,"A fully formatted name in one string with all of its pieces in their proper place and all of the necessary punctuation. Useful for specific contexts (Chinese, Japanese, Korean)",格式化全名,一个将所有姓名部分按正确顺序和标点组合好的完整字符串，常用于特定文化背景（如中文、日文）。
relatedEntity,"An entity that is related to the ticket such as a bill, a product, etc. The entity against which the ticket is associated.",关联实体,与当前实体相关的另一个实体，例如与故障单相关的产品或账单。
specCharacteristic,List of characteristics that the entity can take,规约特征,实体可以拥有的一组特征，这些特征在对应的规约（Specification）中定义。
aristocraticTitle,"e.g. Baron, Graf, Earl",贵族头衔,姓名中的贵族或其他荣誉头衔，例如“男爵”、“伯爵”。
familyNamePrefix,Family name prefix,姓氏前缀,姓氏中的前缀部分，例如荷兰姓氏中的“van der”。
amount,"Time interval (number of seconds, minutes, hours, etc.)",数量/时长,一个数值，当与时间单位一起使用时，通常表示持续时长。
startDate,Is the date from which the product starts,开始日期,产品或服务开始生效的日期。
message,More details and corrective actions related to the error which can be shown to a client user.,消息/详情,对错误的详细解释以及建议的修正操作，可直接展示给用户。
expression,Expression language command,表达式,一段可供系统评估的表达式命令或脚本，用于实现动态逻辑。
statusChangeDate,The date and time the status changed.,状态变更日期,对象状态最后一次发生变更的日期和时间。
billingAccount,A reference to a billing account to provide quote context information ,计费账户,用于为报价单提供上下文信息的计费账户引用。
organizationType,"Type of Organization (company, department...)",组织类型,组织的类型，例如“公司”、“部门”、“非营利组织”。
isEnabled,True if this feature is enabled. Default is true.,是否启用,一个布尔值，表明某个功能当前是否已激活或启用。
policyConstraint,Reference to manage a list of feature specification policy constraints,策略约束,应用于某个功能规格的一组策略约束的引用。
isLegalEntity,"If value is true, the organization is a legal entity known by a national referential.",是否为法人实体,一个布尔值，表明一个组织是否为国家认可的法人实体。
organizationIdentification,"List of official identifiers given to the organization, for example company number in the registry of companies",组织标识,授予组织的官方标识列表，例如工商注册号。
targetEntitySchema,0,目标实体结构,描述目标实体的结构（Schema）和类型（Type）。
entitySpecRelationship,Relationship to another specification,实体规约关系,与另一个规约（Specification）的关系。
resourceSpecification,The ResourceSpecification is required to realize a ProductSpecification.,资源规约,实现一个产品规格（ProductSpecification）所需依赖的资源规约。
gender,Gender,性别,个人的性别。
existsDuring,0,存在时间段,实体存在或有效的生命周期时间段。
deathDate,Date of death,逝世日期,个人的逝世日期。
organizationChildRelationship,"List of organizations that are contained within this organization. For example if this organization is the Legal Department, the child organizations might include Claims, Courts, Contracts",子组织关系,该组织下属的子组织列表，例如“法务部”下可以有“合同组”。
maritalStatus,"Marital status (married, divorced, widow ...)",婚姻状况,个人的婚姻状况，例如“已婚”、“离异”。
nationality,Nationality,国籍,个人的国籍。
skill,List of skills exhibited by the individual,技能,个人所具备的技能列表。
organizationParentRelationship,0,父组织关系,该组织的上一级父组织，例如“市场部”的父组织是“总公司”。
isHeadOffice,"If value is true, the organization is the head office",是否为总部,一个布尔值，表明该组织是否为总部。
location,Temporary current location of the individual (may be used if the individual has approved its sharing),位置,个人的临时当前位置（需个人授权共享）。
disability,List of disabilities suffered by the individual,残障信息,个人所患有的残障情况列表。
languageAbility,List of national languages known by the individual,语言能力,个人所掌握的语言能力列表。
individualIdentification,"List of official identifications issued to the individual, such as passport, driving licence, social security number",个人标识,授予个人的官方身份证明列表，例如护照、驾照、社保号。
placeOfBirth,Reference to the place where the individual was born,出生地点,个人出生的地点引用。
productSpecification,Relationship to Product specification; The PartyRevSharingModel associated product specifications,产品规格,与实体（如产品、协议）关联的产品规格或模板。
birthDate,Birth date,出生日期,个人的出生日期。
productOrderItem,A list of order item references corresponded to this alert; A list of order item references corresponded to this error; A reference to the Product Order items that involved this Product.; An identified part of the order. A product order is decomposed into one or more order items.; Collection of product order items; Product Order Item,产品订单项,产品订单中的一个具体项目，描述了要对哪个产品执行何种操作（如新增、修改）。
productOfferingPrice,"An amount, usually of money, that is asked for or allowed when a ProductOffering is bought, rented, or leased. The price is valid for a defined period of time and may not represent the actual price paid by a customer.",产品价格,可销售产品（Product Offering）的定价信息，可能包含一次性、周期性及按量计费等多种价格。
countryOfBirth,Country where the individual was born,出生国家,个人出生的国家。
associationSpec,0,关联规约,定义实体间关联关系的规约或模板。
context,A string used to give a context to the intent,上下文,为意图（Intent）提供背景信息的字符串。
identificationType,"Identification type (passport, national identity card, drivers license, social security number, birth certificate)",标识类型,身份证明的类型，例如“护照”、“身份证”、“驾照”。
issuingDate,Date at which the identifier was issued,签发日期,身份证明的签发日期。
identificationId,Identifier,标识号码,身份证明上的唯一号码。
issuingAuthority,"Authority which has issued the identifier, such as: social security, town hall",签发机构,身份证明的签发机构，例如“公安局”、“社保局”。
path,URL of the root resource acting as the source for streaming content to the file specified by the export job,路径,作为数据导出源的根资源的URL。
parentSpecificationHref,Hyperlink reference to the parent specification containing the target characteristic,父规约链接,包含目标特征的父规约的URL链接。
parentSpecificationId,Unique identifier of the parent specification containing the target characteristic,父规约ID,包含目标特征的父规约的唯一ID。
referenceError,URI of documentation describing the error.,错误参考文档,指向描述该错误的文档的URL。
intentRelationship,A list of intents related to this intent,意图关系,与此意图相关的其他意图的列表。
channel,A list of sales channels in which this action is allowed; for instance Remove might be allowed only in an assisted channel not in a self-service channel,渠道,允许执行某个操作的销售渠道列表，例如某些操作可能只允许在人工渠道进行。
organization,0,组织,与实体相关的组织信息。
featureCharacteristic,This is a list of Characteristics for a particular feature.,功能特征,某个特定功能的特征或属性列表。
minCardinality,"The minimum number of instances a CharacteristicValue can take on. For example, zero to five phone numbers in a group calling plan, where zero is the value for the minCardinality.",最小基数,一个特征值可以拥有的最少实例数。
type,Type of promotion.The basic type is Award/Discount/Reduction. More types can be extended in future.,类型,促销活动的类型，例如“奖励”、“折扣”或“降价”。
featureRelationship,Collection of feature relationships,功能关系,描述不同功能之间的关系。
maxCardinality,"The maximum number of instances a CharacteristicValue can take on. For example, zero to five phone numbers in a group calling plan, where five is the value for the maxCardinality.",最大基数,一个特征值可以拥有的最多实例数。
siteFeature,Collection of site features,站点功能,地理站点的功能或设施列表，例如“有WiFi覆盖”。
siteCategory,Site classification/category.,站点分类,地理站点的分类，例如“数据中心”、“营业厅”。
priceType,"A category that describes the price, such as recurring, discount, allowance, penalty, and so forth.",价格类型,描述价格的类别，例如“一次性费用”、“周期性费用”、“折扣”、“罚金”等。
price,0,价格,价格的详细信息。
coordinates,0,坐标 (GeoJSON),GeoJSON标准格式：定义几何图形位置的坐标数组。
supportingResource,"A list of supporting resources (SupportingResource [*]). A collection of resources that support this resource (bundling, link ResourceSpecification)",支撑资源,支撑当前资源的一组其他资源，例如捆绑的资源。
date,Date of the note,日期,备注的创建日期。
agreementItem,Collection of agreement items that involves this Product.; Collection of agreements; The PartyRevSharingModelItemInvolvement associated agreement items; The items and clauses that make up the agreement,协议项,构成协议的具体条款或项目列表。
isUnique,"Specifies if the value of this characteristic is unique across all entities instantiated from the specification that uses this characteristc. For example, consider a ProductSpecification for a set-top box, with a CharacteristicSpecification cardID. Each set-top box must have a different value for cardID, so this isUnique attribute would be set to true for the characteristic.",是否唯一,一个布尔值，表明一个特征的值在所有实例中是否必须是唯一的（例如序列号）。
extensible,An indicator that specifies that the values for the characteristic can be extended by adding new values when instantiating a characteristic for a resource.,是否可扩展,一个布尔值，表明一个特征的值是否可以在实例化时进行扩展（添加新值）。
@valueSchemaLocation,This (optional) field provides a link to the schema describing the value type.,@值结构位置,一个可选的URL链接，指向一个定义该属性值（value）具体结构的文件。
characteristicValueSpecification,"A CharacteristicValueSpecification object is used to define a set of attributes, each of which can be assigned to a corresponding set of attributes in a CharacteristicSpecification object. The values of the attributes in the CharacteristicValueSpecification object describe the values of the attributes that a corresponding Characteristic object can take on.",特征值规约,定义了一个特征可以接受的值的规则，例如值的范围、单位或格式。
charSpecRelationship,"An aggregation, migration, substitution, dependency or exclusivity relationship between/among Specification Characteristics.",特征规约关系,描述不同特征规约之间的关系，如聚合、替代或依赖关系。
configurable,"If true, the Boolean indicates that the target Characteristic is configurable",是否可配置,一个布尔值，表明目标特征在实例化后是否可以被用户配置或修改。
characteristicSpecificationId,Unique identifier of the characteristic within the specification,特征规约ID,特征在所属规约内的唯一ID。
recurringChargePeriod,"Could be month, week...",周期性费用周期,周期性费用的计费周期，例如“月”、“周”、“年”。
orderDate,Is the date when the product was ordered,订购日期,产品被订购的日期。
resourceVersion,A field that identifies the specific version of an instance of a resource.,资源版本,标识一个资源实例的具体版本号。
action,The name of the action,动作,需要执行的动作名称。
format,"Standard/Regulatory definition identifier. e.g., ISO 3166-1",格式,标准或规范的定义标识符，例如 ISO 3166-1。
operationalState,0,操作状态/运行状态,资源的实际运行状态，由资源自身决定，例如enabled（可用）、disabled（不可用）。
startDateTime,"Start of the time period, using IETC-RFC-3339 format",开始日期时间,时间段的开始时间，遵循IETC-RFC-3339格式。
units,"Unit of time (seconds, minutes, hours, etc.)",单位,时间的单位，例如“秒”、“分钟”、“小时”。
endDateTime,"End of the time period, using IETC-RFC-3339 format",结束日期时间,时间段的结束时间，遵循IETC-RFC-3339格式。
text,Text of the note,文本内容,备注的具体文本内容。
author,Author of the note,作者,备注的创建者。
lifecycleState,The life cycle state of the document.,生命周期状态,文档的生命周期状态，例如“草稿”、“已发布”、“已归档”。
productRelationship,Collection of product relationships,产品关系,描述不同产品实例之间的关系列表。
terminationDate,Is the date when the product was terminated,终止日期,产品被终止服务的日期。
resourceStatus,0,资源状态,资源的复合状态，通常结合了管理状态、运行状态和使用状态。
endOperatingDate,A date time( DateTime). The date till the resource is operating,运行结束日期,资源停止运行的日期时间。
from,A string containing a JSON Pointer value.,来源路径 (JSON Patch),在JSON Patch操作中，用于move或copy操作的源路径。
op,The operation to be performed,操作 (JSON Patch),JSON Patch操作的类型，例如add、remove、replace。
usageState,0,使用状态,资源当前的使用情况，由资源使用者决定，例如idle（空闲）、active（活动）、busy（繁忙）。
resourceOrderItem,A list of resource order items related to this resource,资源订单项,与此资源相关的资源订单项列表。
startOperatingDate,A date time( DateTime). The date from which the resource is operating,运行开始日期,资源开始投入运行的日期和时间。
resourceCharacteristic,0,资源特征,描述一个资源实例具体特性的“名称-值”对列表。
resourceRelationship,0,资源关系,描述此资源与其他资源之间的关系列表。
activationFeature,Configuration features,激活特征,与产品或服务激活相关的配置特征。
administrativeState,0,管理状态,由管理员设置的资源状态，例如locked（锁定）、unlocked（解锁）、shuttingDown（关闭中）。
levelType,describes level types within a building,楼层类型,建筑物内楼层的类型，例如“楼层”、“地下室”。
privateStreetName,private streets internal to a property (e.g. a university) may have internal names that are not recorded by the land title office.,内部街道名称,物业内部（如大学校园）的私有道路名称。
buildingName,allows for buildings that have well-known names,建筑物名称,建筑物的名称，特别是那些有知名名称的建筑。
levelNumber,"used where a level type may be repeated e.g. BASEMENT 1, BASEMENT 2",楼层编号,楼层的编号，用于区分同一类型的多个楼层，例如“地下1层”、“地下2层”。
privateStreetNumber,private streets numbers internal to a private street,内部街道门牌号,内部私有道路上的门牌号码。
subUnit,"Representation of a SubUnit. It is used for describing subunit within a subAddress e.g. BERTH, FLAT, PIER, SUITE, SHOP, TOWER, UNIT, WHARF.",子单元,地址中子单元的表示，例如“公寓”、“套房”、“商铺”、“单元”等。
subUnitType,"The type of subunit e.g.BERTH, FLAT, PIER, SUITE, SHOP, TOWER, UNIT, WHARF, RACK",子单元类型,子单元的类型，例如“公寓”、“套房”、“商铺”等。
subAddressType,Type of subAddress : it can be a subunit or a private street,子地址类型,子地址的类型，可以是“子单元”或“内部街道”。
subUnitNumber,"The discriminator used for the subunit, often just a simple number but may also be a range.",子单元编号,子单元的编号或标识，可能是一个数字或一个范围。
realizingService,Collection of realizing services,实现服务,为客户实现（交付）某个产品所依赖的服务列表。
productSerialNumber,Is the serial number for the product. This is typically applicable to tangible products e.g. Broadband Router.,产品序列号,有形产品实例的唯一序列号，例如宽带路由器的SN码。
productTerm,Collection of product terms,产品条款,与产品相关的条款和条件列表。
productCharacteristic,Collection of product characteristics,产品特征,描述一个产品实例具体特性的“名称-值”对列表。
productPrice,Collection of product prices,产品价格,一个产品实例的价格信息列表，包括一次性、周期性费用等。
isCustomerVisible,"If true, the product is visible by the customer.",客户是否可见,一个布尔值，表明该产品是否应对客户可见。
realizingResource,Collection of realizing resources,实现资源,为交付某个服务所依赖的底层资源列表。
geographicSite,0,地理站点,与实体相关的地理站点信息，例如建筑物、数据中心。
completionDate,Data at which the job was completed,完成日期,任务或作业完成的日期和时间。
serviceSpecification,ServiceSpecification(s) required to realize a ProductSpecification.,服务规约,实现一个产品规格（ProductSpecification）所依赖的服务规约。
day,"Day where the calendar status applies (e.g.: monday, mon-to-fri, weekdays, weekend, all week, ...)",日期,日历状态适用的日期，例如“周一”、“工作日”、“周末”。
hourPeriod,Collection of hour intervals,小时时段,一天中适用特定状态的多个时间段。
iri,Internationalized Resource Identifier of the intent Expression,国际化资源标识符(IRI),意图表达式的国际化资源标识符。
timeZone,"Indication of the timezone applicable to the calendar information (e.g.: Paris, GMT+1)",时区,日历信息所适用的时区，例如“Asia/Shanghai”， “GMT+8”。
entity,"Input: A list of entities for which permission is being tested. For example, if Action is Update and Function is Customer, this could hold reference to specific customer to be updated. Or, if Action is Create and Function is ProductOffering, this could hold the entire entity, so that the permission could be checked against the line of business. Output: A list of entities for which permission is granted; List of entities to which permissions might apply.",实体,在权限检查中，指代需要被检查或已被授予权限的一个或多个具体对象。
targetProductSchema,0,目标产品结构,描述目标产品的结构（Schema）和类型（Type）。
geographicAddressRelationship,A list of geographic addresses relationships. Represents a relationship between geographic addresses,地理地址关系,地理地址之间的关系列表。
partyAccount,A reference to the account that owns the bucket,参与方账户,拥有资源桶（Bucket）的参与方账户的引用。
geoJson,0,GeoJSON对象,使用标准GeoJSON格式表示的地理对象。
usageType,"defines the type of the underlying Balance eg data, voice, any currency eg EUR, USD etc",用量类型,定义了余额的类型，例如“数据流量”、“语音通话”，或货币单位如“元”、“美元”。
certificateNumber,Identifier of a document that shows proof of exemption from taxes for the taxing jurisdiction,凭证编号,免税证明文件的标识编号。
issuingJurisdiction,Name of the jurisdiction that issued the exemption,签发辖区,签发免税证明的税务管辖区的名称。
taxDefinition,"A list of taxes that are covered by the exemption, e.g. City Tax, State Tax. The definition would include the exemption (e.g. for a rate exemption 0% would be a full exemption, 5% could be a partial exemption if the actual rate was 10%).",税收定义,免税证明所涵盖的税种列表，例如“市税”、“州税”。
taxRate,Applied rate of the tax,税率,实际应用的税率。
startHour,The time when the status starts applying,开始小时,状态开始生效的时间点（小时）。
expressionValue,"expression value is the ontology-encoded form of the Intent such as RDF-XML, Turtle, Json-LD,...",表达式值,意图（Intent）的本体论编码形式，例如RDF-XML， Turtle， Json-LD。
endHour,The time when the status ends applying,结束小时,状态结束生效的时间点（小时）。
serviceOrderItem,A list of service order items related to this service,服务订单项,与此服务相关的服务订单项列表。
taxType,Type of the tax.,税种,税收的类型，例如“增值税”、“消费税”。
jurisdictionName,Name of the jurisdiction that levies the tax,辖区名称,征税的税务管辖区的名称。
jurisdictionLevel,Level of the jurisdiction that levies the tax,辖区级别,征税的税务管辖区的级别，例如“国家级”、“省级”。
priceAlteration,a strucuture used to describe a price alteration,价格变更,用于描述对基础价格的修改，例如折扣、附加费等。
itemId,Id of an item of a product offering qualification,项目ID,产品可提供性资格查询中的项目ID。
bucket,A reference to the buckets involved in the aggregation,资源桶/流量包,与聚合计算相关的资源桶引用。
creditAgencyType,Type of the credit agency giving the score,信用机构类型,提供信用评分的机构类型。
policy,The Policy resource represents a policy/rule applied to ProductOffering.,策略,应用于产品目录（ProductOffering）的策略或规则。
creditScore,A measure of a person or organizations creditworthiness calculated on the basis of a combination of factors such as their income and credit history,信用评分,基于多种因素计算出的、衡量个人或组织信用的分数。
service,"Organization, platform or currency backing the wallet (e.g.: PayPal, Yandex, BitCoin…).",服务机构,为数字钱包提供支持的组织、平台或货币，例如“支付宝”、“微信支付”、“比特币”。
ratingReference,Reference corresponding to the credit rating,评级参考,与信用评级对应的参考信息。
creditAgencyName,Name of the credit agency giving the score,信用机构名称,提供信用评分的机构名称。
ratingScore,A measure of a party's creditworthiness calculated on the basis of a combination of factors such as their income and credit history,评级分数,衡量参与方信用的分数。
creditRiskRating,This is an integer whose value is used to rate the risk,信用风险评级,用于评估信用风险等级的整数值。
creditProfileDate,The date the profile was established,信用档案日期,信用档案建立的日期。
logicalResource,0,逻辑资源,与实体相关的逻辑资源信息。
policyEventRelationship,List of all Policy Events for which this Policy is triggered,策略事件关系,触发此策略的所有策略事件的列表。
featureSpecification,A list of Features for this specification.,功能规约,此规约包含的功能列表。
duration,0,持续时长,持续的时间长度。
quantity,Quantity ordered,数量,订购的数量。
relatedPlace,"Used to define a place useful for the resource. 
Used to indicate reserved resources.",关联地点,与资源相关的地点，例如预留资源的位置。
serviceCharacteristic,A list of characteristics that characterize this service (ServiceCharacteristic [*]) ,服务特征,描述一个服务实例具体特性的“名称-值”对列表。
serviceType,Business type of the service,服务类型,服务的业务类型。
endDate,Date when the service ends,结束日期,服务结束的日期。
isServiceEnabled,"If FALSE and hasStarted is FALSE, this particular Service has NOT been enabled for use - if FALSE and hasStarted is TRUE then the service has failed ",服务是否启用,表明服务是否已启用。若为false且服务已启动，则表示服务发生故障。
feature,A list of feature associated with this service ,功能,与此服务关联的功能列表。
hasStarted,"If TRUE, this Service has already been started",是否已启动,一个布尔值，表明服务是否已经启动。
startMode,"This attribute is an enumerated integer that indicates how the Service is started, such as: 0: Unknown; 1: Automatically by the managed environment; 2: Automatically by the owning device; 3: Manually by the Provider of the Service; 4: Manually by a Customer of the Provider; 5: Any of the above",启动模式,表明服务是如何启动的，例如自动启动或手动启动。
supportingService,"A list of supporting services (SupportingService [*]). A collection of services that support this service (bundling, link CFS to RFS)",支撑服务,支撑当前服务的一组其他服务，例如捆绑的服务。
serviceRelationship,A list of service relationships (ServiceRelationship [*]). Describes links with other service(s) in the inventory.,服务关系,描述此服务与库存中其他服务之间的关系。
isStateful,"If TRUE, this Service can be changed without affecting any other services",是否有状态,一个布尔值，表明此服务的变更是否会影响其他服务。
expressionLanguage,Defines expression language used to build expression; The serialized Expression language of the target intent.,表达式语言,定义用于构建表达式的语言；目标意图的序列化表达式语言。
targetResourceSchema,0,目标资源结构,描述目标资源的结构（Schema）和类型（Type）。
resourceSpecRelationship,"A migration, substitution, dependency or exclusivity relationship between/among resource specifications.",资源规约关系,资源规约之间的迁移、替代、依赖或排他关系。
resourceSpecCharacteristic,"A characteristic quality or distinctive feature of a ResourceSpecification.  The characteristic can be take on a discrete value, such as color, can take on a range of values, (for example, sensitivity of 100-240 mV), or can be derived from a formula (for example, usage time (hrs) = 30 - talk time *3). Certain characteristics, such as color, may be configured during the ordering or some other process.",资源规约特征,资源规约的一个特征或独特属性，其值可以是离散值、范围或公式计算结果。
digitalIdentity,0,数字身份,与实体相关的数字身份信息。
emailAddress,Full email address in standard format,邮箱地址,标准格式的完整电子邮箱地址。
phoneNumber,The phone number of the contact,电话号码,联系人的电话号码。
ratingType,Indicates whether the account follows a specific payment option such as prepaid or postpaid,付费类型,表明账户的付费类型，例如prepaid（预付费）或postpaid（后付费）。
percentage,Percentage to apply if this Product Offering Price is an Alteration (such as a Discount),百分比,当价格是一个变更（如折扣）时，应用的百分比。
orderItemAction,"Action of the order item for this unit of work
",订单项动作,此工作单元对应的订单项动作。
contact,"List of people who could be contacted regarding the account, for example the accountant who authorizes payments",联系人,与账户相关的联系人列表，例如财务人员。
orderItemId,Id of an item of a prduct order,订单项ID,产品订单中项目的ID。
agreementHref,Reference of the related entity.,协议链接,相关实体的引用链接。
agreementId,Unique identifier of a related entity.,协议ID,相关实体的唯一标识符。
agreementItemId,Id of an item of a Agreement,协议项ID,协议中项目的ID。
agreementName,Name of the related entity.,协议名称,相关实体的名称。
taxIncludedAmount,0,含税金额,包含了所有适用税费的总金额。
applicationDuration,Duration during which the alteration applies on the order item price (for instance 2 months free of charge for the recurring charge),应用时长,价格变更（如折扣）在订单项上应用的持续时间。
operatingStatus,0,运行状态,对象的实际运行状态。
geographicAddress,0,地理地址,与实体相关的地理地址信息。
featureCategory,Collection of feature category,功能分类,功能的分类集合。
isResultNegated,0,结果是否取反,一个布尔值，表明规则的评估结果是否需要取反。
accountType,"A categorization of an account, such as individual, joint, and so forth, whose instances share some of the same characteristics. Note: for flexibility we use a String here but an implementation may use an enumeration with a limited list of valid values.",账户类型,账户的分类，例如“个人账户”、“联名账户”。
orderId,Unique identifier of a related  Order.,订单ID,相关订单的唯一标识符。
creditLimit,0,信用额度,账户的信用额度。
itemAction,0,项目动作,需要对项目执行的操作。
taxExemption,List of tax exemptions that can be applied when calculating charges levied to the account.,税收豁免,应用于该账户费用计算的税收豁免规则列表。
faxNumber,The fax number of the contact,传真号码,联系人的传真号码。
accountRelationship,List of balances related to the account. For example a list of billing accounts that contribute to a financial account,账户关系,与该账户相关的余额关系列表，例如多个计费账户共同构成一个财务账户。
relatedContactMedium,"List of credential related contact mediums, such as credential-login-alias-email, credential-login-alias-phone.",关联联系方式,与凭证相关的联系方式列表，例如用作登录别名的邮箱或手机号。
orderHref,Reference of the related entity.,订单链接,相关实体的引用链接。
postCode,Postcode,邮政编码,地址信息中的邮政编码。
street1,Describes the street,街道1,描述街道的主要信息。
street2,Complementary street description,街道2,街道的补充描述信息。
serviceDate,Date when the service was created (whatever its status).,服务创建日期,服务被创建的日期，无论其当前状态如何。
comment,A free text comment linked to the evaluation done,备注/评论,与评估相关的自由文本备注。
payment,Payment reference; The payments related to this report item,支付,一次支付的引用；与此报告项相关的支付记录。
accountBalance,"List of balances for the account, for example regular postpaid balance, deposit balance, write-off balance.",账户余额,账户的余额列表，例如后付费常规余额、押金余额等。
errorMessage,A list of error message contains the error that caused the termination of ServiceQualification task.; A list of error message contains the error that caused the termination of the task.; A list of the error(s) associated to the Service Problem. This object is used for any asynchronous errors and error information to be shared with consumer.; the error(s) cause an order item status change,错误消息,导致任务（如资格查询、订单项处理）终止或失败的错误信息列表。
socialNetworkId,Identifier as a member of a social network,社交网络ID,个人在某个社交网络上的成员标识。
resource,0,资源,与实体相关的物理或逻辑资源。
conditionCombinationLogic,"Following combination logic is applied: 
 * anyOf - if ANY condition resolves to TRUE, end result is TRUE 
 * allOf - if ALL conditions resolves to TRUE, end result is TRUE 
 * oneOf - if exactly ONE condition resolves to TRUE, end result is TRUE 
 * none - if NONE condition resolves to TRUE, end result is TRUE",条件组合逻辑,多个条件组合时的逻辑，例如allOf（所有条件都满足）、anyOf（任一条件满足）。
financialAccount,0,财务账户,与实体相关的财务账户。
dutyFreeAmount,0,免税金额,金额中的免税部分。
condition,0,条件,策略规则中的条件部分。
statement,0,语句,策略中的一个具体语句。
documentSpecification,0,文档规约,与实体相关的文档规约（模板）。
policyActionRelationship,List of all Policy Actions which are executed when this Policy is processed,策略动作关系,当此策略被处理时，所有将被执行的策略动作的列表。
policyDomainRef,List of all Policy Domains for which this Policy is applicable,策略域引用,此策略适用的所有策略域的引用列表。
appointment,A reference to appointment(s) associated with this quote item; List of appointments of a customer.,预约,与客户或报价项关联的预约记录列表。
cancellationReason,Reason why the order is cancelled.,取消原因,订单被取消的原因。
actionExecutionStrategy,executionStrategy attribute defines the strategy to be used when executing the sequenced actions aggregated by this Policy,动作执行策略,定义当一个策略包含多个动作时，这些动作的执行策略。
usageSpecification,0,用量规约,与实体相关的用量规约（模板）。
sequencedActions,Defines how the ordering of the PolicyActions associated with this Policy is to be interpreted.,序列化动作,定义了策略中多个动作的执行顺序应如何解释。
statusDate,Date when the status was recorded,状态日期,状态被记录的日期。
agreementSpecification,0,协议规约,与实体相关的协议规约（模板）。
impactedBucket,A reference to the bucket impacted by the request or the value itself.,受影响的资源桶,在一次请求中受到影响的资源桶的引用或其完整信息。
requestor,0,请求者,操作的请求者。
executedAt,"Defines when will this action be triggered, before Policy calculation, or after what calculated PolicyEffect",执行时机,定义了策略动作的触发时机，例如在策略计算之前或之后。
user,Describes the user doing the action,用户,执行操作的用户。
authorizationCode,Authorization code retrieved from an external payment gateway that could be used for conciliation,授权码,从外部支付网关获取的授权码，可用于对账。
documentType,Name of the document type,文档类型,文档的类型名称。
unit,Currency (ISO4217 norm uses 3 letters to define the currency),单位/货币,单位，例如货币单位（遵循ISO 4217标准，如CNY， USD）。
documentRelationship,A collection of document elements,文档关系,一组文档元素。
contentType,The format of the exported data,内容类型,导出数据的格式。
errorLog,Path to file or stream where errors encountered during the job processing can be written,错误日志,用于写入作业处理过程中遇到的错误的日志文件或流的路径。
expirationDate,Date when the qualification response expires,到期日期,资格查询响应的失效日期。
purpose,0,目的,操作的目的或用途。
isPreferred,If the method is the preferred one by the owner. Typically used when querying for the payment methods of a specific customer or account,是否首选,一个布eln值，表明该支付方式是否为所有者的首选方式。
reserveBalance,0,预留余额,与实体相关的预留余额信息。
taxAmount,0,税额,金额中的税费部分。
statusChangeReason,The reason why the status changed.,状态变更原因,状态发生变更的原因说明。
expectedCompletionDate,Expected delivery date amended by the provider,预计完成日期,由服务提供商修正后的预计交付日期。
productOrder,List of product orders of a customer.,产品订单,客户的产品订单列表。
permissionSpecificationSet,0,权限规约集,与实体相关的权限规约集。
billStructure,0,账单结构,与实体相关的账单结构信息。
defaultPaymentMethod,0,默认支付方式,账户的默认支付方式。
paymentStatus,"The condition of the account, such as due, paid, in arrears.",支付状态,账户的支付状态，例如“欠费”、“已付清”。
loyaltyProgramMember,0,忠诚度计划会员,与客户关联的忠诚度计划会员信息。
paymentPlan,"A list of payment plans that are active or expired for the account, for example if the customer had difficulty in paying",付款计划,账户的有效或已过期的付款计划列表。
serviceRelationshipCharacteristic,0,服务关系特征,描述服务关系的一个具体特征。
productSpecificationRelationship,"A migration, substitution, dependency or exclusivity relationship between/among product specifications.",产品规格关系,产品规格之间的迁移、替代、依赖或排他关系。
billingPeriod,"A billing time period. It can be recurring, for example: week, month, quarter of year, year .",计费周期,计费的时间周期，可以是循环的，例如“周”、“月”、“季度”。
skillCode,Code of the skill,技能代码,技能的代码。
evaluatedLevel,Level of expertise in a skill evaluated for an individual,评估等级,个人某项技能的专业水平评估等级。
skillName,"Name of the skill, such as Java language",技能名称,技能的名称，例如“Java语言”。
writingProficiency,Writing proficiency evaluated for this language,写作熟练度,个人对某种语言的写作熟练度评估。
isFavouriteLanguage,A “true” value specifies whether the language is considered by the individual as his favourite one,是否为偏好语言,一个布尔值，表明该语言是否为个人偏好的语言。
fullName,"Full name flatten (first, middle, and last names)",全名,完整的姓名（名、中间名和姓的组合）。
languageCode,Language code (RFC 5646),语言代码,语言的代码（遵循RFC 5646标准）。
bucketSpecification,0,资源桶规约,与实体相关的资源桶规约（模板）。
serviceOrderHref,Reference of the related entity.,服务订单链接,相关实体的引用链接。
readingProficiency,Reading proficiency evaluated for this language,阅读熟练度,个人对某种语言的阅读熟练度评估。
languageName,Language name,语言名称,语言的名称。
speakingProficiency,Speaking proficiency evaluated for this language,口语熟练度,个人对某种语言的口语熟练度评估。
requestedDate,Date when the authorization is requested for,请求日期,请求授权的日期。
serviceOrderId,Unique identifier of a related entity.,服务订单ID,相关实体的唯一标识符。
disabilityName,Name of the disability,残障名称,残障的名称。
listeningProficiency,Listening proficiency evaluated for this language,听力熟练度,个人对某种语言的听力熟练度评估。
disabilityCode,Code of the disability,残障代码,残障的代码。
@vocab,Used to expand properties and values in @type with a common prefix IRI,@词汇表 (JSON-LD),用于定义一个默认的前缀IRI，以简化JSON-LD文档中属性和值的书写。
@reverse,Used to express reverse properties.,@反向属性 (JSON-LD),用于表示反向关系，即从目标节点指向源节点的关系。
@container,Used to set the default container type for a term.,@容器 (JSON-LD),用于为某个术语设置默认的容器类型，例如数组或集合。
@list,Used to express an ordered set of data.,@列表 (JSON-LD),用于表示一个有序的数据集合（数组）。
@base,Used to set the base IRI against which relative IRIs are resolved,@基地址 (JSON-LD),用于为JSON-LD文档中的相对IRI（链接）提供一个基础解析地址。
@context,Used to define the short-hand names that are used throughout a JSON-LD document.,@上下文 (JSON-LD),用于定义整个JSON-LD文档中使用的术语（短名称）与其对应的IRI（完整链接）之间的映射。
@language,Used to specify the language for a particular string value or the default language of a JSON-LD document.,@语言 (JSON-LD),用于为某个字符串值指定语言，或为整个文档设置默认语言。
@value,Used to specify the data that is associated with a particular property in the graph.,@值 (JSON-LD),用于指定与图中某个特定属性关联的数据值。
@id,Used to uniquely identify things that are being described in the document with IRIs or blank node identifiers.,@ID (JSON-LD),用于通过IRI（链接）或空白节点标识符来唯一地标识文档中描述的事物。
@graph,Used to express a graph.,@图 (JSON-LD),用于表示一个由节点和边组成的图谱。
usageCharacteristic,A list of characteristics that characterize this Service Usage (usageCharacteristic [*]) ,用量特征,描述一次服务使用量的具体特征列表。
trackingRecord,List of tracking records that allow the tracking of modifications on the problem.The tracking records should not be embedded in the problem to allow retrieving the problem without the tracking records,跟踪记录,允许跟踪问题修改历史的记录列表。
@set,Used to express an unordered set of data and to ensure that values are always represented as arrays.,@集合 (JSON-LD),用于表示一个无序的数据集合，并确保值始终以数组形式表示。
instantSyncQualification,"A previous indicator which when the value is ""true"" means that requester expects to get qualifcation result immedi3ately in the response. If the indicator is true (or by default now without it) then the response code of 200 indicates the operation is successful otherwise a task is created with a response 201. For asynchronous, this attribute is now replaced by the header request ""Expect: 202-Accepted""",即时同步资格查询,（旧版）一个布尔值，为true时表示请求方期望立即在响应中获得资格查询结果。现已由HTTP头Expect: 202-Accepted替代。
targetPolicyEffect,"If underlying PolicyCondition resolves to TRUE, denotes target effect of a PolicyRule. If PolicyCondition is not resolved, then Policy effect is marked INDETERMINATE. If Policy is not run at all (because of Policy Constraints), then Policy effect is marked NOT_APPLICABLE.",目标策略效果,当策略条件为真时，策略规则期望达到的效果，通常是“允许”（Permit）或“拒绝”（Deny）。
operatingStatusContextUpdate,0,运行状态上下文更新,关于运行状态的上下文更新信息。
combiningAlgorithm,"defines a procedure for arriving at the result given the individual results of PolicyRule evaluations: 
 * DenyOverrides - if a Policy element is encountered that evaluates to DENY, then, regardless of the evaluation result of the other Policy elements, the combined result is DENY. 
 * PermitOverrides - if a Policy element is encountered that evaluates to PERMIT, then, regardless of the evaluation result of the other Policy elements, the combined result is PERMIT. 
 * FirstApplicable - the combined result is the same as the result of successfull evaluating the first Policy. 
 * OnlyOneApplicable - The result of this combining algorithm ensures that one and only one Policy is applicable by virtue of their targets.  If no Policy applies, then the result is NOT_APPLICABLE, but if more than one Policy is applicable, then the result is INDETERMINATE.  When exactly one Policy is applicable, the result of the combining algorithm is the result of that Policy. 
 * DenyUnlessPermit - intended for those cases where a PERMIT decision should have priority over a DENY decision, and an INDETERMINATE or NOT_APPLICABLE must never be the result. 
 * PermitUnlessDeny - intended for those cases where a DENY decision should have priority over a PERMIT decision, and an INDETERMINATE or NOT_APPLICABLE must never be the result.",组合算法,定义了当一个策略集包含多个规则时，如何根据单个规则的评估结果得出最终组合结果的算法。
isBilled,Boolean indicating if usage have been billed or not,是否已计费,一个布尔值，表明该笔用量是否已经被计费出账。
promotion,List of promotions of a customer.,促销活动,客户可参与的促销活动列表。
confirmationDate,Date when the deduction was confirmed in the server,确认日期,扣款在服务器端被确认的日期。
resolver,Specification of a varaible resolver,解析器,策略变量解析器的规约。
policyEventType,List of PolicyEvent types,策略事件类型,策略事件的类型列表。
permissionSpecification,List of permission specifications in this set,权限规约,此权限集包含的权限规约列表。
policyConditionRefOrValue,0,策略条件引用或值,包含了策略条件引用或其完整信息的灵活模型。
policyRelationship,List of all Policies that need to be executed,策略关系,需要被执行的所有策略的列表。
actualCost,Represents the actual cost of the closed loop activity.,实际成本,闭环活动所发生的实际成本。
loyaltyAccount,List of loyalty account of a customer.,忠诚度账户,客户的忠诚度账户（如积分账户）列表。
metricHref,Hyperlink to access a metric for detail information,指标链接,用于访问指标详细信息的URL链接。
quote,List of quoate of a customer.; Work Order Quote Reference,报价单,客户的报价单列表；工单相关的报价单引用。
requestedCompletionDate,Requested delivery date from the requestor perspective,期望完成日期,请求者期望的交付日期。
requestedStartDate,"Order fulfillment start date wished by the requestor. This is used when, for any reason, requestor cannot allow seller to begin to operationally begin the fulfillment before a date. ",期望开始日期,请求者希望订单开始履行的日期。
externalId,Can be used to pass the internal identifier of the order in the Channel Partner system.; External reference known by the Partner; ID given by the consumer and only understandable by him (to facilitate his searches afterwards),外部ID,对象在外部系统或合作伙伴系统中的标识符，用于跨系统关联和查找。
catalogType,"Type of this Catalog, like Product, Service, Resource etc.",目录类型,目录的类型，例如“产品目录”、“服务目录”、“资源目录”。
isRoot,"If true, this Boolean indicates that the category is a root of categories",是否为根分类,一个布尔值，表明该分类是否为顶级（根）分类。
captureMethod,The method used to capture the Metrics (This may be replaced by a set of entities similar to the Performance Monitoring Ref),采集方法,用于采集指标（Metric）的方法。
metricName,The name of the metric,指标名称,指标的名称。
balanceType,"Type of the balance : deposit balance, disputed balance, loyalty balance, receivable balance...",余额类型,余额的类型，例如“押金余额”、“争议余额”、“忠诚度余额”、“应收余额”。
metricDescription,Brief description of the metric,指标描述,指标的简要描述。
brand,The manufacturer or trademark of the specification,品牌,规约（Specification）所对应的制造商或商标。
group,0,分组,相关的对象分组。
riskAssessmentResult,0,风险评估结果,风险评估的结果。
credential,A list of credential/authentification method that are used for this digital identity.,凭证,此数字身份使用的凭证或认证方法列表。
plannedStart,Represents the scheduled date-time to start a activity for a closed loop.,计划开始时间,为闭环活动安排的计划开始日期和时间。
plannedEnd,Represents the scheduled date-time to end a activity for a closed loop.,计划结束时间,为闭环活动安排的计划结束日期和时间。
stateReason,List of human readable reasons fot the current state of the check product configuration computation (e.g.: Configured product is missing a characteristic value 'Bandwidh').,状态原因,对当前状态的人性化原因说明列表，例如“产品配置缺少带宽特征值”。
loyaltyProgramProduct,0,忠诚度计划产品,与实体相关的忠诚度计划产品。
tax,An amount of money levied on the price of a Product by a legislative body.,税费,由立法机构对产品价格征收的款项。
featureId,Unique identifier of the target feature specification.,功能ID,目标功能规约的唯一标识符。
featureSpecCharacteristic,This is a list of characteristics for a particular feature,功能规约特征,特定功能的特征或属性列表。
featureSpecRelationship,"A dependency, exclusivity or aggratation relationship between/among feature specifications.",功能规约关系,功能规约之间的依赖、排他或聚合关系。
variable,0,变量,在策略或规则中使用的变量。
termOrCondition,List of terms and conditions for this clause.,条款,此条款包含的具体条款和条件列表。
resourceRelationshipCharacteristic,0,资源关系特征,描述资源关系的一个具体特征。
partyRole,0,参与方角色,与实体相关的参与方角色。
resourceOrderHref,Reference of the related entity.,资源订单链接,相关实体的引用链接。
resourceOrderId,Unique identifier of a related entity.,资源订单ID,相关实体的唯一标识符。
body,The body of the request. For example for an HTTP request might contain content of a form .,消息体,请求的主体内容，例如HTTP请求中的表单内容。
affectedService,Provides list of affected services.,受影响的服务,受事件影响的服务列表。
numberRelOfferUpperLimit,The maximum total number of instances of the child offerings directly of hierarchically in the group that should be instantiated,关联目录实例数上限,在组合产品中，子产品实例总数的最大值。
numberRelOfferLowerLimit,The minimum total number of instances of the child offerings directly of hierarchically in the group that should be instantiated,关联目录实例数下限,在组合产品中，子产品实例总数的最小值。
isShared,True if the bucket is shared between several devices or users,是否共享,一个布尔值，表明一个资源桶（Bucket）是否在多个设备或用户间共享。
costRelationship,A list of cost relationships (CostRelationship [*]). Describes links with other cost(s).,成本关系,描述与其他成本记录之间关系的列表。
remainingValueName,Remaining amount in a formatted string for the bucket given in the balance unit (for example 1.9 Gb). This formatted string could be used for display needs for example,剩余值(格式化),资源桶中剩余量的格式化字符串，用于界面展示，例如“1.9 Gb”。
requestedCancellationDate,Date when the submitter wants the order to be cancelled,期望取消日期,提交者希望订单被取消的日期。
bucketCounter,0,资源桶计数器,资源桶中的计数器信息。
cancellationDate,Date when the order is cancelled. This is used when order is cancelled. ,取消日期,订单被取消的日期。
bucketRelationship,0,资源桶关系,资源桶之间的关系。
channelPartner,0,渠道合作伙伴,与实体相关的渠道合作伙伴。
frequency,Frequency of the billing cycle (monthly for instance),频率,计费周期的频率，例如“每月”。
resourceUsage,Relationship to resource usage,资源使用量,与实体相关的资源使用量。
allowedAction,List of actions that can be executed (in context of a product order) on products instantiated from this offering,允许的动作,在产品订单上下文中，对此产品目录的实例允许执行的操作列表。
usageDate,Date of usage,使用日期,用量发生的日期。
totalAmount,0,总金额,总计金额。
performanceIndicatorSpecification,0,性能指标规约,与实体相关的性能指标规约（模板）。
serviceUsage,Relationship to service usage,服务使用量,与实体相关的服务使用量。
bundledProductOffering,"Child offerings, from which instances can be created as direct or hierarchically indirect children of the parent offering.",组合产品目录项,组合产品（套餐）中包含的子产品目录。
document,0,文档,与实体相关的文档。
sku,This is a string that defines the manufacturer-allocated Stock Keeping Unit (SKU) number of the hardware item. This is an optional attribute.,库存单位(SKU),制造商分配的库存单位（SKU）编号，用于唯一标识硬件项目。
bundledGroupProductOffering,"Child groups of product offerings, to enable hierarchical sub-grouping.",组合产品目录组,组合产品中的子分组，用于实现层级化的产品结构。
troubleTicket,A list of trouble tickets associated with this problem.; List of trouble tickets for a customer.,故障单,与问题（Problem）或客户关联的故障单列表。
sourceHref,The monitored resource href,来源链接,被监控资源的URL链接。
response,0,响应,请求的响应内容。
header,"Items included in the header of the request. For example for an HTTP request might contain requested locale, basic authentication.",消息头,请求头中包含的项目，例如语言区域、认证信息。
request,0,请求,请求的详细信息。
isTaxExempt,Indicates if the rated amount is exempt of tax,是否免税,一个布尔值，表明经过计费（批价）的金额是否免税。
taxIncludedRatingAmount,0,含税计费金额,包含税费的计费金额。
taxExcludedRatingAmount,0,不含税计费金额,不包含税费的计费金额。
ratingDate,Date of usage rating,计费日期,用量被计费（批价）的日期。
measurementCollectionJob,0,度量采集任务,与实体相关的度量采集任务。
ratingAmountType,Type of amount,金额类型,金额的类型。
agreementPeriod,0,协议周期,协议的有效周期。
agreementType,The type of the agreement. For example commercial,协议类型,协议的类型，例如“商业协议”。
productNumber,An identification number assigned to uniquely identity the specification,产品编号,用于唯一标识一个规约（Specification）的编号。
productSpecCharacteristic,"A characteristic quality or distinctive feature of a ProductSpecification.  The characteristic can be take on a discrete value, such as color, can take on a range of values, (for example, sensitivity of 100-240 mV), or can be derived from a formula (for example, usage time (hrs) = 30 - talk time *3). Certain characteristics, such as color, may be configured during the ordering or some other process.",产品规格特征,产品规格的一个特征或独特属性，其值可以是离散值、范围或公式计算结果。
paymentDueDateOffset,An offset of a payment due date. The offset is expressed as number of days with regard to the start of the BillingPeriod.,付款到期日偏移量,相对于计费周期开始日的付款到期日偏移天数。
mailingDateOffset,An offset of a customer bill mailing date. The offset is expressed as number of days with regard to the start of the BillingPeriod.,邮寄日期偏移量,相对于计费周期开始日的客户账单邮寄日期偏移天数。
billingDateShift,An offset of a billing/settlement date. The offset is expressed as number of days with regard to the start of the billing/settlement period.,计费日期偏移,相对于计费周期开始日的计费日期偏移天数。
creditDateOffset,An offset of a date through which credits previously received by the billing system will appear on the bill. The offset is expressed as number of days with regard to the start of the BillingPeriod.,贷项日期偏移量,贷项出现在账单上的截止日期，相对于计费周期开始日的偏移天数。
taxCategory,Tax category,税收分类,税收的分类。
bundledProductSpecification,A type of ProductSpecification that belongs to a grouping of ProductSpecifications made available to the market. It inherits of all attributes of ProductSpecification.,组合产品规格,一种属于产品组合的产品规格，继承了产品规格的所有属性。
chargeDateOffset,An offset of a date through which charges previously received by the billing system will appear on the bill. The offset is expressed as number of days with regard to the start of the BillingPeriod.,费用日期偏移量,费用出现在账单上的截止日期，相对于计费周期开始日的偏移天数。
resourceCandidate,List of resource candidates accessible via this category,资源候选,可通过此分类访问的资源候选列表。
period,0,周期,时间周期。
closedLoop,0,闭环,与实体相关的闭环流程。
specificationCharacteristic,"List of characteristics that are relevant for evaluating the permission. For example, if the permission relates to granting an ad-hoc order price reduction, a characteristic might be defined for the maximum allowed reduction.",规约特征,用于评估权限的相关特征列表。
targetApplication,0,目标应用,目标应用信息。
offerTariffType,Type of tariff applied,资费类型,应用的资费类型。
rating,"Identifies the potential of a salesLead for becoming a sale. Usual ratings for qualified leads are: hot, warm, cold.",评级,标识一个销售线索的成交潜力，通常评级为“热”、“温”、“冷”。
agreementAuthorization,A list of signatures or other authorizations that constitute approval by the relevant parties,协议授权,构成相关方批准的签名或其他授权的列表。
effectiveQualificationDate,Effective date to serviceQualification completion,资格查询生效日期,服务资格查询完成的生效日期。
fileTransferData,0,文件传输数据,文件传输的相关数据。
dataAccessEndpoint,0,数据访问端点,数据访问端点的相关信息。
initialDate,Date at which the agreement was initialized,初始日期,协议初始化的日期。
egressPoint,0,出口点,网络或流程的出口点。
money,0,货币金额,货币金额信息。
createDate,Date and time when the detail was created,创建日期,详情被创建的日期和时间。
relatedDocument,"Documents related to the agreement, suc as signed off contract",关联文档,与协议相关的文档，例如已签署的合同。
entityType,"The type of entity in the group, equivalent to @type in the entity definition. Must be a top-level managed entity. The filter expression is applied to this entity type.",实体类型,资产组中的实体类型，与实体定义中的@type等效。
estimatedRevenue,0,预计收入,预计产生的收入。
informationRequired,0,需要补充信息,需要补充的信息项。
parentProblem,The parent problem to which this problem is attached.,父问题,此问题所附属的父问题。
shippingInstruction,0,发货指令,发货的具体操作指示。
plannedTenure,0,计划任期,计划的任期或持续时间。
scheduleDefinition,0,计划定义,计划的详细定义。
manufactureDate,This is a string attribute that defines the date of manufacture of this item in the fixed format "dd/mm/yyyy". This is an optional attribute.,生产日期,物品的生产日期，格式为 "dd/mm/yyyy"。
taskFlow,A list of taskflow related to this processFlow,任务流,与此流程（ProcessFlow）相关的任务流列表。
productOfferingTerm,"A condition under which a ProductOffering is made available to Customers. For instance, a productOffering can be offered with multiple commitment periods.",产品目录条款,客户获取某个可销售产品（Product Offering）时所需遵守的条件，例如不同的合约期。
serviceCandidate,List of service candidates associated with this category,服务候选,与此分类关联的服务候选列表。
minimumQuantity,"The minimum number of the related resource that should be instantiated, for example a rack must have at least 1 card",最小数量,相关资源应被实例化的最少数量，例如一个机架必须至少有1块板卡。
capacitySpecification,defines the characteristics of Capacities measured in quantity and units of quantity over an extended period.,容量规约,定义了在一段时间内测量的容量特征，包括数量和单位。
marketSegment,"provides references to the corresponding market segment as target of product offerings. A market segment is grouping of Parties, GeographicAreas, SalesChannels, and so forth.",细分市场,指向产品目录的目标细分市场，细分市场是参与方、地理区域、销售渠道等的组合。
prodSpecCharValueUse,"A use of the ProductSpecificationCharacteristicValue by a ProductOffering to which additional properties (attributes) apply or override the properties of similar properties contained in ProductSpecificationCharacteristicValue. It should be noted that characteristics which their value(s) addressed by this object must exist in corresponding product specification. The available characteristic values for a ProductSpecificationCharacteristic in a Product specification can be modified at the ProductOffering level. For example, a characteristic 'Color' might have values White, Blue, Green, and Red. But, the list of values can be restricted to e.g. White and Blue in an associated product offering. It should be noted that the list of values in 'ProductSpecificationCharacteristicValueUse' is a strict subset of the list of values as defined in the corresponding product specification characteristics.",产品规格特征值用途,允许在可销售产品（Product Offering）层面，覆写或限制其底层产品规格中定义的特征值。例如，规格定义颜色可选“红绿蓝”，但在某个销售产品中限制为只能选“红蓝”。
defaultQuantity,"The default number of the related resource that should be instantiated, for example a rack would typically have 4 cards, although it could support more.",默认数量,相关资源应被实例化的默认数量，例如一个机架通常默认配置4块板卡。
maximumQuantity,"The maximum number of the related resource that should be instantiated, for example a rack supports a maximum of 16 cards",最大数量,相关资源可被实例化的最大数量，例如一个机架最多支持16块板卡。
bill,The bills related to this report item,账单,与此报告项相关的账单。
searchCriteria,0,搜索标准,用于搜索操作的标准或条件。
statementOfIntent,An overview and goals of the Agreement,意向声明,协议的概述和总体目标。
ingressPoint,0,入口点,网络或流程的入口点。
plannedCost,Represents the budgeted cost of the closed loop activity.,计划成本,闭环活动的预算成本。
activityRelationship,0,活动关系,描述不同活动之间的关系。
agreementRelationship,Points to other agreements that may be related to this agreement,协议关系,指向与此协议相关的其他协议。
itemPrice,Price per item,项目单价,每个项目的价格。
productOrderItemId,Identifier of a product order item. ,产品订单项ID,产品订单项的唯一标识符。
notificationContact,Contact attached to the order to send back information regarding this order,通知联系人,订单上附加的联系人，用于接收订单相关的通知信息。
ProductOrderHref,Reference of the related ProductOrder.,产品订单链接,相关产品订单的URL引用。
serialNumber,This is a string that represents a manufacturer-allocated number used to identify different instances of the same hardware item. The ModelNumber and PartNumber attributes are used to identify different types of hardware items. This is a REQUIRED attribute.,序列号(SN),制造商分配的、用于区分同一类型硬件不同实例的唯一编号。
powerState,"This defines the current power status of the hardware item. Values include:

  0:  Unknown
  1:  Not Applicable
  2:  No Power Applied
  3: Full Power Applied
  4:  Power Save - Normal
  5:  Power Save - Degraded
  6:  Power Save - Standby
  7:  Power Save - Critical
  8:  Power Save - Low Power Mode
  9:  Power Save - Unknown
 10: Power Cycle
 11: Power Warning
 12: Power Off",电源状态,硬件当前的电源状态，例如“未知”、“未通电”、“全功率”、“省电模式”等。
productOrderId,Unique identifier of a refered product order.,产品订单ID,被引用的产品订单的唯一标识符。
placeTo,0,目的地,目的地地点。
placeFrom,0,出发地,出发地地点。
versionNumber,This is a string that identifies the version of this physical resource. This is an optional attribute.,版本号,标识此物理资源实例的版本字符串。
productOrderItemRelationship,Collection of order items relationships in the Open Gateway context.,产品订单项关系,Open Gateway场景下，产品订单项之间的关系集合。
quoteItem,A quote items describe an action to be performed on a productOffering or a product in order to get pricing elements and condition.; A structure to embedded quote item within quote item,报价项,报价单中的一个具体项目，描述了为获取价格而需对产品执行的动作。
remainingValue,0,剩余值,资源桶中的剩余量。
approvedProductOfferingTermOrCondition,Approved Terms or Conditions of the ProductOffering.,已批准的产品目录条款,已被批准的产品目录（Product Offering）的条款和条件。
reservedValue,0,预留值,资源桶中被预留的量。
bestAccuracy,The best accuracy is the wished accuracy of the location in the response.,最佳精度,响应中期望达到的最佳位置精度。
exception, The exception associated with this jeopardy alert,异常,与此风险告警相关的异常信息。
jeopardyType,"A string represents the type of jeopardy/risk like Normal, Hazard, Critical, ...",风险类型,表示风险类型的字符串，例如“普通”、“危险”、“严重”。
serviceProblem,List of service problems of a customer.,服务问题,客户的服务问题列表。
alertDate,A date time( DateTime). The date that the alert issued,告警日期,告警发出的日期和时间。
item,0,项目/条目,列表中的一个具体项目。
trustLevel,A level of assurance associated with this credential - this could be used to limit/allow specific permission based on this trust level.,信任级别,与凭证关联的可信度等级，可用于限制或允许特定权限。
alarmChangedTime,"Indicates the last date and time when the alarm is changed on the alarm-owning system. Any change to the alarm whether coming from the alarmed resource, or triggered by a change from the client is changing this time.",告警变更时间,告警在所属系统上最后一次发生变更的日期和时间。
ackSystemId,Name of the acknowledging system,确认系统ID,确认告警的系统的名称。
ackUserId,Name of the acknowledging user,确认用户ID,确认告警的用户的名称。
alarmPattern,Alarm patterns to match target alarms. An alarm will match if all of the attributes in any of the patterns compare equal to those attributes of the alarm.,告警模式,用于匹配目标告警的模式。如果一个告警的所有属性都与模式中的任一模式相匹配，则匹配成功。
parentAlarm,Provides list of parrent Alarms.,父告警,此告警的父告警列表。
correlatedAlarm,Provides list of correlated Alarms.,关联告警,与此告警相关的其他告警列表。
time,Describes the time at which the action was done,时间,动作完成的时间。
expectedQualificationDate,A date (DateTime). Deadline date when the requester expected a qualification answer.,期望资格查询日期,请求者期望得到资格查询答复的截止日期。
provideAlternative,When the value is TRUE means that alternative solutions should be provided,提供备选方案,一个布尔值，为true时表示应提供备选解决方案。
signatureRepresentation,Indication that represents whether the signature is a physical paper signature or a digital signature.,签名形式,表明签名是实体纸质签名还是数字签名。
indicatorUnit,"The unit by which the indicator is measured. For example, seconds, KBs, rate per second, etc.",指标单位,指标的度量单位，例如“秒”、“KB”、“次/秒”。
systemId,Describes the system Id from which the action was done,系统ID,执行动作的系统的ID。
numberOfAllowedCrossing,"The number of allowed crossing occurrences in reference to the 
tolerancePeriod without a consequence being initiated.",允许的越限次数,在一个容忍周期内，允许的阈值穿越次数。超过此次数将触发相应后果。
thresholdRuleSeverity,"A threshold can be generated in different severity levels. A 
crossing for each level may require a different condition and possibly trigger a different consequence.",阈值规则严重性,阈值可以有不同的严重性等级，每个等级的穿越可能需要不同的条件并触发不同的后果。
conformanceTargetExact,"To cater for values that are not numerical test metrics (e.g. a DSL line can be Synchronised or Unsynchronised. If the latter, the test should result in a rule violation).The allowed value can contain a REGEX expression.",精确符合目标,用于非数值型指标的精确匹配目标值，例如一条DSL线路的状态可以是“同步”或“未同步”。
tolerancePeriod,0,容忍周期,在触发后果之前，可以容忍阈值穿越持续的时间段。
conformanceComparatorExact,"An operator that when applied on a value specifies whether it 
is the same target value or not. This operator is used to compare with the conformanceTargetExact if used.",精确符合比较符,用于与conformanceTargetExact目标值进行比较的操作符（通常是“等于”或“不等于”）。
conformanceComparatorUpper,"An operator that when applied on a value specifies whether a 
threshold is crossed or ceased to be crossed. This operator is used to compare with the conformanceTargetUpper if used.",上限比较符,用于与conformanceTargetUpper上限值进行比较的操作符（如 >、>=），以判断是否越过阈值。
conformanceTargetLower,"A value used to determine if the threshold is crossed or ceases 
to be crossed. It represents the lower limit. The value should be less than the conformanceTargetUpper if used. The conformance comparators should also be logically defined so as to not lead to a logically impossible condition.",下限目标,用于判断阈值是否被穿越的下限值。
qualificationItemRelationship,A list of qualification item relationships used to describe relationship between serviceQualification item from the same serviceQualification.,资格查询项关系,描述同一次服务资格查询中不同查询项之间的关系。
granularity,Indicates the granularity at which the indicator is evaluated for threshold crossing,粒度,评估指标是否越过阈值的时间粒度。
repeatAction,"An indicator used to specify that a consequence should cease 
being applied if a value is in the same range as the previous value or continue being applied if a value is in the same range as the previous value.  
If the repeatAction is True, if the consequence is always applied as soon as the MetricMeasure value is in the range of values and if the repeatAction is False, the consequence is applied only if the previous MetricMeasure value was not in the same range.",重复动作,一个布尔值，用于指定当指标值连续保持在同一越限范围时，是否应重复触发后果。
conformanceComparatorLower,"An operator that when applied on a value specifies whether a 
threshold is crossed or ceased to be crossed. This operator is used to compare with the conformanceTargetLower if used.",下限比较符,用于与conformanceTargetLower下限值进行比较的操作符（如 <、<=），以判断是否越过阈值。
milestoneDate,A date time( DateTime). The date that the milestone happens,里程碑日期,里程碑事件发生的日期和时间。
bundledProductOfferingOption,0,组合产品选项,组合产品（套餐）中的选项。
troubleTicketSpecification,0,故障单规约,与实体相关的故障单规约（模板）。
isSelected,A flag indicating whether the action is selected in the current product configuration.,是否已选择,一个布尔值，表明该动作在当前产品配置中是否被选中。
conformanceTargetUpper,"A value used to determine if the threshold is crossed or ceases 
to be crossed. It represents the Upper limit. The value should be greater than the conformanceTargetLower if used. The conformance comparators should also be logically defined so as to not lead to a logically impossible condition.",上限目标,用于判断阈值是否被穿越的上限值。
bundledProductUsage,Relationship to Product Usage in bundle,组合产品用量,在组合产品中，与产品用量的关系。
ratedProductUsage,0,已计费产品用量,与实体相关的已计费产品用量。
function,"The function to which the action applies, could be an entity class name, in which case the action defines permission to read or modify these entities. E.g. Read ProductOffering. Alternatively, the function is an agreed string that reflects a specific functionality to which access is controlled, such as giving an ad-hoc price reduction in a product order.",功能/作用对象,权限所适用的功能或实体，例如“读取ProductOffering”，或某个特定功能如“应用折扣”。
vendor,"This is a string that defines the name of the manufacturer. This, in combination with the Model and the Part, identify different types of hardware items. The SerialNumber can then be used to differentiate between different instances of the same type of hardware item. This is a REQUIRED attribute for a physical resource.",厂商,硬件的制造商名称。
salesOpportunity,0,销售机会,与实体相关的销售机会。
part,"This is a string that defines a manufacturer-allocated part number assigned by the organization that manufactures the hardware item. This, in combination with the Model and the Vendor, identify different types of hardware items. The SerialNumber can then be used to differentiate between different instances of the same type of hardware item. This is a REQUIRED attribute.",部件号,制造商分配的部件编号。
sourceSystemId,Source system identity.,源系统ID,源系统的身份标识。
closedLoopGoal,0,闭环目标,与实体相关的闭环目标。
usage,0,用量,与实体相关的用量信息。
salesLead,0,销售线索,与实体相关的销售线索。
model,"This is a string that represents a manufacturer-allocated number used to identify the general type and/or category of the hardware item. This, in combination with the Part and the Vendor, identify different types of hardware items. The SerialNumber can then be used to differentiate between different instances of the same type of hardware item. This is an optional attribute.",型号,制造商分配的、用于标识硬件通用类型或类别的编号。
resolutionDate,The date and time the trouble ticket was resolved,解决日期,故障单被解决的日期和时间。
itemTotalPrice,Item total price,项目总价,项目的总价格。
level,Counter level. The counter can be given globally for the bucket or detailed by user or by network product for example in case of shared bucket,级别,计数器的级别，可以是全局的，也可以按用户或产品细分。
consumptionPeriod,0,消耗周期,用量消耗的时间周期。
counterType,Type of the consumption counter. We can give for example a counter of the used value for a bucket (counterType=used for example) or the value of the consumption done out of the bucket(s) (counterType=outOfBucket for example),计数器类型,消耗计数器的类型，例如“已用量”或“超出套餐用量”。
valueName,Value of the counter in a formatted string used for display needs for example,值名称,计数器的值的格式化字符串，用于界面展示。
productOfferingQualification,A reference to a previously done product offering qualification,产品可提供性资格查询,对之前已执行的产品可提供性资格查询的引用。
partyPrivacyProfileSpecification,0,参与方隐私配置规约,与协议相关的参与方隐私配置规约（模板）。
partyPrivacyProfile,The privacy profiles that are the subject of the agreement,参与方隐私配置,作为协议主体的隐私配置。
performanceIndicatorGroupSpecification,0,性能指标组规约,与实体相关的性能指标组规约（模板）。
closedLoopWorkflowActivity,0,闭环工作流活动,与实体相关的闭环工作流活动。
serviceUsageSpecification,Relationship to service usage specification,服务使用量规约,与服务使用量规约（模板）的关系。
exportJob,0,导出任务,与实体相关的导出任务。
jwksUri,DEPRECATED : moved to Application schema. JSON Web Key (JWK) is a data structure that represents a cryptographic key,JWKS URI (已弃用),（已弃用，移至Application schema）JSON Web Key Set (JWKS) 的URI，用于存放公钥。
affectedLocation,"A list of the locations affected by the problem. At least one of affectedResource, affectedService or affectedLocation should be present.",受影响的地点,受问题（Problem）影响的地点列表。
entityRoleSpecification,0,实体角色规约,与实体相关的实体角色规约（模板）。
redirectUrl,"DEPRECATED : moved to Application schema. After a user successfully authorizes an application, the authorization server will redirect the user back to the application.",重定向URL (已弃用),（已弃用，移至Application schema）用户授权成功后，授权服务器将用户重定向回此应用URL。
importJob,0,导入任务,与实体相关的导入任务。
effectiveCancellationDate,Date when the order is cancelled.,生效取消日期,订单被取消的生效日期。
apiName,Standardized name of the API.,API名称,API的标准化名称。
policyCondition,0,策略条件,与实体相关的策略条件。
permission,The list of permissions in this set,权限,此权限集中的权限列表。
workType,Classification of work performed,工作类型,已执行工作的分类。
alarmClearedTime,Indicates the time (as a date + time) at which the alarm is cleared at the source. ,告警清除时间,告警在其源头被清除的日期和时间。
workSpecification,0,工作单元规约,与实体相关的工作单元规约（模板）。
workPrice,Collection of work prices,工作价格,工作单元的价格信息集合。
relatedWorkOrderItem,Collection of related work order items,关联工单项,相关的工单项集合。
workPriority,Work Priority Level,工作优先级,工作单元的优先级。
relatedShippingOrder,0,关联发货单,相关的发货单信息。
referredDate,"Date when the prospect information was received (for example, from a trade show).",引荐日期,收到潜在客户信息的日期（例如，从展会上获得）。
timeSlot,0,时间槽,可预约的时间段。
privacyPolicyURL,"Url to Application privacy policy, if applicable.",隐私政策URL,应用的隐私政策URL链接。
weight,0,权重/重量,对象的重量，或在计算中的相对重要性（权重）。
problem,"The problems to be acknowledged, relevant in the input to this task",问题,需要被确认的问题。
childProblem,List of problems to be grouped under a parent problem,子问题,需要被归组到一个父问题下的问题列表。
problemGroup,0,问题组,与实体相关的问题组。
applicationOwner,0,应用所有者,应用的所有者信息。
numberRelOfferDefault,Default number of produc offereings that should be procured as part of the related BundledProductOffering,关联目录默认实例数,作为组合产品一部分应采购的子产品目录的默认数量。
captureDateTime,The date and time that the metric was captured,采集日期时间,指标被采集的日期和时间。
testSpecification,0,测试规约,与实体相关的测试规约（模板）。
testMeasureDefinition,A list of definitions for the measurements for the test defined by this specification,测试度量定义,此规约定义的测试中，所需度量的定义列表。
accuracy,The number of digits of accuracy captured for associated Metrics,精度,相关指标所采集的数值的精度（小数位数）。
costItemAllocation,0,成本项分摊,成本项的分摊信息。
costItemType,0,成本项类型,成本项的类型。
thresholdRule,The rule(s) associated with the measure threshold,阈值规则,与度量阈值关联的规则。
recurringChargePeriodType,"The period to repeat the application of the price
Could be month, week...",周期性费用周期类型,重复应用价格的周期，例如“月”、“周”。
isSelectable,A flag indicating whether this configuration characteristic value may be selected by the end-user in the context of the product configuration.,是否可选,一个布尔值，表明最终用户在产品配置中是否可以选择此配置特征值。
bundledPopRelationship,this object represents a bundle relationship from a bundle product offering price (parent) to a simple product offering price (child). A simple product offering price may participate in more than one bundle relationship.,组合产品价格关系,描述从一个组合产品价格（父）到一个简单产品价格（子）的捆绑关系。
itemTerm,0,项目条款,项目的条款和条件。
timestamp,Date when the error happened,时间戳,错误发生的日期和时间。
clearSystemId,Provides the id of the system where the user who invoked the alarmCleared operation is located. ,清除系统ID,调用告警清除操作的用户所在系统的ID。
customerBill,List of bills of a customer.,客户账单,客户的账单列表。
relatedChannel,"Where the interaction item took place (e.g.: web, mobile app, store, kiosk, etc.)",关联渠道,交互项发生的渠道，例如“网站”、“移动App”、“门店”。
clearUserId,Provides the id of the user who invoked the alarmCleared operation,清除用户ID,调用告警清除操作的用户的ID。
currentDuration,0,当前时长,当前的持续时长。
workTimeSlot,0,工作时间槽,工作被安排的时间段。
actualDuration,0,实际时长,实际花费的时长。
percentageComplete,Percentage of the completed work,完成百分比,已完成工作的百分比。
scheduledDuration,0,计划时长,计划安排的时长。
workCharacteristic,Work characteristics,工作特征,工作单元的特征。
workRelationship,Collection of work relationships,工作关系,工作单元之间的关系集合。
targetShipmentSchema,0,目标货运结构,目标货运的结构（Schema）和类型（Type）。
relatedWork,Collection of work references,关联工作,相关工作单元的引用集合。
shipmentSpecRelationship,"Relationship to another shipment specification, might be dependency, substitution, etc.
",货运规约关系,与另一个货运规约的关系，可能是依赖、替代等。
shipmentSpecificationCharacteristic,List of characteristics that the shipment can take,货运规约特征,货运可以拥有的特征列表。
password,credential password - must be in write only,密码,凭证的密码（此字段应为只写）。
parentId,Unique identifier of the parent category,父分类ID,父分类的唯一标识符。
requestedQualificationCompletionDate,Deadline date when the requester expected a qualification answer,期望资格查询完成日期,请求者期望得到资格查询答复的截止日期。
login,credential login,登录名/用户名,凭证的登录名。
marketingCampaign,0,营销活动,与实体相关的营销活动。
ServiceOrder,0,服务订单,与实体相关的服务订单。
workforceEmployeeAssignment,Collection of workforce assignment,员工派工,员工派工的集合。
workforceEmployeeTravel,0,员工差旅,员工差旅信息。
workOrderItem,Work order item,工单项,工单中的具体项目。
work,0,工作单元,与实体相关的工作单元。
perspective,"The point of view for the PerformanceIndicatorSpecification, such as a single user instance or aggregation.",视角,性能指标规约的视角，例如是单个用户实例还是聚合视图。
partyRevSharingModelItem,The PartyRevSharingModel includes revenue share item related to specified party role,参与方收入分成模型项,收入分成模型中与指定参与方角色相关的分成项。
closedLoopActivitySpecification,0,闭环活动规约,与实体相关的闭环活动规约（模板）。
closedLoopBusinessRuleSpecification,0,闭环业务规则规约,与实体相关的闭环业务规则规约（模板）。
closedLoopSpecification,0,闭环规约,与实体相关的闭环规约（模板）。
closedLoopGroup,0,闭环组,与实体相关的闭环组。
roleType,0,角色类型,角色的类型。
jobId,The ID of the management job.,任务ID,管理任务的ID。
resourceUsageSpecification,Relationship to resource usage specification,资源使用量规约,与资源使用量规约（模板）的关系。
partyPrivacyProfileCharacteristic,A list of (typically) high criticality characteristics whose chosen privacy rules are included in the agreement,参与方隐私配置特征,在协议中包含其隐私规则的一组（通常是高关键性的）特征。
executionState,0,执行状态,任务的执行状态。
lastModifiedTime,The last time that a measurement job was modified.,最后修改时间,度量任务最后一次被修改的时间。
performanceIndicatorSpecRelationship,0,性能指标规约关系,性能指标规约之间的关系。
derivationMethod,"For simple calculations, the method used to calculate the value of a PerformanceIndicator, such as average, minimum, maximum, sum and so forth.",派生方法,用于计算性能指标值的简单方法，例如“平均值”、“最小值”、“最大值”、“求和”。
policyAction,0,策略动作,与实体相关的策略动作。
indicatorType,0,指标类型,指标的类型。
provideResultReason,When the value is TRUE means that result reason are expected for available or not of product offering.,提供结果原因,一个布尔值，为true时表示期望在产品可提供性查询的结果中包含原因说明。
derivationAlgorithm,A step-by-step procedure used to calculate the value of PerformanceIndicator.,派生算法,用于计算性能指标值的分步过程或算法。
indicatorCategory,"A grouping or set of PerformanceIndicatorSpecifications that are classified together because of common characteristics, such as technology specific, service specific, or technology/service independent.",指标分类,对具有共同特征（如技术相关、服务相关）的性能指标规约进行的分组。
jobPriority,"The priority of the management job. The way the management application will use the JobPriority to schedule job execution is application specific and outside the scope. Integer, limited to a range of 1 to 10.",任务优先级,管理任务的优先级（整数1到10）。
productRef,0,产品引用,用于简要引用一个产品。
collectionType,0,采集类型,数据的采集类型。
cartItem,0,购物车项,与实体相关的购物车项。
privacyUsagePurpose,"Defines the purpose authorized or refused for the characteristic (e.g. ADMIN, INFORMATION, MARKETING, RESEARCH, etc.",隐私使用目的,定义了特征数据被授权或拒绝的使用目的，例如“管理”、“信息”、“营销”、“研究”等。
expiryDate,The date and time the document is to expire. A date and time formatted in compliance with the ISO8601 standard must be used.,失效日期,文档将要失效的日期和时间。
ruleViolation,A list of rules that were violated in this test measure,违规规则,在此测试度量中违反的规则列表。
captureFrequency,The frequency of capture for the metric. Note: This may be replaced by a set of entities similar to the Performance Monitoring,采集频率,指标的采集频率。
orderTotalPrice,Order total price,订单总价,订单的总价格。
capturePeriod,0,采集周期,数据的采集周期。
consumingApplicationId,The identifier of the application that consumes performance indicators.,消费应用ID,消费性能指标的应用的标识符。
partyRevSharingAlgorithm,The PartyRevSharingModelInvolPrice associated algorithm(s),参与方收入分成算法,与价格相关的参与方收入分成算法。
revenueSharingModelId,Unique identifier of a related revenue sharing model.,收入分成模型ID,相关收入分成模型的唯一标识符。
producingApplicationId,The identifier of the application that produces performance indicators.,生产应用ID,产生性能指标的应用的标识符。
costItemRelationship,A list of cost item relationships (CostRelationship [*]). Describes links with other cost item(s).,成本项关系,描述与其他成本项之间关系的列表。
costItemAmount,0,成本项金额,成本项的金额。
pricingLogicAlgorithm,The PricingLogicAlgorithm entity represents an instantiation of an interface specification to external rating function (without a modeled behavior in SID). Some of the parameters of the interface definition may be already set (such as price per unit) and some may be gathered during the rating process from the event (such as call duration) or from ProductCharacteristicValues (such as assigned bandwidth).,定价逻辑算法,表示一个对接到外部计费（批价）功能的算法实例。
popRelationship,"Product Offering Prices related to this Product Offering Price, for example a price alteration such as allowance or discount",产品价格关系,与此产品价格相关的其他价格，例如津贴或折扣等价格变更。
recurringChargePeriodLength,"the period of the recurring charge:  1, 2, ... .It sets to zero if it is not applicable",周期性费用周期长度,周期性费用的周期长度，例如1、2、3...（与周期类型如“月”配合使用）。
orderRelationship,"A list of service orders related to this order (e.g. prerequisite, dependent on)",订单关系,与此订单相关的其他服务订单列表（例如前置订单、依赖订单）。
dates,0,日期,相关的日期信息。
transportProtocol,0,传输协议,数据传输的协议。
tag,The optional tag object attached to this observed group value,标签,附加到此观测组值的可选标签对象。
creationTime,The measurement job creation time.,创建时间,度量任务的创建时间。
productConfiguration,List of the child product configurations. The list may include product configurations computed based on bundled product specifications.,产品配置,子产品配置的列表。
adminState,0,管理状态,对象的管理状态。
isTaxIncluded,Indicates whether cost amount includes taxes.,是否含税,一个布尔值，表明成本金额是否包含税费。
mode,"An indication of whether the service test is running in 
""PROACTIVE"" or ""ONDEMAND"" mode",模式,表明服务测试是以“主动模式”（PROACTIVE）还是“按需模式”（ONDEMAND）运行。
testMeasure,The results of the test in terms of the measured metrics,测试度量,以测量的指标表示的测试结果。
partyInteraction,List of party interactions of a customer.,参与方交互,客户的参与方交互记录列表。
stateChangeDate,Last change date of the order state.,状态变更日期,订单状态最后一次发生变更的日期。
statusCode,"The status of the response. For example for an HTTP response would be codes such as 200, 400, etc.",状态码,响应的状态码，例如HTTP响应中的200、400等。
to,"The target of the request, e.g. a URL for an HTTP request",目标地址,请求的目标，例如HTTP请求的URL。
approvalStatusReason,The reason why the approval state changed. DEPRECATED in the PATCH (bug to be fixed on next major version).,审批状态原因 (已弃用),审批状态发生变更的原因。（注意：此字段已弃用）。
apiVersionDetails,A set of ApiProduct characteristics grouped together by API major version.,API版本详情,按API主版本分组的一组API产品特征。
monitor,0,监控,与实体相关的监控任务。
nickname,"Casual name of the End-User that may or may not be the same as the given_name. For instance, a nickname value of Mike might be returned alongside a given_name value of Michael",昵称,终端用户的非正式称呼，可能与其名字（given_name）不同，例如“Michael”的昵称是“Mike”。
method,"The protocol of the request, e.g. http",方法,请求的协议或方法，例如http。
taxExcludedAmount,0,不含税金额,不包含任何适用税费的金额。
bank,The display name of the bank.,银行,银行的显示名称。
customer,0,客户,与实体相关的客户信息。
paymentDueDate,"Date, when the payment is due.",付款到期日,付款应到期的日期。
correlatorId,Unique identifier in the client for the payment in case it is needed to correlate,客户端关联ID,由客户端提供的支付唯一标识符，用于在需要时进行关联。
label,Human readable result reason label,标签/说明,结果原因的人性化标签或说明文字。
payer,0,付款方,进行支付的参与方。
expectedFulfillmentStartDate,This is the date wished by the requester to have the requested quote item delivered,期望履行开始日期,请求者期望报价项开始交付的日期。
expectedActivationDate,The date when the service is expected to be activated,期望激活日期,服务期望被激活的日期。
qualificationResult,"Qualification result for this serviceQualification. It could be:  qualified (all qualification item are qualified), alternate (At least one item alternate and no item with  unqualified), unqualified (At least one item unqualified)",资格查询结果,服务资格查询的总体结果：“合格”、“不合格”或“有备选方案”。
estimatedResponseDate,Date when the requester expect to provide an answer for the qualification request.,预计响应日期,请求者期望收到资格查询答复的日期。
shoppingCart,0,购物车,与实体相关的购物车。
relatedMeasurement,related Performance measurements array,关联度量,相关的性能度量数组。
serviceQualificationItem,A list of service qualification items.,服务资格项,服务资格查询中的具体项目列表。
checkServiceQualification,0,检查服务资格,与实体相关的检查服务资格请求。
authorization,An authorization provided for the quote,授权,为报价单提供的授权信息。
paymentDate,Date when the payment was performed,支付日期,支付执行的日期。
paymentItem,0,支付项,与实体相关的支付项。
productOfferingQualificationItem,0,产品可提供性资格查询项,与实体相关的产品可提供性资格查询项。
contactName,A displayable name for that contact,联系人姓名,联系人的可显示名称。
partyRoleType,Identifies what kind of party role type is linked to the contact (a account manager...),参与方角色类型,标识与联系人关联的参与方角色类型，例如“客户经理”。
presentationMedia,0,呈现媒介,账单的呈现媒介。
cycleSpecification,0,周期规约,计费周期的规约（模板）。
requestedInitialState,0,请求的初始状态,请求的初始状态。
productOfferingQualificationId,Unique identifier of a related entity.,产品可提供性资格查询ID,相关实体的唯一标识符。
severity,"The severity of the issue. Indicate the implication of the issue on the expected functionality e.g. of a system, application, service etc.. 
Severity values can be for example : Critical, Major, Minor",严重性,问题的严重程度，表明其对预期功能的影响，例如“严重”、“主要”、“次要”。
expectedResolutionDate,The expected resolution date determined by the trouble ticket system,预计解决日期,故障单系统确定的预计解决日期。
ticketType,"Represent a business type of the trouble ticket e.g. incident, complain, request",工单类型,故障单的业务类型，例如“事件”、“投诉”、“请求”。
productOfferingQualificationName,Name of the related entity.,产品可提供性资格查询名称,相关实体的名称。
productOfferingQualificationHref,Reference of the related entity.,产品可提供性资格查询链接,相关实体的引用链接。
requestedResolutionDate,The resolution date requested by the user,期望解决日期,用户请求的解决日期。
bundledGroupProductOfferingOption,0,组合包产品选项,组合产品中的分组选项。
serviceCatalog,0,服务目录,与实体相关的服务目录。
productAction,0,产品动作,对产品的操作。
troubleTicketCharacteristic,List of characteristics of the trouble ticket,故障单特征,故障单的特征列表。
troubleTicketRelationship,A list of trouble ticket relationships (TroubleTicketRelationship [*]). Represents a relationship between trouble tickets,故障单关系,描述故障单之间关系的列表。
receiverPartyAccount,0,接收方账户,接收方的参与方账户。
privacyRightsRequestContact,Contact information for the exercise of data protection rights to which the End Users can address. Must be only EmailContactMedium or WebFormContactMedium for this context.,隐私权请求联系方式,终端用户可以联系以行使其数据保护权利的联系信息。
approvalStatus,0,审批状态,对象的审批状态。
logoUrl,Url to retrieve the Application official logo.,Logo链接,用于获取应用官方Logo的URL。
commercialName,Exact name of the Application as marketed (and known by the end-user).,商业名称,应用在市场上推广时使用的确切名称。
resourceIdentified,0,被标识的资源,被此数字身份标识的资源。
policyActionRefOrValue,0,策略动作引用或值,包含了策略动作引用或其完整信息的灵活模型。
managedPolicyVariable,0,受管策略变量,与实体相关的受管策略变量。
managedPolicyOperator,0,受管策略操作符,与实体相关的受管策略操作符。
managedPolicyExpression,0,受管策略表达式,与实体相关的受管策略表达式。
managedPolicyEvent,0,受管策略事件,与实体相关的受管策略事件。
managedPolicyConstraint,0,受管策略约束,与实体相关的受管策略约束。
individual,0,个人,与实体相关的个人信息。
relatedSecurityPrincipal,Security principal who have an interest in this digital identity (like the organization in charge of providing identity). This is NOT the party identified by this digital identity.,关联安全主体,与此数字身份相关的安全主体（例如负责提供身份的组织）。
resourceRoleIdentified,Related Resource/ResourceRole(s) who are identified by this digital identity.,被标识的资源角色,被此数字身份标识的相关资源或资源角色。
receiverBucketUsageType,"Type of prepay balance bucket (e.g.: roaming-data, data, roaming-voice etc)",接收方资源桶用量类型,预付费余额桶的类型（例如“漫游数据”、“数据”、“漫游语音”等）。
topupBalance,0,余额充值,与实体相关的余额充值操作。
voucher,Identifier for a voucher when the topup can be performed by this means,代金券/凭证,当充值可以通过此方式进行时，代金券的标识符。
recurringPeriod,"For autotopup indicates the periodicity for the recharge operation (monthly, weekly, )",循环周期,对于自动充值，指示充值操作的周期性（例如“每月”、“每周”）。
numberOfPeriods,For autotopup indicates the number of occurrences of the period the recharge operation must be executed. If not included then no limit is set to stop the execution of the topup every period,周期次数,对于自动充值，指示充值操作必须执行的周期次数。若不填写则无限制。
isAutoTopup,Indicates if the topup requested is an autotopup (to be processed periodically),是否为自动充值,一个布尔值，表明请求的充值是否为周期性处理的自动充值。
relatedTopupBalance,0,关联余额充值,相关的余额充值操作。
transferCost,0,转移成本,余额转移的成本。
resourceCategory,0,资源分类,与实体相关的资源分类。
resourceCatalog,0,资源目录,与实体相关的资源目录。
processFlow,0,流程,与实体相关的流程。
policyCatalog,0,策略目录,与实体相关的策略目录。
shippingOrder,0,发货单,与实体相关的发货单。
externalAlarmId,An identifier of the alarm in the source system.,外部告警ID,告警在源系统中的标识符。
appliedConsequence,An Applied Consequence defines the action (prescribed action or notification) to take when a MeasureThresholdRuleViolation occurs.,已应用的结果,定义当发生阈值违规时应采取的动作（预设动作或通知）。
serviceTest,0,服务测试,与实体相关的服务测试。
bucketSpecificationRelationship,"A migration, substitution, dependency or exclusivity relationship between/among bucket specifications.",资源桶规约关系,资源桶规约之间的迁移、替代、依赖或排他关系。
bucketSpecCharacteristic,"A characteristic quality or distinctive feature of a BucketSpecification.  The characteristic can take on a discrete value, such as service area, or can take on a range of values, (for example, operating days of Monday to Friday), or can be derived from a formula.",资源桶规约特征,资源桶规约的一个特征或独特属性。
adjustBalance,0,余额调整,与实体相关的余额调整操作。
adjustType,"The type of the adjustment. For example: recurringChargeDebit, oneTimeChargeCredit, oneTimeChargeDebit, goodWillCredit, generalDebit",调整类型,调整的类型，例如“周期性费用借记”、“一次性费用贷记”等。
receiverLogicalResource,0,接收方逻辑资源,接收方的逻辑资源。
receiverBucket,0,接收方资源桶,接收方的资源桶。
relationDate,Date and time when related contact medium was created.,关联日期,关联联系方式被创建的日期和时间。
alarmReportingTime,"Indicates the time (as a date + time) at which the alarm was reported by the owning OSS. It might be different from the alarmRaisedTime. For instance, if the alarm list is maintained by an EMS, the alarmRaisedtime would be the time the alarm
  was detected by the NE, while the alarmReportingTime would be the time this alarm was stored in the alarm list of the EMS.",告警上报时间,告警被所属OSS（运维支撑系统）上报的时间，可能与告警触发时间不同。
alarmDetails,Contains further information on the alarm.,告警详情,包含关于告警的进一步信息。
reportingSystemId,Reporting system identity.,上报系统ID,上报系统的身份标识。
alarmedObject,0,受影响对象,与告警相关的受影响对象。
alarmedObjectType,The type (class) of the managed object associated with the event.,受影响对象类型,与事件关联的受管对象的类型（类）。
specificProblem,Provides more specific information about the alarm.,具体问题,提供关于告警的更具体信息。
probableCause,Provides the probable cause of the alarm. The values are consistent with ITU-T Recommendation X.733 or 3GPP TS 32.111-2 Annex B.,可能原因,提供告警的可能原因，其值遵循ITU-T X.733或3GPP TS 32.111-2标准。
perceivedSeverity,0,感知严重性,告警的严重性等级。
ackTime,Time of the acknowledgement,确认时间,告警被确认的时间。
costOwner,Indicates which related party will bear the costs of the transfer. eg originator or receiver,成本承担方,指示相关方中哪一方将承担转移的成本，例如“发起方”或“接收方”。
receiver,0,接收方,接收方信息。
signature,The (e)Mandate electronic signature data,签名,（电子）授权的电子签名数据。
effectiveQuoteCompletionDate,Date when the quote has been completed,报价生效完成日期,报价单完成的生效日期。
requestedQuoteCompletionDate,This is requested date - from quote requester - to get a complete response for this quote,期望报价完成日期,报价请求者期望得到完整报价答复的日期。
instantSyncQuote,An indicator which when the value is "true" means that requester expects to get quoting result immediately in the response. If the indicator is true then the response code of 200 indicates the operation is successful otherwise a task is created with a response 201. ,即时同步报价,（旧版）一个布尔值，为true时表示请求方期望立即在响应中获得报价结果。现已由HTTP头替代。
expectedQuoteCompletionDate,This is expected date - from quote supplier - to be able to send back  a response for this quote,预计报价完成日期,报价提供方预计能够回复完整报价的日期。
approver,0,审批人,负责审批请求的人员或角色。
consequence,"A list of consequences (actions, notifications) that will arise if the threshold is crossed",后果,当阈值被穿越时将产生的一系列后果（如动作、通知）。
prescribeAction,"Recommended remedy for a violated threshold. This could be 
the hyperlink to the action.",建议措施,针对已违反的阈值，系统建议的补救措施。
isPlanned,true if outage is planned. false if outage unplanned,是否为计划内,一个布尔值，表明一次中断是计划内的（true）还是计划外的（false）。
policyRefOrValue,0,策略引用或值,包含了策略引用或其完整信息的灵活模型。
policyEventRefOrValue,0,策略事件引用或值,包含了策略事件引用或其完整信息的灵活模型。
policyDomain,0,策略域,与实体相关的策略域。
tokenCredential,Token credential identifier,令牌凭证,令牌凭证的标识符。
alarmEscalation,Indicates if this alarm has been escalated or not. ,告警是否升级,一个布尔值，表明此告警是否已被上报升级。
ackState,"Provides the Acknowledgement State of the alarm (unacknowledged, acknowledged).",确认状态,告警的确认状态：“未确认”或“已确认”。
proposedRepairedActions,"Indicates proposed repair actions, if known to the system emitting the alarm.",建议修复动作,如果告警上报系统已知，则提供建议的修复动作。
resourceRoleSpecification,0,资源角色规约,与实体相关的资源角色规约（模板）。
resourceRole,0,资源角色,与实体相关的资源角色。
engagedResource,0,涉及的资源,涉及到的资源。
terminationError,If qualificationItem has not been done properly this lists the error(s) that caused termination of the qualification.,终止错误,如果资格查询项未正确完成，这里列出了导致查询终止的错误。
receiverProduct,0,接收方产品,接收方的产品。
plannedOutageIndicator,"Indicates that the Managed Object (related to this alarm) is in planned outage (in planned maintenance, or out-of-service). ",计划中断指示器,表明与此告警相关的管理对象正处于计划中断状态（如计划内维护）。
isRootCause,Indicates whether the alarm is a root cause alarm.. ,是否为根因告警,一个布尔值，表明此告警是否为根本原因告警。
crossedThresholdInformation,0,越限阈值信息,描述被穿越的阈值的详细信息。
alarmType,0,告警类型,告警的类型。
CdrTransaction,0,通信详单交易,与实体相关的通信详单交易。
alarm,0,告警,与实体相关的告警。
serviceAffecting,Indicates whether the alarm affects service or not.,是否影响服务,一个布尔值，表明此告警是否影响了服务。
appliedAction,"The action for a violated threshold. This could be a hyperlink to 
the action.",已应用动作,针对已违反的阈值所采取的动作。
usageRatingTag,"Tag value: [usage]: the usage is always rated outside a usage bundle
[included usage]: the usage is rated inside a usage bundle
[non included usage]: the usage bundle is exhausted. The usage is rated outside the usage bundle",用量计费标签,标识用量是如何被计费的标签：“套餐外用量”、“套餐内用量”或“套餐用尽后的用量”。
bucketValueConvertedInAmount,0,资源桶值转换金额,资源桶中的量所等值的货币金额。
planType,Type of payment plan,计划类型,付款计划的类型。
paymentFrequency,"Frequency of the payments, such as monthly and bimonthly",支付频率,支付的频率，例如“每月”、“每两月”。
numberOfPayments,Number of payments used to spread the global payment,支付次数,用于分摊总付款的支付次数。
loyaltyProgramProductSpecification,0,忠诚度计划产品规格,与实体相关的忠诚度计划产品规格。
eventTopic,An event topic subscribed to by the Loyalty Engine as part of the event-driven rewards processing architecture,事件主题,忠诚度引擎为实现事件驱动的奖励处理而订阅的事件主题。
loyaltyProgramPartner,0,忠诚度计划伙伴,与实体相关的忠诚度计划合作伙伴。
capacityDemand,0,容量需求,容量的需求信息。
resourcePoolSpecification,0,资源池规约,与实体相关的资源池规约（模板）。
resourcePool,0,资源池,与实体相关的资源池。
PartyRevSharingModel,0,参与方收入分成模型,与实体相关的参与方收入分成模型。
PartyRevSharingReport,0,参与方收入分成报告,与实体相关的参与方收入分成报告。
interactionDate,0,交互日期,交互发生的日期。
queryProductOfferingQualification,0,查询产品可提供性资格,与实体相关的（异步）查询产品可提供性资格请求。
checkProductOfferingQualification,0,检查产品可提供性资格,与实体相关的（同步）检查产品可提供性资格请求。
settlementAccount,0,结算账户,与实体相关的结算账户。
billingCycleSpecification,0,计费周期规约,与实体相关的计费周期规约（模板）。
billPresentationMedia,0,账单呈现媒介,与实体相关的账单呈现媒介。
billFormat,0,账单格式,与实体相关的账单格式。
partyPrivacyAgreement,0,参与方隐私协议,与实体相关的参与方隐私协议。
projectedCost,0,预计成本,与实体相关的预计成本。
expectedServiceAvailabilityDate,Date when the requester looks for service availability,期望服务可用日期,请求者期望服务可用的日期。
expectedQualificationCompletionDate,Expected Date from server side to provide an answer for the check qualification request,期望资格查询完成日期,服务器端预计能够回复检查资格请求的日期。
closedLoopActivity,0,闭环活动,与实体相关的闭环活动。
endedBy,0,结束者,结束活动的人员或系统。
startedBy,0,启动者,启动活动的人员或系统。
monitoredClassCriteria,0,被监控分类标准,被监控的分类标准。
monitoredInstancesCriteria,0,被监控实例标准,被监控的实例标准。
groupCategory,"A grouping or set of PerformanceIndicatorGroupSpecifications that are classified together because of common characteristics, such as technology specific, service specific, or technology/service independent.",组分类,对具有共同特征的性能指标组规约进行的分组。
certaintyLevel,"Indicates the extent of confidence in the accuracy and reliability of the projected cost estimates. Example values can be - 'Indicative cost' an early-stage estimate used to provide a preliminary idea of potential costs. 'Firm cost' also known as fixed cost or committed cost: represents a cost estimate that has undergone detailed analysis, validation, and approval. It is considered highly reliable and stable.",确定性级别,预计成本估算的置信度，例如“指示性成本”（初步估算）或“确定成本”（最终估算）。
actualCostItem,A list of Actual Cost Items items which are part of the overall Actual cost,实际成本项,构成总实际成本的具体成本项目列表。
productCatalog,0,产品目录,与实体相关的产品目录。
productConfigurationItemRelationship,"ProductConfigurationItemRelationship is a list of product configuration item(s) related to the ProductConfigurationItem from the same CheckProductConfiguration. Relationship may represent a bundle, an add-on etc.",产品配置项关系,描述同一次产品配置检查中，不同配置项之间的关系列表（如捆绑、附加）。
contextItem,0,上下文项,上下文中的具体项目。
closedLoopBusinessRule,0,闭环业务规则,与实体相关的闭环业务规则。
direction,Indicates the threshold crossing direction: up or down.,方向,指示阈值穿越的方向：“向上”或“向下”。
involvementRole,"Indication of the part that a user plays in its involvement with a manageable asset (product, service or resource)",参与角色,用户在与可管理资产（产品、服务或资源）的交互中所扮演的角色。
cloudApplication,0,云应用,与实体相关的云应用。
closedLoopWorkflow,0,闭环工作流,与实体相关的闭环工作流。
instantSync,An indicator which when the value is "true" means that requester expects to get configuration result immediately in the response. If the indicator is true then the response code of 200 indicates the operation is successful otherwise a task is created with a response 201.,即时同步,一个布尔值，为true时表示请求方期望立即在响应中获得配置结果。
contextCharacteristic,contextCharacteristic is a list of characteristics providing additional contextual information required to check validity of product configurations(s) and are not included in channel and relatedParty.,上下文特征,用于检查产品配置有效性所需的、提供额外上下文信息的特征列表。
contextEntity,0,上下文实体,上下文中的实体。
permissionSetSpecification,0,权限集规约,与实体相关的权限集规约（模板）。
granter,0,授权人,授予权限的实体。
managedAssetGroup,0,受管资产组,受管理的资产组。
apiProduct,The list of permissions in this set,API产品,此权限集中的权限列表。
checkProductConfiguration,0,检查产品配置,与实体相关的（同步）检查产品配置请求。
projectedCostItem,A list of Projected Cost Items items which are part of the overall projected cost,预计成本项,构成总预计成本的具体成本项目列表。
outage,0,(服务)中断,与实体相关的服务中断记录。
restoredService,List of the services restored and no longer affected by the outage.,已恢复服务,已恢复且不再受中断影响的服务列表。
restoredLocation,A list of the locations restored and no longer affected by the outage.,已恢复地点,已恢复且不再受中断影响的地点列表。
totalNumberOfLocationImpacted,"Once the location impact is finalised, this will represent the total number of locations impacted.",受影响地点总数,当地点影响最终确定后，此字段表示受影响的总地点数。
totalNumberOfServiceImpacted,"Once the service impact is finalised, this will represent the total number of services impacted.",受影响服务总数,当服务影响最终确定后，此字段表示受影响的总服务数。
rootCauseIncident,List of incident(s) that are associated to the outage. At least one of rootCauseChangeRequest or rootCauseIncident should be present.,根因事件,与中断相关的事件列表。
rootCauseChangeRequest,List of change request(s) that are associated to the outage. At least one of rootCauseChangeRequest or rootCauseIncident should be present.,根因变更请求,与中断相关的变更请求列表。
estimatedNextUpdate,The estimated time when next update will be provided,预计下次更新时间,提供下一次更新的预计时间。
estimatedDateToResolve,"Indicates the estimated date (as a date + time) at which the outage will be resolved. That is, when all the affected service and/or locations are restored.",预计解决日期,中断预计将被解决的日期和时间。
outageType,Describes the type of outage,中断类型,描述中断的类型。
impact,0,影响,事件造成的影响。
stateChangeReason,The reason of state change,状态变更原因,状态发生变更的原因。
transferBalance,0,余额转移,与实体相关的余额转移操作。
connectionPointSpecification,External connection point specifications. These are the service access points (SAP) where inputs and outputs of the function are available.,连接点规约,外部连接点规约，即功能的输入和输出可用的服务接入点（SAP）。
partyRoleIdentified,Related Party/PartyRole(s) who are identified by this digital identity.,被标识的参与方角色,被此数字身份标识的相关参与方或参与方角色。
individualIdentified,0,被标识的个人,被此数字身份标识的个人。
managedPolicyCondition,0,受管策略条件,与实体相关的受管策略条件。
managedPolicy,0,受管策略,与实体相关的受管策略。
managedPolicyAction,0,受管策略动作,与实体相关的受管策略动作。
intentSpecRelationship,"A list of intent specifications related to this specification, e.g. substitution, dependency or exclusivity relationship",意图规约关系,与此规约相关的其他意图规约的列表，例如替代、依赖或排他关系。
qualification,0,资格查询,与实体相关的资格查询。
scheduleDefinitionStartTime,The Start time of the Schedule Definition,计划定义开始时间,计划定义的开始时间。
scheduleDefinitionEndTime,"The End time of the Schedule Definition. If the attribute is empty the Schedule run forever, not having a time constraint.",计划定义结束时间,计划定义的结束时间。如果为空，则计划永久运行。
recurringFrequency,"A recurring frequency to run a job within day that is included in schedule definition, for example: every 5 minutes, 15 minute, 30 minutes, 1 hour",重复频率,在计划定义的一天内，运行任务的重复频率，例如“每5分钟”、“每1小时”。
excludedDate,A list of specific dates that should be excluded from the Schedule Definition.,排除日期,应从计划定义中排除的特定日期列表。
scheduleDefinitionHourRange,"A list of time ranges within a specific day that the schedule will be active on, for example 08:00-12:00, 16:00-19:00.",计划定义小时范围,在特定日期内，计划将处于活动状态的时间范围列表，例如 08:00-12:00， 16:00-19:00。
WeeklyScheduledDefinition,"The weekly schedule is used to define a schedule that is based on the days of the week, e.g. a schedule that will be active only on Monday and Tuesday.",按周计划定义,用于定义基于周的计划，例如一个只在周一和周二活动的计划。
graphSpecificationRelationship,Relationships to other resource graph specifications.,图谱规约关系,与其他资源图谱规约的关系。
connectionSpecification,Resource graph edge specifications.,连接规约,资源图谱中“边”（即连接）的规约。
responsibleParty,0,责任方,负责处理问题的参与方。
relatedEvent,List of events associated to this problem,关联事件,与此问题关联的事件列表。
problemEscalation,"Indicates if this service problem has been escalated or not. Possible values are 0 to 10. A value of zero means no escalation. The meanings of values 1-10 are to be determined by the user of the interface, but they show increasing levels of escalation.",问题升级,表明此服务问题是否已被升级，通常用0到10的数字表示，0代表未升级。
originatingSystem,Indicates where the problem was generated,来源系统,问题最初产生的系统。
impactPattern,0,影响模式,描述问题或事件可能产生的影响范围和模式。
impactImportanceFactor,"Impact Importance is characterized by an Impact Importance Factor: overall importance of the impact of all the affected services, e.g. 0 (zero impact) to 100 (worst impact). The Impact Importance is a calculated field which is set by the OSS determining the impact.",影响重要性因子,一个0到100的数字，表示所有受影响服务综合影响的重要性。
affectedResource,"A list of the resources affected by the problem. At least one of affectedResource, affectedService or affectedLocation should be present.",受影响资源,受问题影响的资源列表。
dateScheduleDefintion,"The date schedule is used to define a schedule that is based on specific dates, such as December 31st 2015, February 28th 2013",按日期计划定义,用于定义基于特定日期的计划，例如2025年12月31日。
MonthlyScheduleDayOfWeekDefinition,0,按月计划-周定义,在按月重复的计划中，具体定义在哪一周的星期几执行。
monthlyScheduleDayOfMonthDefinition,The schedule definition for running the threshold job,按月(日)计划定义,用于运行阈值作业的、基于每月特定日期的计划定义。
securityKeyProvider,"A security key provider refers to an entity, such as a manufacturer, vendor, or service provider, that supplies or offers security keys to end-users or organizations. These providers may develop and produce the physical security key devices or provide the associated software, services, and infrastructure necessary for their usage. Security key providers play a crucial role in ensuring the availability, quality, and security of the security keys and associated components, including firmware updates, key management systems, and authentication protocols. They may also offer additional services like customer support, integration assistance, and compliance with industry standards.",安全密钥提供商,提供或生产安全密钥（如U盾）的实体，例如制造商或服务提供商。
securityKeyType,"The security key type refers to the classification or category of a security key based on its underlying technology or functionality. Examples: USB security key, NFC security key.",安全密钥类型,安全密钥的类型或技术分类，例如“USB安全密钥”、“NFC安全密钥”。
securityKeyId,"A security key identifier, also known as the credential ID, is a unique identifier associated with a specific security key. It is generated during the enrollment process when a security key is registered with a service or platform. The security key identifier is used to identify and authenticate the security key during subsequent login attempts. It serves as a reference to the corresponding cryptographic key pair stored securely within the security key.",安全密钥ID,与特定安全密钥关联的唯一标识符（也称凭证ID），在注册时生成。
instructionCharacteristic,Additional shipping characteristics that maybe specific to one or another carrier,指令特征,可能是特定承运商专有的额外发货特征。
changeRequest,0,变更请求,与实体相关的变更请求。
problemUnacknowledgement,0,问题取消确认,取消确认问题的操作。
cloudApplicationSpecification,0,云应用规约,与实体相关的云应用规约（模板）。
partnershipName,The name of the partnership type defining this role type,合作关系名称,定义此角色类型的合作关系类型的名称。
partnershipId,The identifier of the partnership type containing the role type,合作关系ID,包含此角色类型的合作关系类型的标识符。
partnershipHref,Reference url of the partnership type containing the role type,合作关系链接,包含此角色类型的合作关系类型的引用链接。
activity,0,活动,与实体相关的活动。
userEquipmentSpecification,0,用户设备规约,与实体相关的用户设备规约（模板）。
permissionSet,0,权限集,与实体相关的权限集。
jsonPath,"The JSON Path expression that defines the entities covered by a permission set, format of the filter is as per the JSON Path query parameter filter as defined in TMF630",JSON路径,定义权限集所覆盖实体的JSON Path表达式。
filter,"The filter expression that defines the entities covered by a permission set, format of the filter is as per the simple query parameter filter as defined in TMF630",过滤器,定义权限集所覆盖实体的简单过滤表达式。
criteriaGroup,0,标准组,促销活动的一组标准。
relationTypeAmongGroup,"AND/OR ,The logical relation type amongst the promotion criteria group.",组间关系类型,促销标准组之间的逻辑关系类型（AND/OR）。
criteriaLogicalRelationship,Logical relation followed by all criteria.,标准逻辑关系,所有标准都遵循的逻辑关系。
groupName,Name of the group to be easily identified,组名称,便于识别的组的名称。
criteria,0,标准,促销活动需要满足的标准。
packingType,0,打包类型,文件的打包类型。
retentionPeriod,0,保留周期,数据的保留周期。
mailingDate,Customer bill mailing date.,邮寄日期,客户账单的邮寄日期。
creditDate,Date through which credits previously received by the billing system are displeyed on the bill.,贷项日期,在此日期之前收到的贷项会显示在账单上。
chargeDate,"Date through when a payment method (e.g. credit card,...) will be activated.",费用日期,支付方式（如信用卡）将被激活的日期。
billingDate,The billing/settlement date.,计费日期,计费或结算的日期。
appliedBillingRateType,"Type of the applied billing rate : appliedBillingCharge (any kind of charge except taxation charges : recurringCharge, oneTimeCharge, usageCharge),  appliedBillingCredit (any kind of credit : rebate or productAlteration) or appliedPenaltyCharge (penalty charges such as late fees, payment rejection fees,...)",已应用计费费率类型,已应用的计费费率类型，如“费用”、“贷项”或“罚金”。
periodCoverage,0,周期覆盖,计费周期的覆盖范围。
appliedTax,0,已应用税费,已应用的税费信息。
validPeriod,0,有效期,有效的时间段。
queryUsageConsumption,0,查询用量消耗,与实体相关的查询用量消耗请求。
criteriaValue,The value is filled for the comparison of the criteria.,标准值,用于标准比较的值。
criteriaParameter,The parameter (factor) of the criteria.The basic factors are abstracted from these data sources.There are several detail parameters.,标准参数,标准的参数（因子）。
criteriaOperator,Logic operator of this criteria instruction: '=' or '>' or '<' or '>=' or '<=' or '<>'.,标准操作符,此标准指令的逻辑操作符，例如 =、>、<。
matchingDegree,"Represents the matching degree between the search query and the target item, classified based on linguistic variables and matching rules. This attribute categorizes the degree of similarity into linguistic terms such as HighSimilarity, Medium Similarity, or LowSimilarity.",匹配度,表示搜索查询与目标项目之间的匹配程度，分为“高相似度”、“中相似度”等语言变量。
matchinRule,Indicates the matching rule that was applied to determine the matching degree for the target item. This attribute provides insight into the reasoning behind the assigned matching degree.,匹配规则,(应为matchingRule) 用于确定目标项目匹配度的匹配规则。
similarityScore,Represents the similarity score between the search query and the target item. This score quantifies the degree of similarity or match between the two.,相似度分数,量化搜索查询与目标项目之间相似度的分数。
userEquipment,0,用户设备(UE),与实体相关的用户设备。
productOfferingCharacteristic,"A characteristic quality or distinctive feature of a ProductOffering. The characteristic can take on a discrete value fixed at design (catalog authoring) time, such as Mobile Plan Rank, and is not generally modifiable at inventory level.",产品目录特征,可销售产品（Product Offering）的一个特征或独特属性，其值通常在设计时固定。
productOfferingRelationship,A relationship between this product offering and other product offerings.,产品目录关系,此可销售产品与其他可销售产品之间的关系。
quoteItemId,Identifier of a quote item. ,报价项ID,报价项的唯一标识符。
quoteId,Unique identifier of a refered quote.,报价单ID,被引用的报价单的唯一标识符。
accountNumber,The Bank Account Number (this could refer to the IBAN or SWIFT number),账号,银行账号（可以是IBAN或SWIFT号）。
BIC,The Business Identifier Code/Swift code of the financial institution where the account is located.,BIC/SWIFT代码,账户所在金融机构的业务标识符代码/SWIFT代码。
quoteHref,Reference of the related quote.,报价单链接,相关报价单的引用链接。
serviceLevelAgreement,0,服务等级协议(SLA),与实体相关的服务等级协议。
isSellable,A flag indicating if this product offer can be sold stand-alone for sale or not. If this flag is false it indicates that the offer can only be sold within a bundle.,是否可单独销售,一个布尔值，表明此产品目录是否可以单独销售（true），还是只能在组合包中销售（false）。
plaSpecId,id of corresponding PricingLogicAlgorithm specification,定价逻辑算法规约ID,对应的定价逻辑算法（PricingLogicAlgorithm）规约的ID。
partnerCatalogCategory,The partner catalog categories containing partner product offers made available for purchasing by Loyalty Program Members using loyalty rewards.,合作伙伴目录分类,包含合作伙伴产品目录的分类，这些产品可供忠诚度计划会员使用奖励进行购买。
closedLoopType,0,闭环类型,闭环流程的类型。
closedLoopGoalSpecification,0,闭环目标规约,与实体相关的闭环目标规约（模板）。
closeLoopGoalSpecification,0,闭环目标规约,（拼写错误，同上）与实体相关的闭环目标规约（模板）。
goal,0,目标,操作的目标。
whyInvoke,0,调用原因,调用操作的原因。
cartItemRelationship,0,购物车项关系,购物车项之间的关系。
characterisitc,0,特征,(应为characteristic) 对象的特征。
agreedByParty,0,协议方,同意协议的参与方。
applicableForParty,0,适用方,协议适用的参与方。
allowedRole,A list of roles in the organization who are allowed access to this characteristic,允许的角色,组织中允许访问此特征的角色列表。
privacyType,"Type of privacy (e.g. Internal Purpose, External Purpose, Internal Retention, External Retention)",隐私类型,隐私的类型，例如“内部目的”、“外部保留”。
bundledProductUsageSpecification,Relationship to Product specification in bundle,组合产品用量规约,在组合产品中，与产品规约的关系。
billCycle,0,计费周期,与实体相关的计费周期。
billNo,Bill reference known by the customer or the party and displayed on the bill. Could be different from the id,账单号,客户或参与方已知的、显示在账单上的参考号，可能与ID不同。
BillCycleSpecification,0,计费周期规约,（拼写错误，同billingCycleSpecification）与实体相关的计费周期规约（模板）。
businessRuleTriggerEvent,0,业务规则触发事件,触发业务规则的事件。
closedLoopRelationship,A list of intents related to this closedLoop,闭环关系,与此闭环相关的意图列表。
outputFormat,0,输出格式,输出文件的格式。
recurringDaySequence,0,重复日序列,重复的日期序列。
dayOfMonthRecurrence,0,按月重复,按月重复的计划。
closedLoopWorkflowPriority,0,闭环工作流优先级,闭环工作流的优先级。
dayOfWeek,"A day or days representing when the schedule is applicable. For example 2, 3 represent Monday and Tuesday.",星期,计划适用的星期几，例如 2， 3 代表周一和周二。
interactionRelationship,0,交互关系,交互之间的关系。
interactionItem,0,交互项,交互中的具体项目。
interactionItemType,"Classification and sub-classification. E.g. Case (type) (subtype/s) Ticket, Incident",交互项类型,交互项的分类和子分类，例如 案例 -> 工单 -> 事件。
interactionItemRelationship,0,交互项关系,交互项之间的关系。
resolution,Resolution of the interaction item,解决方案,交互项的解决方案。
itemDate,0,项目日期,项目的日期。
provideOnlyAvailable,An indicator which when the value is "true" means that only available product offering must be listed in the response,仅提供可用,一个布尔值，为true时表示响应中只应列出可用的产品目录。
checkProductOfferingQualificationItem,Qualification item for a product or a category,检查产品可提供性资格查询项,（拼写错误）产品或分类的资格查询项。
jobOnDemand,"True if the job is a single job to be executed immediately in which case the reportingPeriod and scheduleDefinition would not be applicable, false otherwise",按需任务,一个布尔值，为true时表示这是一个立即执行的单次任务。
searchTaskFilter,0,搜索任务过滤器,搜索任务的过滤器。
jobCollectionFilter,0,任务采集过滤器,任务采集的过滤器。
usageConsumption,Report with current counters and balances,用量消耗,包含当前计数器和余额的报告。
queryServiceQualification,0,查询服务资格,与实体相关的（异步）查询服务资格请求。
accountNumberType,"The type of account number (e.g.: IBAN, SWIFT, ...)",账号类型,账号的类型，例如 IBAN， SWIFT。
revenueSharingModelHref,Reference of the related entity.,收入分成模型链接,相关实体的引用链接。
reportingPeriod,0,报告周期,报告的时间周期。
offeringPrice,The PartyRevSharingModelItemInvolvement associated offering price(s),产品价格,与参与方收入分成模型项相关的产品价格。
sharingModelItemInvolvement,"The PartyRevSharingModelItem involvements revenue share item related to products, ProductOffings or productOffingPrices",分成模型项参与,收入分成模型项中，与产品、可销售产品或产品价格相关的分成参与信息。
partyRevSharingModelInvolPrice,0,参与方收入分成模型相关价格,与实体相关的参与方收入分成模型价格信息。
sharingReportItemIDetail,The PartyRevSharingReportItemDetail list revenue share details related to the specified partner,分成报告项详情,与指定合作伙伴相关的收入分成详情列表。
billPeriod,0,账单周期,账单的时间周期。
cdrTransactionItem,0,通信详单交易项,与实体相关的通信详单交易项。
partyRevSharingReportItem,The PartyRevSharingReportItem list revenue share details related to the specified partner,参与方收入分成报告项,与指定合作伙伴相关的收入分成详情列表。
extract,0,提取任务,与实体相关的提取任务。
relatedCapacitySpecification,related capacity specification.,关联容量规约,相关的容量规约（模板）。
capacityCharacteristicSpecification,"A characteristic quality or distinctive feature of a CapacitySpecification. The characteristic can be take on a discrete value, such as color, can take on a range of values, or can be derived from a formula. Can be used to define the details of how Capacities of the described type are managed, i.e. consumed, refilled, checked for availability.",容量规约特征,容量规约的一个特征或独特属性。
relatedCapacity,related capacity.,关联容量,相关的容量。
capacityCharacteristic,"A characteristic quality or distinctive feature of a Capacity. The characteristic can be take on a discrete value, such as color, can take on a range of values, or can be derived from a formula. Can be used to define the details of how Capacities of the described type are managed, i.e. consumed, refilled, checked for availability.",容量特征,容量的一个特征或独特属性。
loyaltyExecutionPoint,0,忠诚度执行点,与实体相关的忠诚度执行点。
criticalityLevel,"Level of criticality for this characteristic of personal identifiable information (e.g. in terms of the damage if this item was breached), such as low, medium, high.",关键性级别,个人可识别信息特征的关键性级别（例如，信息泄露时的损害程度），如“低”、“中”、“高”。
applicableRole,"A list of roles to which this specification can apply. For example: Shop Agent, Call Center Agent.",适用角色,此规约可适用的角色列表，例如“门店代理”、“呼叫中心座席”。
needsLoyaltyAccount,"Indicator if a loyaltyAccount is required for the program as in some instances programs may reward with business interactions, offers only and therefore would not need an account for points or virtual currency balances.",是否需要忠诚度账户,一个布尔值，表明此忠诚度计划是否需要忠诚度账户来记录积分。
partnerCatalogOffer,The partner catalog offers exposed to Loyalty Program Members for purchasing using Loyalty Rewards.,合作伙伴目录产品,向忠诚度计划会员展示的、可使用忠诚度奖励购买的合作伙伴目录产品。
resourceUsageSpecRelationship,"A list of resource usage specifications related to this specification, e.g. migration, substitution, dependency or exclusivity relationship",资源使用量规约关系,与此规约相关的其他资源使用量规约的列表，例如迁移、替代、依赖关系。
capacityAmountTo,0,容量上限,容量的上限值。
capacityAmountFrom,0,容量下限,容量的下限值。
capacityAmount,0,容量大小,容量的具体数值。
capacityStatus,0,容量状态,容量的状态。
availabilityCheck,0,可用性检查,与实体相关的可用性检查。
fromToDateTime,0,起止日期时间,起始和结束的日期时间。
pooledResource,Array of resources contained in this Pool. Could be a ResourceCollection.,池化资源,此资源池中包含的资源数组。
pooledResourceSpecification,0,池化资源规约,与实体相关的池化资源规约（模板）。
capacity,Specific ability of an entity measured in quantity and units of quantity over an extended period.,容量,一个实体在一段时间内以数量和单位衡量的特定能力。
push,0,推送任务,与实体相关的推送任务。
cdrCharacteristic,0,通信详单特征,通信详单（CDR）的特征。
cdrType,Type of cdr,CDR类型,通信详单（CDR）的类型。
revenueSharingModelName,Name of the related revenue sharing model.,收入分成模型名称,相关收入分成模型的名称。
involPriceId,Id of a price of a revenue sharing model item,相关价格ID,收入分成模型项中价格的ID。
revenueSharingModelItemId,Unique identifier of a related revenue sharing model item.,收入分成模型项ID,相关收入分成模型项的唯一标识符。
transactionItemId,Id of an item of a Cdr transaction,交易项ID,通信详单交易中项目的ID。
transactionId,Unique identifier of a related entity.,交易ID,相关实体的唯一标识符。
transactionHref,Reference of the related entity.,交易链接,相关实体的引用链接。
policyConditionVariable,0,策略条件变量,策略条件中使用的变量。
policyActionVariable,0,策略动作变量,策略动作中使用的变量。
actionVariable,The policy action variables of the policy to calculate revenue share,动作变量,用于计算收入分成的策略动作变量。
conditionVariable,The policy condition variables of the policy to calculate revenue share,条件变量,用于计算收入分成的策略条件变量。
cdr,0,通信详单记录(CDR),与实体相关的通信详单记录。
transactionItem,0,交易项,交易中的具体项目。
applicableTimePeriod,The period of time for which Capacity or CapacityDemand applies.,适用时间段,容量或容量需求适用的时间段。
tier,The member tier based on tiered loyalty program rules,等级/会员级别,基于分级忠诚度计划规则的会员等级。
relatedProductSpecification,The related product specification may relate to more than one product specification.,关联产品规格,相关的产品规格，可能关联多个。
productTestSpecRelationship,"A list of product test specifications related to this specification e.g. dependency, substitution",产品测试规约关系,与此规约相关的其他产品测试规约的列表，例如依赖、替代关系。
productTest,0,产品测试,与实体相关的产品测试。
incidentRef,"An Incident is a record of an event that has altered the operational state of a entity (Resource, Service or Customers Product).",事件引用,事件是改变了实体（资源、服务或客户产品）运行状态的事件记录。
relatedProduct,0,关联产品,相关的产品。
productUsageSpecRelationship,"A list of product usage specifications related to this specification, e.g. migration, substitution, dependency or exclusivity relationship",产品使用量规约关系,与此规约相关的其他产品使用量规约的列表，例如迁移、替代、依赖关系。
eligibilityResultReason,"A list of eligibility result reasons (EligibilityResultReason [*]). Reason for eligibility result, whatever the result is (availability or unavailability).",资格校验结果原因,资格校验结果的原因列表，无论结果是可用还是不可用。
partyRoleProductOfferingRiskAssessment,0,参与方角色产品目录风险评估,与实体相关的参与方角色产品目录风险评估。
workOrderId,Unique identifier of a related entity.,工单ID,相关实体的唯一标识符。
workOrderHref,Reference of the related entity.,工单链接,相关实体的引用链接。
shoppingCartRiskAssessment,0,购物车风险评估,与实体相关的购物车风险评估。
productOrderRiskAssessment,0,产品订单风险评估,与实体相关的产品订单风险评估。
productOfferingRiskAssessment,0,产品目录风险评估,与实体相关的产品目录风险评估。
partyRoleRiskAssessment,0,参与方角色风险评估,与实体相关的参与方角色风险评估。
ratedCdr,0,已计费通信详单,与实体相关的已计费通信详单记录。
cdrDirectionType,0,通信详单方向类型,通信详单（CDR）的方向。
quoteTotalPrice,Quote total price,报价单总价,报价单的总价格。
relatedService,0,关联服务,相关的服务。
originatorParty,0,发起方,操作的发起方。
bundledServiceUsageSpecification,Relationship to Service specification in bundle,组合服务用量规约,在组合产品中，与服务规约的关系。
serviceUsageSpecRelationship,"A list of service usage specifications related to this specification, e.g. migration, substitution, dependency or exclusivity relationship",服务使用量规约关系,与此规约相关的其他服务使用量规约的列表，例如迁移、替代、依赖关系。
bundledServiceUsage,Relationship to Service Usage in bundle,组合服务用量,在组合产品中，与服务用量的关系。
subDomainRef,"List of child PolicyDomains. PolicyDomain can have many child Policy Domains, but one child PolicyDomain can only have one parent PolicyDomain",子域引用,子策略域的列表。
scopedManagedEntity,List of entities to which this PolicyDomain applies,范围内的受管实体,此策略域适用的实体列表。
workRelationshipCharacteristic,Work relationship characteristics,工作关系特征,工作关系的特征。
workOrderItemRelationship,Work Order Item Relationship,工单项关系,工单项之间的关系。
workOrderRelationship,Work order relationship,工单关系,工单之间的关系。
relatedProductOrder,Product Order Reference,关联产品订单,相关的产品订单引用。
bundledResourceUsageSpecification,Relationship to Resource specification in bundle,组合资源用量规约,在组合产品中，与资源规约的关系。
bundledResourceUsage,Relationship to Resource Usage in bundle,组合资源用量,在组合产品中，与资源用量的关系。
testMeasureCharacteristic,A list of additional characteristics that characterize this test measurement (usageCharacteristic [*]) ,测试度量特征,描述此测试度量的额外特征列表。
productTestSpecification,0,产品测试规约,与实体相关的产品测试规约（模板）。
shipmentTracking,0,货运跟踪,货运的跟踪信息。
shipmentPrice,0,货运价格,货运的价格。
shipmentItem,List of items that are part of the shipment (parcel/package),货运项,作为货运一部分的项目列表。
shipmentCharacteristic,List of characteristics with values,货运特征,带有值的货运特征列表。
requestedDeliveryDate,The date requester by the sender for shipment delivery,期望交付日期,发件人请求的货物交付日期。
expectedDeliveryDate,The date that the shipment will be delivered,预计交付日期,货物将被交付的预计日期。
alarmRaisedTime,Indicates the time (as a date + time) at which the alarm occurred at its source.,告警触发时间,告警在其源头发生的日期和时间。
modifyPath,A list of modification items provided for the service update when serviceOrderItem action is modify,修改路径,当服务订单项动作为“修改”时，为服务更新提供的修改项列表。
serviceOrderItemRelationship,A list of order items related to this order item,服务订单项关系,与此订单项相关的其他订单项列表。
orderCharacteristic,A list of characteristics that characterize this order ,订单特征,描述此订单的特征列表。
orderSpecification,0,订单规约,与实体相关的订单规约（模板）。
salesOpportunityItemStatus,0,销售机会项状态,销售机会项的状态。
salesOpportunityItem,0,销售机会项,与实体相关的销售机会项。
cdrDate,Date of cdr,CDR日期,通信详单（CDR）的日期。
specificationRelationship,0,规约关系,规约之间的关系。
party,0,参与方,与实体相关的参与方。
underlyingProblem,A list of underlying problems. Relevant only if this problem is derived from other problems.,底层问题,此问题所源自的底层问题列表。
slaViolation,A List of SLA violations associated with this problem.,SLA违约,与此问题关联的SLA违约列表。
underlyingAlarm,A list of alarms underlying this problem.,底层告警,构成此问题的底层告警列表。
serviceTestSpecification,0,服务测试规约,与实体相关的服务测试规约（模板）。
relatedServiceSpecification,The related service specification may relate to more than one service specification.,关联服务规约,相关的服务规约，可能关联多个。
serviceTestSpecRelationship,"A list of service test specifications related to this specification e.g. dependency, substitution",服务测试规约关系,与此规约相关的其他服务测试规约的列表，例如依赖、替代关系。
parent,0,父级,在层级结构中，指向父级对象的引用。
affectedNumberOfServices,Number of affected services,受影响服务数量,受事件影响的服务的数量。
prospectContact,0,潜在客户联系人,潜在客户的联系信息。
salesLeadType,Indicates the nature of the salesLead,销售线索类型,表明销售线索的性质，例如来自“网络表单”或“展会”。
contactMediumIdentifier,Identifier for this contact medium.,联系方式标识符,此联系方式的标识符。
workforceEmployee,0,现场员工,与实体相关的现场服务员工。
skillType,"Ex: primarySkill, secondarySkill",技能类型,技能的类型，例如“主要技能”、“次要技能”。
shipmentSpecification,0,货运规约,与实体相关的货运规约（模板）。
relatedShipment,A list of existing shipments that has some form of correlation with the given shipment,关联货运,与给定货运有某种形式关联的现有货运列表。
collectionDate,The date the package was collected from the carrier (Collection scenario),揽收日期,包裹被承运商揽收的日期。
deliveryDate,Is the date at which the shipment was completed (customer has taken ownership of the package),派送日期,货运完成（客户已签收包裹）的日期。
salesTask,0,销售任务,与实体相关的销售任务。
packageType,The type of packaging,包裹类型,包裹的包装类型。
labelMessage,Shipping delivery message label,标签消息,货运交付的标签消息。
insuredValue,0,保价金额,货物的投保价值。
deliveryTimeSlot,0,派送时间槽,派送的时间段。
deliveryAttempts,Shipping delivery attempts that should be performed,派送尝试次数,应执行的货运派送尝试次数。
deliverySpeed,"Shipping delivery speed, same day, next day, next business day, etc",派送速度,货运的派送速度，例如“当日达”、“次日达”。
carrierServiceCode,"The service code used by the carrier to ship the package, royal mail ground, royal mail first class, etc",承运商服务代码,承运商用于运输包裹的服务代码，例如“顺丰标快”。
carrierName,The carrier name,承运商名称,承运商的名称。
carrierId,The carrier identifier,承运商ID,承运商的标识符。
shippingType,"The shipping type, e.g. thick_envelope, small_flat_rate_box, large_package, etc.",运输类型,运输的类型，例如“厚信封”、“小号标准箱”。
shipmentItemPrice,0,货运项价格,货运项的价格。
productStockRef,0,产品库存引用,用于简要引用一个产品的库存记录。
salesOpportunityType,Indicates the nature of the SalesOpportunity,销售机会类型,表明销售机会的性质。
policyEvent,0,策略事件,与实体相关的策略事件。
productReservationRef,0,产品预留引用,用于简要引用一次产品库存的预留记录。
externalReferenceType,Type of the external reference,外部引用类型,外部引用的类型。
processFlowSpecificationRef,0,流程规约引用,用于简要引用一个预先定义好的流程模板。
shippingOrderItemPrice,0,发货单项价格,发货单项的价格。
shipment,0,货运,与实体相关的货运。
shippingOrderItemOffer,0,发货单项产品目录,发货单项相关的可销售产品（Product Offering）。
shippingOrderOffering,0,发货单产品目录,发货单相关的可销售产品（Product Offering）。
shippingOrderPrice,0,发货单价格,发货单的价格。
shippingOrderCharacteristic,A list of characteristics that characterize this order ,发货单特征,描述此发货单的特征列表。
shippingOrderItem,A list of shipping order items. Each shipping order item has a corresponding Shipment(e.g. parcel) which has one or multiple products in it,发货单项,发货单中的项目列表，每个项目对应一个包裹，包裹中可包含一个或多个产品。
productOrderRef,0,产品订单引用,用于简要引用一个产品订单。
signatureRequiredBy,0,签收要求,签收要求类型，例如“成人签收”。
signatureRequired,0,是否需要签收,一个布尔值，表明货运是否需要签名才能完成。
receiptConfirmation,"Delivery confirmation required for the shipment (none, signature, over18Signature)",收货确认,货运所需的交付确认方式（“无”、“签名”、“18岁以上签名”）。
warehouseId,The identification of the warehouse that the shipment is being shipped from.,仓库ID,货物发出的仓库的标识。
unackProblem,"The problems that were unacknowledged, populated in the output to this task",未确认问题,被取消确认的问题，在此任务的输出中填充。
problemAcknowledgement,0,问题确认,与实体相关的问题确认操作。
ackProblem,"The problems that were acknowledged, populated in the output to this task",已确认问题,已被确认的问题，在此任务的输出中填充。
itemType,This indicates whether the action led to the bucket being incremented or decremented.eg credit or debit,项目类型/操作类型,表明此动作是导致资源桶增加（credit）还是减少（debit）。
amountAfter,0,操作后金额,操作执行后的金额或余额。
amountBefore,0,操作前金额,操作执行前的金额或余额。
containedResource,The Resource members of the collection.,包含的资源,集合中所包含的资源成员。
biometricType,"a biometric type like finger, iris, face, etc... ",生物特征类型,生物特征的类型，例如“指纹”、“虹膜”、“人脸”等。
customer360,0,客户360视图,与实体相关的客户360视图。
taskFlowSpecificationRef,0,任务流规约引用,用于简要引用一个预先定义好的任务流模板。
taskFlowRelationship,A list of taskFlows related to this taskFlow,任务流关系,与此任务流相关的其他任务流的列表。
processFlowSpecification,Specification of the processFlow.,流程规约,流程的规约（模板）。
observedValue,The measurement value,观测值,度量的观测值。
policyVariable,0,策略变量,与实体相关的策略变量。
policyOperator,0,策略操作符,与实体相关的策略操作符。
policyExpression,0,策略表达式,与实体相关的策略表达式。
subCategory,"The category resource is used to group product offerings, service and resource candidates in logical containers. Categories can contain other (sub-)categories and/or product offerings.",子分类,当前分类下的子分类。
endpointSpecification,Specifications for resource graph vertices connected by this edge.,端点规约,由此“边”连接的资源图谱“顶点”（即端点）的规约。
associationType,Association type.,关联类型,关联的类型。
serviceSpecRelationship,"A list of service specification relationships related to this specification, e.g. migration, substitution, dependency or exclusivity relationship",服务规约关系,与此规约相关的其他服务规约的列表，例如迁移、替代、依赖关系。
serviceLevelSpecification,"A list of service level specifications related to this service specification, and which will need to be satisifiable for corresponding service instances; e.g. Gold, Platinum",服务等级规约,与此服务规约相关的服务等级规约列表，例如“金牌”、“铂金”。
serviceCategory,0,服务分类,与实体相关的服务分类。
clientId,"OAuth2 Client ID: A public identifier for apps. Even though it is public, it is best that it is not guessable by third parties, so many implementations use something like a 32-character hex string. DEPRECATED in the POST and the PATCH, this attribute can't be valued by the API consumer in this context.",客户端ID (已弃用),（已弃用）OAuth2客户端ID，是应用的公共标识符。
statusChangeHistory,The status change history that are associated to the ticket. Populated by the server,状态变更历史,与故障单关联的状态变更历史记录。
productOrderMilestone,0,产品订单里程碑,与实体相关的产品订单里程碑。
productOrderJeopardyAlert,0,产品订单风险告警,与实体相关的产品订单风险告警。
productOrderErrorMessage,0,产品订单错误消息,与实体相关的产品订单错误消息。
productSpecCharacteristicValue,A number or text that can be assigned to a ProductSpecificationCharacteristic.,产品规格特征值,可分配给产品规格特征的一个数值或文本。
policyDomainFilter,0,策略域过滤器,策略域的过滤器。
application,0,应用,与实体相关的应用。
rootCauseService,Service(s) that are associated to the underlying service problems that are the Root Cause of this one if any (used only if applicable),根因服务,与构成此问题根源的底层服务问题相关的服务。
rootCauseResource,Resource(s) that are associated to the underlying service problems that are the Root Cause of this one if any (used only if applicable).,根因资源,与构成此问题根源的底层服务问题相关的资源。
actionValue,"When the Promotion type is 1: Award, it means the amount or value of the awards decided by actionType, such as: Amount of gift, Amount of bonus, Value of discount;  
 • When the Promotion type is 2: Discount, it means the value of the discount;  
 • When the Promotion type is 3: reduction, it means the value of the reduced money.",动作值,促销活动中利益的价值，例如折扣的金额、赠送的流量大小。
actionType,"Action type can be one of the following: voice (minute), data (MB), data (GB), SMS, bonus point, physical gift, voucher, promotion code, an existing offering, currency.",动作类型,促销活动中利益的类型，例如“语音（分钟）”、“数据（MB）”、“积分”、“代金券”。
actionEntityRef,0,动作实体引用,动作实体的引用。
pattern,0,模式,用于匹配的模式。
compressionType,0,压缩类型,文件的压缩类型。
fileFormat,0,文件格式,文件的格式。
fileLocation,0,文件位置,文件的位置。
stringArray,0,字符串数组,字符串数组。
filterTemplate,0,过滤模板,过滤器的模板。
mappings,0,映射,映射关系。
apiType,0,API类型,API的类型。
uriQueryFilter,0,URI查询过滤器,URI的查询过滤器。
uri,URI for using the data access API,URI,用于使用数据访问API的URI。
expressionSpecification,0,表达式规约,表达式的规约（模板）。
intentReport,0,意图报告,与实体相关的意图报告。
biometricSubType,"a biometric sub type when required like for finger: thumb, index, ring , pinkyFinger, etc ",生物特征子类型,当需要时，生物特征的子类型，例如指纹的“拇指”、“食指”。
productOfferingTermOrConditionApproval,0,产品目录条款审批,与实体相关的产品目录条款审批。
applicationLegalBasisForInputData,0,应用输入数据的法律依据,应用输入数据的法律依据。
process,Lists all the operations or 'processing' performed on data by the data consumer.,处理过程,列出了数据消费者对数据执行的所有操作或“处理”。
purposeReason,"Explain the reason justifying the purpose, indicating specifically which is the reason why the API is employed as part of the application's use case.",目的原因,解释证明目的合理性的原因，特别是说明为何API被用作应用用例的一部分。
userConsentScreenshot,0,用户同意截图,用户同意的截图。
approvalDate,Date of the approval.,批准日期,批准的日期。
completionMethod,TaskFlow completion method.,完成方法,任务流的完成方法。
processFlowDate,Is the date when the processFlow was created in basse (timestamp),流程创建日期,流程被创建的日期（时间戳）。
securityPrincipalRef,0,安全主体引用,用于简要引用一个安全主体（如用户、服务账户）。
scope,"One or several scopes of the API, as stated in the API that has been purchased. Examples: ""sim-swap:retrieve-date"" ",范围,API的一个或多个范围（Scope），定义了API被授权执行的操作，例如sim-swap:retrieve-date。
grantType,"One or several grantType of the API, as stated in the API that has been purchased. Examples:  ""authorization_code""   ""client_credentials""   ""urn:ietf:params:oauth:grant-type:token-exchange""   ""urn:ietf:params:oauth:grant-type:jwt-bearer""   ""urn:ietf:params:oauth:grant-type:saml2-bearer""   ""urn:ietf:params:oauth:grant-type:device_code""   ""urn:openid:params:grant-type:ciba""",授权类型,API的一个或多个授权类型（Grant Type），定义了获取访问令牌的方式，例如client_credentials。
legalBasis,0,法律依据,数据处理的法律依据。
cancelProductOrder,0,取消产品订单,与实体相关的取消产品订单请求。
isMandatory,Indicate mandatory TaskFlow.,是否强制,一个布尔值，表明一个任务流是否为强制执行。
checkCredential,0,检查凭证,与实体相关的检查凭证请求。
monitoredObjectClass,A monitored object class for specifying the set of instances that are referenced by a PM query.,被监控对象类,用于指定性能度量查询所引用的实例集合的被监控对象类。
commentedAlarm,The successfully commented alarms,已备注告警,已成功添加备注的告警。
score,List of scores for the specific risk criteria that are relevant for the risk assessment,评分,与风险评估相关的特定风险标准的评分列表。
workOrder,0,(现场)工单,与实体相关的现场工单。
commentAlarm,0,告警备注,与实体相关的告警备注操作。
threshold,0,阈值,相关的阈值信息。
userId,Indicates the user commenting the alarm.,用户ID,对告警进行备注的用户的ID。
orderItem,0,订单项,与实体相关的订单项。
clearAlarm,0,告警清除,与实体相关的告警清除操作。
performanceMeasurement,0,性能度量,与实体相关的性能度量。
ackAlarm,0,告警确认,与实体相关的告警确认操作。
ackedAlarm,The successfully acknowledged alarms,已确认告警,已成功确认的告警。
CancelServiceOrder,0,取消服务订单,（应为cancelServiceOrder）与实体相关的取消服务订单请求。
taskFlowSpecification,Reference of the TaskFlowSpecification,任务流规约,预定义的任务流规约（模板）的引用。
alternateProductOfferingProposal,Collection of alternate product offerings,备选产品建议,备选的可销售产品（Product Offering）建议集合。
qualificationItemResult,"Qualification result for this checkProductOfferingQualification item. It could be qualified (request productOffering or productSpecification are available), unqualified (requested not available and not alternate available), alternate (requested not available but alternate proposal available)",资格查询项结果,此检查产品可提供性资格查询项的结果：“合格”、“不合格”或“有备选方案”。
qualifiedProductOfferingItem,Qualification item for a product or a category,合格的产品目录项,产品或分类的资格查询项。
monitoredObjectInstances,0,被监控对象实例,被监控的对象实例。
billDocument,0,账单文件,账单的文件信息。
billDate,"Bill date, external customer view (in consequence: different to the production date of the bill)",账单日期,账单上显示的、面向客户的日期。
appliedPayment,"Applied payment is a payment associated with the bill. There may be a partial payment, then there should be several applied payments available. On the other hand, more than one bill could be payed by one payment. In general there is an n:m relation between payment and bill.",已应用付款,与账单关联的付款。一笔账单可能对应多笔部分付款，一笔付款也可能用于支付多笔账单。
amountDue,0,应付金额,到期应付的金额。
nextBillDate,). Approximate date of  the next bill production given for information (only used/meaningful for on cycle / regular bills),下次账单日期,下次账单生成的大致日期（仅用于参考）。
remainingAmount,0,剩余金额,剩余未付的金额。
capacityOption,The possible Capacities that can be applied to fulfill the capacityDemand,容量选项,可用于满足容量需求的可能容量选项。
extractedResource,0,已提取资源,已提取的资源。
objectInstanceFilter,A filter that can be used in conjunction with the monitored object class for specifying the set of instances that are referenced by a PM query.,对象实例过滤器,可与被监控对象类结合使用的过滤器，用于指定性能度量查询所引用的实例集合。
clearedAlarm,The successfully cleared alarms,已清除告警,已成功清除的告警。
taxItem,0,税项,与实体相关的税项。
runType,0,运行类型,账单的运行类型。
pushedResource,0,已推送资源,已推送的资源。
headers,0,消息头,请求的消息头。
representative,0,代表,组织的代表。
commercialActivity,Flag to indicate if commercial activity applies to these data management.,商业活动,一个布尔值，表明商业活动是否适用于这些数据管理。
privacyManager,0,隐私经理,负责隐私管理的经理。
dataProtectionOfficer,0,数据保护官(DPO),负责数据保护的官员。
localRepresentative,Represents a Party representing the Organization within a geographic localization.,本地代表,在某个地理区域内代表组织的参与方。
configurationAction,A list of allowed actions or a list of selected actions.,配置动作,允许的动作列表或已选择的动作列表。
entityId,Unique identifier of the parent element.,实体ID,父元素的唯一标识符。
isVisible,A flag indicating whether the Product Configuration is visible by API client and presented to the end-user.,是否可见,一个布尔值，表明产品配置是否对API客户端可见并呈现给最终用户。
computedProductConfigurationItem,A list of computed product configuration items (the output).,计算出的配置项,计算（输出）出的产品配置项列表。
lastFourDigits,The last four digits of the credit card.,(卡号)后四位,信用卡的最后四位数字。
cardType,"The type of card e.g. Credit, debit etc.",卡类型,卡的类型，例如“信用卡”、“借记卡”。
queryProductConfigurationItem,ProductConfigurationItem is an arraylist of product configuration items contained in the ProductConfigurationItem.,查询产品配置项,产品配置项中包含的产品配置项数组列表。
queryProductConfiguration,0,查询产品配置,与实体相关的（异步）查询产品配置请求。
provideAlternatives,An indicator which when the value is "true" means that alternative solutions should be provided.,提供备选方案,一个布尔值，为true时表示应提供备选解决方案。
checkProductConfigurationItem,CheckProductConfigurationItem is a list of product configuration items representing the input and the output of the check product configuration API.,检查产品配置项,代表检查产品配置API输入和输出的产品配置项列表。
characteristicValue,0,特征值,特征的具体取值。
configurationCharacteristicValue,A list of configuration characteristic values.,配置特征值,配置特征值的列表。
configurationCharacteristicRelationship,"Relationship to other configuration characteristics, such as dependency (the value that this characteristic can take or may be limited by the value of the related characteristic).",配置特征关系,与其他配置特征的关系，例如依赖关系。
isConfigurable,"A flag indicating whether this configuration characteristic may be configured (i.e. value may be set by the end-user). In case of false value, the characteristic value may not be set by the end-user and is preset by the product configurator.",是否可配置,一个布尔值，表明此配置特征是否可由最终用户配置。
alternateProductConfigurationProposal,A list of alternative product configurations proposed to the requester of the check product configuration operation. The list may be populated in case product configuration was rejected.,备选产品配置建议,在产品配置被拒绝时，向请求者提议的备选产品配置列表。
productConfigurationItem,ProductConfigurationItem is a list of product configuration items contained in the ProductConfigurationItem.,产品配置项,产品配置项中包含的产品配置项列表。
entityHref,Hypertext Reference of the parent element.,实体链接,父元素的超文本引用。
requestProductConfigurationItem,A list of product configuration items provided as input. These items are used to compute computed product configuration items (the output).,请求的配置项,作为输入提供的产品配置项列表，用于计算输出。
configurationCharacteristic,List of characteristics of the product configuration. Each may correspond 1-1 to product/productSpecification characteristics.,配置特征,产品配置的特征列表。
configurationPrice,"List of prices of the product configuration. Prices are computed based on product configuration, selected characteristic values, selected bundled offerings, terms etc.",配置价格,产品配置的价格列表。
configurationTerm,A list of allowed terms or a list of selected terms.,配置条款,允许的条款列表或已选择的条款列表。
hasNetworkInterface,tell if UserEquipment has network interface(s),是否有网络接口,一个布尔值，表明用户设备是否有网络接口。
isWearable,tell if UserEquipment is a wearable device,是否为可穿戴设备,一个布尔值，表明用户设备是否为可穿戴设备。
isPortable,tell if UserEquipment is a portable/movable device,是否为便携设备,一个布尔值，表明用户设备是否为便携/可移动设备。
indicatorName,Indicates the name of indicator which crossed the threshold.,指标名称,穿越阈值的指标的名称。
thresholdCrossingDescription,Indicates further information on the threshold crossing alarm.,越限描述,关于阈值穿越告警的进一步信息。
groupedAlarm,The successfully correlated alarms,已分组告警,已成功关联或分组的告警。
groupAlarm,0,告警分组,与实体相关的告警分组操作。
checkPermission,0,检查权限,与实体相关的检查权限请求。
unAckedAlarm,The successfully unacknowledged alarms,已取消确认告警,已成功取消确认的告警。
submittedGeographicAddress,0,提交的地理地址,提交的地理地址信息。
usageConsumptionReport,0,用量消耗报告,与实体相关的用量消耗报告。
consumptionSummary,0,消耗摘要,用量消耗的摘要信息。
unGroupAlarm,0,告警取消分组,与实体相关的告警取消分组操作。
unGroupedAlarm,The successfully uncorrelated alarms,已取消分组告警,已成功取消关联或分组的告警。
unAckAlarm,0,告警取消确认,与实体相关的告警取消确认操作。
alternateProductOffering,0,备选产品目录,备选的可销售产品（Product Offering）。
alternateProduct,0,备选产品,备选的产品。
alternateActivationDate,Alternate activation date in case seller is not able to meet requested expected activation date.,备选激活日期,在卖方无法满足期望激活日期时，提供的备选激活日期。
customerBillOnDemand,0,按需客户账单,与实体相关的按需客户账单。
productOfferingTermOrConditionSpecification,List of ProductOfferingTermOrConditionSpecification applicable for the ProductOffering.,产品目录条款规约,适用于产品目录（Product Offering）的条款规约列表。
dataExportStorageCountry,Field to contain all the information related the last data storage site.,数据导出存储国家,包含最后数据存储站点所有相关信息的字段。
@targetProductOrderItemSchema,0,@目标产品订单项结构,指向目标产品订单项结构和类型的引用对象。
productOfferingTermOrConditionSpecRef,0,产品目录条款规约引用,用于简要引用一个产品目录条款的规约（模板）。
commercialOrganizationName,Organization who is managing the data.,商业组织名称,管理数据的组织的名称。
dataPrivacyFrameworkURL,URL to the organization or governmental data privacy framework if applies.,数据隐私框架URL,组织或政府数据隐私框架的URL链接。
processingOperation,operations of the data processing of the API.,处理操作,API数据处理的操作。
dataExportTransitCountry,Field to contain all the traceability of the data until the last storage site.,数据导出中转国家,包含数据到达最后存储站点前所有可追溯性信息的字段。
taxNumber,Tax number of the Organization in the country,税号,组织在该国家的税号。
registeredGeographicAddress,0,注册地理地址,注册的地理地址信息。
apiGrantInformation,"Collection of API grant information that describe the Product. ApiGrantInformation is a structured set of information regarding the grant of access to an API product, detailing its purpose, scope, grant type, and legal basis for usage.",API授权信息,描述产品的API授权信息集合，详细说明了使用的目的、范围、授权类型和法律依据。
apiConsumerRole,"Each GSMA Service-API plays a role, and has specific permissions for use",API消费者角色,每个GSMA服务API扮演的角色，并具有特定的使用权限。
quoteItemRelationship,A relationship from item within a quote,报价项关系,报价单中项目之间的关系。
totalBalance,0,总余额,总余额。
recordTime,Time at which the record was created,记录时间,记录被创建的时间。
informationRequiredPath,0,所需信息路径,需要补充信息的字段的路径。
notification,0,通知,与实体相关的通知信息。
firstAlert,0,首次告警,与事件相关的首次告警。
legalRepresentative,0,法定代表人,组织的法定代表人。
queryServiceQualificationDate,Date when the serviceQualification was submitted,查询服务资格日期,服务资格查询提交的日期。
loyaltyBurn,0,忠诚度兑换,与实体相关的忠诚度兑换（消费积分）操作。
givenDate,Date when the authorization (approved or declined) was done,授权日期,授权（批准或拒绝）执行的日期。
triggers,The type of loyalty action.,触发器,忠诚度动作的类型，用于触发奖励。
loyaltyEarn,0,忠诚度累积,与实体相关的忠诚度累积（赚取积分）操作。
endpoint,The endpoint called to trigger the Loyalty Program reward,端点,用于触发忠诚度计划奖励的被调用端点URL。
checkServiceQualificationDate,Date when the serviceQualification was submitted,检查服务资格日期,服务资格检查提交的日期。
actionAttributes,0,动作属性,动作的相关属性。
accountingCategory,"the accounting category within the organization under which the cost item is recorded. This refers to the classification used within the organization to categorize and track cost (e.g.: Cost Centre, Business Unit, etc.)",会计科目,成本项在组织内记录所归属的会计科目，例如“成本中心”、“业务单元”。
cost,0,成本,与实体相关的成本信息。
costRelationshipCharacteristic,A list of characteristics of the Cost relationship,成本关系特征,成本关系的特征列表。
costItem,0,成本项,与实体相关的成本项。
costItemRelationshipCharacteristic,A list of characteristics of the Cost Item relationship,成本项关系特征,成本项关系的特征列表。
isDiscretionary,"This indicates discretion or choice to incur the cost item based on preferences, needs, or other constraints. Only discretionary cost could be rejected",是否为酌情成本,一个布尔值，表明一个成本项是否是可根据偏好或需求选择性发生的（酌情成本）。
alternateServiceAvailabilityDate,Alternate availability date in case seller is not able to meet requested expected availability date for the service,备选服务可用日期,在卖方无法满足期望的服务可用日期时，提供的备选可用日期。
alternateService,0,备选服务,备选的服务方案。
appointmentRequired,Indicates whether an appointment is required or not,是否需要预约,一个布尔值，表明是否需要预约。
usageVolume,0,用量,与实体相关的用量。
volumeInitialAmount,Initial amount of volumeUnit when corresponding Service Balance is created.,初始量,对应的服务余额被创建时的初始量。
volumeUnit,"unit of the volume. If the schema is specialized with an enum, the values must be taken from this list : apiCall, apiNotification.",量单位,量的单位，例如 apiCall（API调用次数）， apiNotification（API通知次数）。
validityDuration,0,有效时长,有效的持续时间。
apiStandardName,0,API标准名称,API的标准名称。
resourceGraph,0,资源图谱,与实体相关的资源图谱。
apiVersion,"Version of the API. CAMARA project recommends [Semantic Versioning 2.0.0](https://semver.org/) where versions are definied as x.y.z version number which corresponds to a major, minor and fix.",API版本,API的版本号，推荐遵循语义化版本2.0.0（x.y.z）。
apiBasePath,Base path of the API. CAMARA project recommends to set the base path as `/<apiName>/v<major>` or `/apiName/v0.<minor>` (minor version only allowed for unstable APIs in 0 major version).,API基路径,API的基础路径，推荐格式为 /<apiName>/v<major>。
canccelProductOrder,0,取消产品订单,（拼写错误，应为cancelProductOrder）与实体相关的取消产品订单请求。
basePath,Base path of the API.,基路径,API的基础路径。
apiMajorVersion,Major version of the API standard specification.,API主版本,API标准规格的主版本号。
isBlocked,"If true means that the usage of the service can be blocked when a specific value of the Service Balance is reached, for instance when its remaining usage value is 0. ",是否阻塞,一个布尔值，表明当服务余额达到特定值（如0）时，服务使用是否可以被阻塞。
connectivitySpecification,Internal connectivity potential specifications.,连接规约,内部连接潜力的规约。
apiVersionInformation,All values of apiVersionInformation in a same ApiProductSpecification should correspond to the same API.,API版本信息,同一个API产品规格中的所有apiVersionInformation值应对应同一个API。
isRecurring,If true means that a new Service Balance will be created after each validity period.,是否循环,一个布尔值，表明在每个有效期后是否会创建一个新的服务余额。
jeopardyAlert,A list of jeopardy alerts related to this order,风险告警,与此订单相关的风险告警列表。
recommendationType,The type of recommendation,推荐类型,推荐的类型。
calendarEvent,0,日历事件,与实体相关的日历事件。
overallScore,"An overall assessment of the risk, composed from the individual scores",总评分,由各个独立评分组成的对风险的总体评估。
riskName,0,风险名称,风险的名称。
locale,"End-User's locale, represented as a [RFC5646] language tag. This is typically an [ISO639-1] language code in lowercase and an [ISO3166-1] country code in uppercase, separated by a dash. For example, en-US or fr-CA. As a compatibility note, some implementations have used an underscore as the separator rather than a dash, for example, en_US",地区/语言,终端用户的地区设置，遵循RFC5646语言标签格式，例如 en-US 或 fr-CA。
phone_number,"End-User's preferred telephone number. [E.164] is RECOMMENDED as the format of this Claim, for example, +1 (425) 555-1212 or +56 82) 687 2400. If the phone number contains an extension, it is RECOMMENDED that the extension be represented using the [RFC3966] extension syntax, for example, +1 (604) 555-1234;ext=5678",电话号码,终端用户的首选电话号码，推荐使用E.164格式。
phone_number_verified,True if the user's phone number has been verified.,电话号码是否已验证,一个布尔值，为true时表示用户的电话号码已被验证。
picture,"URL of the End-User's profile picture. This URL MUST refer to an image file (for example, a PNG, JPEG, or GIF image file), rather than to a Web page containing an image. Note that this URL SHOULD specifically reference a profile photo of the End-User suitable for displaying when describing the End-User, rather than an arbitrary photo taken by the End-User",头像URL,终端用户个人资料图片的URL。
profile,URL of the End-User's profile page. The contents of this Web page SHOULD be about the End-User,个人主页URL,终端用户个人资料页面的URL。
website,URL of the End-User's Web page or blog. This Web page SHOULD contain information published by the End-User or an organization that the End-User is affiliated with,网站URL,终端用户个人网页或博客的URL。
zoneinfo,"String from 'zoneinfo' time zone database representing the End-User's time zone. For example, Europe/Paris or America/Los_Angeles",时区,代表终端用户时区的字符串，来自'zoneinfo'时区数据库，例如 Europe/Paris。
userPermission,"The set of Permissions granted to the user (party, party role or resource).",用户权限,授予用户（参与方、角色或资源）的权限集合。
packingEnumType,0,打包类型枚举,文件打包类型的枚举值。
observedGroupValue,The measurement group (array) values,观测组值,度量组（数组）的值。
errorEvent,Captures known information or occurrence where the closed loop does not respond as intended or expected. The error event captures known error that signal the closed loop mechanism has failed and the output does not match the intended or expected outcome.,错误事件,捕获闭环未按预期响应的已知信息或发生的情况。
closedLoopStatus,0,闭环状态,闭环的状态。
given_name,"Given name(s) or first name(s) of the End-User. Note that in some cultures, people can have multiple given names; all can be present, with the names being separated by space characters",名 (OIDC),终端用户的名字（First Name）。
legalId,Identification documentation of the contact,法定ID,联系人的身份证明文件。
family_name,"Surname(s) or last name(s) of the End-User. Note that in some cultures, people can have multiple family names or no family name; all can be present, with the names being separated by space characters",姓 (OIDC),终端用户的姓氏（Last Name）。
sub,Subject - Unique Identifier for the End-User,主体 (OIDC),终端用户的唯一标识符（Subject）。
address,0,地址 (OIDC),终端用户的地址。
preferred_username,"Shorthand name by which the End-User wishes to be referred to at the RP, such as janeDoe or j.doe. This value MAY be any valid JSON string including special characters such as @, /, or whitespace",偏好用户名 (OIDC),终端用户希望被称呼的简短名称，例如 janeDoe。
middle_name,"Middle name(s) of the End-User. Note that in some cultures, people can have multiple middle names; all can be present, with the names being separated by space characters. Also note that in some cultures, middle names are not used",中间名 (OIDC),终端用户的中间名。
email,End-User's preferred e-mail address. Its value MUST conform to the [RFC5322] addr-spec syntax,邮箱 (OIDC),终端用户的首选电子邮箱地址。
email_verified,True if the user's email has been verified.,邮箱是否已验证 (OIDC),一个布尔值，为true时表示用户的邮箱已被验证。
recommendation,List of recommendations for a customer.,推荐,给客户的推荐列表。
performanceIndicatorGroupValue,0,性能指标组值,与实体相关的性能指标组值。
performanceIndicatorValue,0,性能指标值,与实体相关的性能指标值。
milestone,A list of milestones related to this order,里程碑,与此订单相关的里程碑列表。
validationResult,"Result of the address validation (success, partial, fails)",验证结果,地址验证的结果（“成功”、“部分成功”、“失败”）。
appliedAmount,0,已应用金额,已应用的金额。
validationDate,Date when the address validation is performed,验证日期,执行地址验证的日期。
validGeographicAddress,0,有效地理地址,验证通过的地理地址。
alternateGeographicAddress,0,备选地理地址,备选的地理地址。
geographicAddressValidation,0,地理地址验证,与实体相关的地理地址验证。
mandateCategory,The identification code of the Scheme,授权类别,方案的识别代码。
signatureDate,The date of signing of the (e)Mandate,签署日期,（电子）授权的签署日期。
mandateStatusDate,The date of the mandate status change,授权状态变更日期,授权状态变更的日期。
firstDebitDate,The first debit date. The debit date of the collection is the day when the payment of the Debtor is due to the Creditor,首次扣款日,首次扣款的日期。
lastDebitDate,The last debit date. The debit date of the collection is the day when the payment of the Debtor is due to the Creditor,末次扣款日,最后一次扣款的日期。
reference,A reference that the party can later use to identify the direct debit.,参考信息,参与方之后可用于识别直接借记的参考信息。
nameOnCard,The name on the card.,卡上姓名,银行卡上显示的姓名。
cardNumber,The bank card number.,卡号,银行卡号。
cvv,"The security code (e.g.: CVV, CVV2) of the card.",安全码(CVV),卡的安全码（例如CVV， CVV2）。
countryOfIssue,"ISO 3166-1 Alpha-2 country code that designate the country where the tokenised card was issued.e.g. GB, NG, FR.",发卡国家,令牌化卡发行的国家（ISO 3166-1 Alpha-2代码）。
token,The token. A series of randomly generated numbers.,令牌,一系列随机生成的数字。
tokenType,Token type (e.g.: emv).,令牌类型,令牌的类型，例如 emv。
issuer,The entity that issued the token.,发行方,发行令牌的实体。
compressionEnumType,0,压缩类型枚举,文件压缩类型的枚举值。
discount,The discount that the voucher applies when it's a discount voucher.,折扣,当代金券是折扣券时，其应用的折扣。
campaign,Campaign this voucher belongs to.,(所属)活动,此代金券所属的营销活动。
mandateStatus,The status of the mandate(Active/Inactive/Pending),授权状态,授权的状态（“活动”、“非活动”、“待定”）。
mandateId,Unique mandate reference. Further information can be found on EPC002-09,授权ID,唯一的授权参考号。
mandateType,The type of mandate,授权类型,授权的类型。
costId,Identifier of the cost that contains the referred cost item,成本ID,包含被引用成本项的成本的标识符。
walletUrl,URI pointing at the digital wallet (e.g.: //paypal.me/johndoe).,钱包URL,指向数字钱包的URI。
costHref,Navigable reference to the cost to which this cost item belongs to,成本链接,指向此成本项所属成本的可导航引用。
alternateServiceProposal,Alternate service proposal is used when the requested service is not available with characteristic and date asked for. An alternate proposal could be a distinct service Spec close to requested one or same as requested but with a different availability date.,备选服务建议,当请求的服务不可用时，提出的备选服务方案。
billedAccount,0,被记账账户,被记账的账户。
cartTotalPrice,"Total amount of the shopping cart, usually of money, that represents the actual price paid by the Customer for cart (considering only ""Active"" cart items)",购物车总价,购物车中所有“活动”状态商品的总价。
walletId,Account identifier in that service.,钱包ID,在该服务中的账户标识符。
signedDate,Date when the check was signed.,签署日期,支票签署的日期。
checkId,Unique identifier of the check.,支票ID,支票的唯一标识符。
payee,Person or entity the check is addressed to.,收款人,支票的收款人。
drawer,Person or entity writing the check.,出票人,开具支票的个人或实体。
quoteItemAuthorization,Authorization related to this quote item,报价项授权,与此报价项相关的授权。
topicRef,The URI of the topic as defined in the Async API. This could be a topic from a Kafka Event Broker or similar.,主题引用,异步API中定义的主题的URI。
quoteItemPrice,Price for this quote item,报价项价格,此报价项的价格。
processingContext,context classes of the data processing of the API.,处理上下文,API数据处理的上下文类别。
grantedPermissionSet,"The PermissionSet is a set of Permissions granted to a user (party, party role, resource or resource role). The set may be granted explicitly by an authorized user or may be acquired implicitly due to the role that the user is playing.",已授予的权限集,授予用户（参与方、角色、资源）的权限集合。
clientSecret,Secret that permits the Application to authenticate with OAuth2 method.,客户端密钥,应用用于通过OAuth2方法进行身份验证的密钥。
apiStatus,"Is the lifecycle status of the API. Active means the Application can consume this API on this version after a future order. Retired means that the Application can consume this API on this version only if the order has already been done, no new order on this Product Specification can give the right to consume this API on this version.",API状态,API的生命周期状态：“活动”表示可订购，“退休”表示不可新订购。
fieldPath,The path identifying the object field concerned by this notification.,字段路径,标识此通知所涉及的对象字段的路径。
attribute,The attribute to evaluate.,属性,需要被评估的属性。
versionDescription,The artifact version description,版本描述,工件（Artifact）的版本描述。
generalTestArtifact,The involved resource data for the event,通用测试工件,事件中涉及的通用测试工件资源数据。
dataCorrelationId,Data correlation ID passed in by the API consumer,数据关联ID,由API消费者传入的数据关联ID，用于跟踪。
mediumType,"Type of the contact medium, such as: email address, telephone number, postal address",媒介类型,联系媒介的类型，例如“邮箱地址”、“电话号码”、“邮寄地址”。
testDataInstance,The involved resource data for the event,测试数据实例,事件中涉及的测试数据实例资源数据。
testEnvironmentProvisioningExecution,The involved resource data for the event,测试环境部署执行,事件中涉及的测试环境部署执行资源数据。
lastModified,Date of last modification of the account,最后修改时间,账户最后一次修改的日期。
productPriceAlteration,0,产品价格变更,产品的价格变更信息，如折扣。
rule,The involved resource data for the event,规则,事件中涉及的规则资源数据。
specification,The specification implied by this candidate; The specification of this partnership.,规约/规格,此候选所隐含的规约；此合作关系的规约。
provideUnavailabilityReason,An indicator which when the value is "true" means that unavailability reason are expected for non available product offering; When the value is TRUE means that unavailability reason are expected for non available service.; When the value is TRUE means that unavailability reason are expected for non available units of work.,提供不可用原因,一个布尔值，为true时表示期望在查询结果不可用时返回原因说明。
resourceFunction,Reference to the Resource Function that needs to be healed; Reference to the Resource Function that needs to be migrated; Reference to the Resource Function that needs to be scaled; The involved resource data for the event,资源功能,需要被修复、迁移或伸缩的资源功能；事件中涉及的资源功能数据。
warrantySpecification,The involved resource data for the event,保修规约,事件中涉及的保修规约资源数据。
edge,"Directed Edges which this Vertex is connected by. (optional, read only); The involved resource data for the event",边 (图论),与此顶点相连的有向边；事件中涉及的边资源数据。
testExecution,0,测试执行,与实体相关的测试执行。
testCase,The involved resource data for the event,测试用例,事件中涉及的测试用例资源数据。
nonFunctionalTestModel,The involved resource data for the event,非功能性测试模型,事件中涉及的非功能性测试模型资源数据。
testSuite,The involved resource data for the event,测试套件,事件中涉及的测试套件资源数据。
graph,Graph which this Edge is contained in.; Graph which this Vertex is contained in.; The involved resource data for the event,图 (图论),包含此边或顶点的图；事件中涉及的图资源数据。
vertex,Graph Vertices connected by this Edge.; The involved resource data for the event,顶点 (图论),由此边连接的图顶点；事件中涉及的顶点资源数据。
lastUpdateDate,Date and time when the change request was updated; Date of the Shipping Order; The date and time that the dunning case was last updated; The date and time the metadata asset was last updated,最后更新日期,变更请求、发货单或案例等实体的最后更新日期和时间。
plannedDuration,0,计划时长,计划的持续时长。
testScenario,The involved resource data for the event,测试场景,事件中涉及的测试场景资源数据。
provisioningArtifact,The involved resource data for the event,部署工件,事件中涉及的部署工件资源数据。
abstractEnvironment,The involved resource data for the event,抽象环境,事件中涉及的抽象环境资源数据。
documentNumber,A reference number assigned to an Agreement that follows a prescribed numbering system.,文档编号,遵循特定编号体系的协议参考编号。
userRole,The involved resource data for the event,用户角色,事件中涉及的用户角色资源数据。
aiModel,Reference to the AI Model ; The involved resource data for the event,AI模型,对AI模型的引用；事件中涉及的AI模型资源数据。
entitySpecification,The involved resource data for the event,实体规约,事件中涉及的实体规约资源数据。
associatedAgreement,0,关联协议,关联的协议。
resourceSpecificationId,Unique identifier of the resource specification containing the target characteristic; Unique identifier of the resource specification containing the target feature and feature characteristic,资源规约ID,包含目标特征的资源规约的唯一ID。
resourceSpecificationHref,Hyperlink reference to the resource specification containing the target characteristic; Hyperlink reference to the resource specification containing the target feature and feature characteristic,资源规约链接,包含目标特征的资源规约的URL链接。
resourceReservation,The involved resource data for the event,资源预留,事件中涉及的资源预留数据。
warranty,The involved resource data for the event,保修,事件中涉及的保修资源数据。
metadataCategory,The categories used in this catalog; The involved resource data for the event,元数据分类,此目录中使用的分类；事件中涉及的元数据分类。
commonName,A user-friendly identifier of the loyalty execution point.; A user-friendly identifier of the loyalty rule.,通用名称,忠诚度执行点或规则的、一个便于用户理解的友好名称。
resourceOrder,The involved resource data for the event,资源订单,事件中涉及的资源订单数据。
graphResult,The created topology graph; The topology graph(s) created by the query,图结果,创建的拓扑图；由查询创建的拓扑图。
iotDevice,The involved resource data for the event,物联网设备,事件中涉及的物联网设备资源数据。
targetServiceSchema,A target service schema reference (TargetServiceSchemaRef). The reference object to the schema and type of target service which is described by service specification.,目标服务结构,描述目标服务的结构（Schema）和类型（Type）的引用对象。
edgeSpecification,The involved resource data for the event,边规约,事件中涉及的边规约资源数据。
subGraph,SubGraph which this Edge represents.; SubGraph which this Vertex represents.,子图,此边或顶点所代表的子图。
topic,The involved resource data for the event,主题,事件中涉及的主题资源数据。
vertexSpecification,The involved resource data for the event,顶点规约,事件中涉及的顶点规约资源数据。
perfAlarmSpecThresholdCrossingDescription,A specific description of the threshold crossing (intended to be populated e under the alarm under CrossedThreshold structure).,性能告警规约越限描述,对阈值穿越的具体描述。
thresholdRuleCondition,A concrete threshold may have two possible values: \"Raise\" - a threshold was crossed or \"Clear\" - a threshold ceased crossing,阈值规则条件,阈值的两种可能状态：“触发”（Raise）- 阈值被穿越；“清除”（Clear）- 阈值穿越状态结束。
thresholdRuleName,"A word, term, or phrase by which a Performance threshold rule is known and distinguished from other threshold rules",阈值规则名称,用于区分不同阈值规则的名称。
measurement,0,度量,与实体相关的度量。
performanceAlarmSpecification,0,性能告警规约,性能告警的规约（模板）。
reservationPeriod,Period of time for which the target entity is to be in a reserved state,预留周期,目标实体被置于预留状态的时间段。
partnership,Optional reference to a partnership related to a BusinessInteraction benefit action type.; The involved resource data for the event,合作关系,与业务交互相关的合作关系引用；事件中涉及的合作关系数据。
loyaltyProgramProductSpec,The involved resource data for the event,忠诚度计划产品规格,事件中涉及的忠诚度计划产品规格数据。
childCategory,"The child category(ies) if any, contained in this category",子分类,此分类下包含的子分类（如果有）。
associationRole,The end point roles of this association,关联角色,此关联关系的端点角色。
loyaltyAction,References to linked actions.; The involved resource data for the event,忠诚度动作,链接的动作的引用；事件中涉及的忠诚度动作数据。
relatedEntitySpecification,A list of entity specification that will be managed by this TaskFlowSpecification; A list of entity specification that will be managed by this processFlowSpecification,关联实体规约,将由此任务流或流程管理的实体规约列表。
aiContractSpecification,Reference to the AI Model Specification; The involved resource data for the event,AI合同规约,对AI模型规格的引用；事件中涉及的AI合同规约数据。
aiContract,The involved resource data for the event,AI合同,事件中涉及的AI合同资源数据。
aiModelSpecification,The involved resource data for the event,AI模型规约,事件中涉及的AI模型规约资源数据。
incident,The involved resource data for the event,事件,事件中涉及的事件（Incident）资源数据。
connectionPoint,External connection points of the resource function. These are the service access points (SAP) where inputs and outputs of the function are available.; The connection point (SAP) of the associated resource function (optional).,连接点,资源功能的外部连接点，即功能的输入和输出可用的服务接入点（SAP）。
loyaltyCondition,References to linked conditions.; The involved resource data for the event,忠诚度条件,链接的条件的引用；事件中涉及的忠诚度条件数据。
loyaltyEventType,References to linked event types.; The involved resource data for the event,忠诚度事件类型,链接的事件类型的引用；事件中涉及的忠诚度事件类型数据。
testEnvironmentAllocationExecution,The involved resource data for the event,测试环境分配执行,事件中涉及的测试环境分配执行资源数据。
schedule,Schedule for the scale. If not provided then needs to be actioned immediately; This is a reference to a schedule. Allows consumers to schedule modifications to the service at certain times.,计划,伸缩操作的计划，若不提供则立即执行；对一个计划的引用。
loyaltyRule,Collection of Rules.; The involved resource data for the event,忠诚度规则,规则的集合；事件中涉及的忠诚度规则数据。
catalog,The involved resource data for the event,目录,事件中涉及的目录资源数据。
randomAtt,0,随机属性,随机属性。
isExternal,isExternal determines whether an entity represents an external entity in the inventory.,是否为外部,一个布尔值，表明一个实体在库存中是否代表一个外部实体。
iotService,The involved resource data for the event,物联网服务,事件中涉及的物联网服务资源数据。
entityRelationship,A list of entities related to this entity,实体关系,与此实体相关的实体列表。
dateModified,0,修改日期,修改的日期。
terms,The terms of the agreement,条款,协议的条款。
testDataSchema,The involved resource data for the event,测试数据结构,事件中涉及的测试数据结构资源数据。
concreteEnvironmentMetaModel,The involved resource data for the event,具体环境元模型,事件中涉及的具体环境元模型资源数据。
testResourceAPI,The involved resource data for the event,测试资源API,事件中涉及的测试资源API数据。
softwareVersion,software version,软件版本,软件的版本号。
partner,"The list of partners of the partnership, where a partner represents a party playing a given role. Hence a partner structure includes primarily a reference to the engaged party and a role name matching necessarily the name of one of the role specifications defined in the specification of the partnership.",合作伙伴,合作关系中的合作伙伴列表，每个合作伙伴代表一个扮演特定角色的参与方。
checkWorkQualification,The involved resource data for the event,检查工作资格,事件中涉及的检查工作资格资源数据。
eligibilityUnavailabilityReason,A list of eligibility unavailability reasons (EligibilityUnavailabilityReason [*]). Reason for eligibility result if the serviceQualification result is no (meaning the service is not available).,资格不可用原因,当服务资格查询结果为“否”时，其原因列表。
entityCatalogItem,The catalog items referred to by this category; The involved resource data for the event,实体目录项,此分类引用的目录项；事件中涉及的实体目录项数据。
prescribedAction,"Recommended remedy for a violated Service Level Objective. 
This could be a hyperlink to the recommended action.; The suggested action",建议措施,针对违反服务等级目标（SLO）的建议补救措施；建议的动作。
graphRelationship,Relationship to another Graph.; Relationships to other resource graphs.,图关系,与另一个图的关系；与其他资源图的关系。
association,The involved resource data for the event,关联,事件中涉及的关联资源数据。
workQualificationItem,0,工作资格项,与实体相关的工作资格项。
dateCreated,0,创建日期,创建的日期。
areaServed,0,服务区域,服务的区域。
dataProvider,0,数据提供商,数据的提供商。
alternateName,0,别名,别名。
characteristicId,Unique identifier of the characteristic within the the target feature specification,特征ID,目标功能规约中特征的唯一ID。
featureSpecCharacteristicValue,"Used to define a set of attributes, each of which can be assigned to a corresponding set of attributes in a FeatureCharacteristic object.",功能规约特征值,用于定义一组可分配给功能特征对象的属性。
featureSpecCharRelationship,"An aggregation, migration, substitution, dependency or exclusivity relationship between/among feature characteristics.",功能规约特征关系,功能特征之间的聚合、迁移、替代、依赖或排他关系。
productStock,The involved resource data for the event,产品库存,事件中涉及的产品库存资源数据。
headerQuery,is the filter that will be applied on the Event header properties.,消息头查询,将应用于事件头属性的过滤器。
order,0,订单,与实体相关的订单。
requestedAvailabilityDate,Date when the stock availability should be check.; Date when the stock availability should be query.,期望可用日期,应检查或查询库存可用性的日期。
instantSyncCheck,An indicator which when the value is "true" means that requester expects to get result immediately in the response. If the indicator is true then the response code of 200 indicates the operation is successful otherwise a task is created with a response 201.,即时同步检查,一个布尔值，为true时表示请求方期望立即在响应中获得检查结果。
refund,The involved resource data for the event,退款,事件中涉及的退款资源数据。
entitlement,information about individual entitlements to define access levels to operate over different functions that can be defined in an asset,权益/授权,定义了在不同功能上操作的访问级别的个人权益信息。
thresholdJob,The involved resource data for the event,阈值任务,事件中涉及的阈值任务资源数据。
template,0,模板,相关的模板。
approved,0,已批准,是否已批准。
firmwareVersion,0,固件版本,固件的版本号。
deviceType,NGSI Entity type,设备类型,设备的NGSI实体类型。
deviceState,0,设备状态,设备的当前状态。
dateManufactured,0,生产日期,设备的生产日期。
dateLastValueReported,0,最后上报值日期,设备最后一次上报其数值的日期。
dateLastCalibration,0,最后校准日期,设备最后一次校准的日期。
dateInstalled,0,安装日期,设备的安装日期。
metadataSpecification,The involved resource data for the event,元数据规约,事件中涉及的元数据规约资源数据。
metadataCatalogItem,The involved resource data for the event,元数据目录项,事件中涉及的元数据目录项资源数据。
metadataCatalog,The involved resource data for the event,元数据目录,事件中涉及的元数据目录资源数据。
effectiveDate,Date and time when the usage consumption report was calculated and generated,生效日期,用量消耗报告被计算和生成的日期和时间。
publicIdentifier,Public number associated to the network product (msisdn number for mobile line for example); Public number associated to the product (msisdn number for mobile line for example),公共标识符,与网络产品关联的公共号码，例如手机号码（MSISDN）。
iotDeviceSpecification,The involved resource data for the event,物联网设备规约,事件中涉及的物联网设备规约资源数据。
macAddress,0,MAC地址,设备的MAC地址。
configuration,0,配置,对象的配置信息。
provider,0,提供商,服务的提供商。
osVersion,0,操作系统版本,设备的操作系统版本。
mnc,0,移动网络代码(MNC),移动网络代码。
riskValue,The additional cost if the risk will happen,风险值,如果风险发生，将产生的额外成本。
riskMitigationPlan,The risk mitigation plan,风险缓解计划,风险的缓解计划。
risk,The risk to implement this change request,风险,实施此变更请求的风险。
requestType,Indicates the type of the change request,请求类型,变更请求的类型。
requestDate,Date and time when the change request is raised,请求日期,变更请求被提出的日期和时间。
plannedStartTime,Date and time when the change implementation is planned to be started,计划开始时间,变更实施计划开始的日期和时间。
plannedEndTime,Date and time when the change implementation is planned to be finished,计划结束时间,变更实施计划结束的日期和时间。
hardwareVersion,0,硬件版本,硬件的版本号。
migrate,The involved resource data for the event,迁移,事件中涉及的迁移资源数据。
scale,The involved resource data for the event,伸缩,事件中涉及的伸缩资源数据。
heal,The involved resource data for the event,修复,事件中涉及的修复资源数据。
searchTimeSlot,The involved resource data for the event,搜索时间槽,事件中涉及的搜索时间槽资源数据。
dunningRule,The dunning case rule (that is the reason) this dunning rule (that is the action) is being done in accordance with,催款规则,执行催款动作所依据的催款案例规则（原因）。
problemTicket,0,问题工单,与问题相关的工单。
impactEntity,0,影响实体,受影响的实体。
changeRequestCharacteristic,0,变更请求特征,变更请求的特征。
changeRelationship,0,变更关系,变更之间的关系。
budget,0,预算,相关的预算。
scheduledDate,Date and time that the schedule is made,计划日期,制定计划的日期和时间。
workLog,0,工作日志,工作日志。
targetEntity,0,目标实体,目标实体。
sla,0,服务等级协议(SLA),相关的服务等级协议。
clearTime,"The clear time  of the incident, for example 2020-03-10T04:01:12Z; The clear time of the incident",清除时间,事件（Incident）被清除的时间。
dateFirstUsed,0,首次使用日期,首次使用的日期。
connectivity,Internal connectivity of contained resource functions.,连通性,所包含的资源功能之间的内部连通性。
autoModification,List of the kinds of auto-modifications that are applied to a given network service e.g what can be scaled.,自动修改,应用于给定网络服务的自动修改类型列表，例如哪些可以被伸缩。
functionType,A type of the Resource Function as specified by the provider of the API.,功能类型,由API提供商指定的资源功能的类型。
startTime,The time when the heal action needs to commence. This allows a delay to be added; The time when the migration needs to commence. This allows a delay to be added,开始时间,修复或迁移动作需要开始的时间。
cause,Reason why healing is being requested; Reason why migration is being requested,原因,请求修复或迁移的原因。
reservationItem,0,预留项,预留的具体项目。
batteryLevel,0,电池电量,设备的电池电量。
operator,Comparison operator to be used in the evaluation.,操作符,将在评估中使用的比较操作符。
conformancePeriod,An interval of time during which the Conformance Target must be measured.,符合性周期,必须在其中测量符合性目标的时间间隔。
thresholdTarget,"A percent that is used to specify when a warning should be used that indicates a Performance threshold is in danger of not being met.; A value that used to specify when a warning should be used 
that indicates an objective is danger of not being met. Notice, the data type should be adjusted case by case.",阈值目标,用于指定何时应发出警告，表明性能阈值或目标有未达成的危险的值。
contentQuery,is the filter that will be applied on the content of the Event.,内容查询,将应用于事件内容的过滤器。
queryProductStock,The involved resource data for the event,查询产品库存,事件中涉及的查询产品库存资源数据。
reserveProductStock,The involved resource data for the event,预留产品库存,事件中涉及的预留产品库存资源数据。
checkProductStock,The involved resource data for the event,检查产品库存,事件中涉及的检查产品库存资源数据。
adjustProductStock,The involved resource data for the event,调整产品库存,事件中涉及的调整产品库存资源数据。
sliceQualityOfServiceParametersPacketErrorRate,"The Packet Error Rate (PER) defines an upper bound for the rate of PDUs (e.g. IP packets) that have been processed by the sender but that are not successfully delivered by the corresponding receiver. The purpose of the PER is to allow for the appropriate link layer, protocol configurations (e.g. RLC and HARQ in RAN of a 3GPP access). For all 5QIs the value of the PER is the same in UL and DL. For GBR QoS Flows with Delay critical GBR resource type, a packet which is delayed more than PDB (but which complies with the GFBR and MDBV (Maximum Data Burst Volume) requirements) is counted as lost, and included in the PER. This value needs to be provided for each customised 5QI value selected.",切片QoS-丢包率,定义了网络切片中数据包（PDU）允许的最高丢失率。
NSSAARequired,"Network Slice Specific Authentication and Authorization (NSSAA). This attribute specifies whether for the Network Slice, devices need to be also authenticated and authorized by a AAA server using additional credentials different than the ones used for the primary authentication (see Rel-16 of 3GPP TS 23.501 [1] clause 5.15.10 for a definition of the Network Slice Specific Authentication and Authorization feature). ",是否需要NSSAA,一个布尔值，表明设备是否需要通过网络切片特定认证和授权（NSSAA）才能接入。
statusChange,The status change history that are associated to the ticket.Populated by the server,状态变更,与故障单关联的状态变更历史记录。
edgeSpecCharacteristic,A characteristic quality or distinctive feature of an EdgeSpecification.,边规约特征,边规约（EdgeSpecification）的一个特征或独特属性。
edgeCharacteristic,0,边特征,边的特征。
bidirectional,Indicates if this Edge is birectional (true) or unidirection originating from the first vertex (false).,是否为双向,一个布尔值，表明一条边是双向的（true）还是单向的（false）。
productStockUsageType,"The usage type of the  ProductStock, such as inTransit, damaged, onDisplay, etc..",产品库存使用类型,产品库存的使用类型，例如“在途”、“已损坏”、“展示中”。
productStockStatusType,"The status of the ProductStock, such as available, unavailable, reserved, unknown",产品库存状态类型,产品库存的状态，例如“可用”、“不可用”、“已预留”。
productStockRelationship,relationship to other product stock,产品库存关系,与其他产品库存的关系。
productStockLevel,0,产品库存水平,产品库存的水平。
minStockLevel,0,最低库存水平,最低库存水平。
installSize,The amount and units (e.g. 800MB) required to install the SoftwareResource.,安装大小,安装此软件资源所需的空间大小和单位（例如800MB）。
releaseStatus,Defines the particualr release status of this SoftwareResourceSpecification.,发布状态,定义了此软件资源规约的特定发布状态。
serviceLevelObjective,The involved resource data for the event,服务等级目标(SLO),事件中涉及的服务等级目标资源数据。
relatedServiceLevelObjective,A list of objectives related to this service level specification,关联服务等级目标,与此服务等级规约相关的目标列表。
pointOfInteraction,0,交互点,交互发生的点。
toleranceTarget,"A value that specifies the allowable variation of a conformance 
Target. The data type should be adjusted case by case.",容忍目标,指定了符合性目标的可允许变化范围的值。
graceTimes,"The number of times an objective can remain un-updated without 
a violation of a Service Level Agreement in reference to a measurement period and/or Service Level Agreement reporting period.",宽限次数,在一个度量周期内，目标可以保持未更新而不违反SLA的次数。
conformanceTarget,"A value used to determine if Service Level Objective is met. 
The data type should be adjusted case by case.",符合性目标,用于确定是否满足服务等级目标（SLO）的值。
conformanceComparator,"An operator that specifies whether a Service Level Objective is 
violated above or below the conformanceTarget.",符合性比较符,一个操作符，指定服务等级目标是在符合性目标之上还是之下被违反。
cancelResourceReservation,The involved resource data for the event,取消资源预留,事件中涉及的取消资源预留资源数据。
multimediaPriorityService,Multimedia Priority Service (MPS) leads to priority of traffic relative to other traffic. Note: Not including this attribute is equal to setting it to Non-MPS.  ,多媒体优先服务(MPS),表明网络切片是否支持多媒体优先服务（MPS），以获得相对于其他流量的优先权。
averagingWindow,"millisecond Each GBR QoS Flow shall be associated with an Averaging window. The Averaging window represents the duration over which the GFBR and MFBR shall be calculated (e.g. in the (R)AN, UPF, UE). (see clause 5.7.3.6 of 3GPP TS 23.501 [1]).",平均窗口,计算保证比特率（GFBR）和最大比特率（MFBR）所依据的平均时间窗口，单位为毫秒。
vertexSpecCharacteristic,A characteristic quality or distinctive feature of a VertexSpecification.,顶点规约特征,顶点规约（VertexSpecification）的一个特征或独特属性。
vertexCharacteristic,0,顶点特征,顶点的特征。
resourceSpec,0,资源规约,相关的资源规约（模板）。
productSpec,0,产品规格,相关的产品规格（模板）。
warrantyRelationship,0,保修关系,保修之间的关系。
warrantyAgreement,0,保修协议,保修协议。
appliesToResource,0,适用于资源,适用于的资源。
finalBalance,The final balance of the Billing Account after all Dunning Case Rules are executed and the dunning case is closed,最终余额,在所有催款案例规则执行完毕且催款案例关闭后，计费账户的最终余额。
performanceThreshold,0,性能阈值,性能的阈值。
monitoredObjectsCriteria,0,被监控对象标准,被监控对象的标准。
extensionInfo,A generic list of any type of elements. Used for vendor Extensions or loose element encapsulation from other namespaces; This is used for extend the incident with attributes,扩展信息,一个通用的、可包含任何类型元素的列表，用于厂商扩展或封装其他命名空间的元素。
serviceLevelObjectiveParameter,A parameter for this objective,服务等级目标参数,此服务等级目标的参数。
serviceLevelObjectiveConsequence,A list of consequences for this objective.,服务等级目标后果,此服务等级目标的后果列表。
productStatus,"The condition of the product, such as planned, designed, activated, disconnected.",产品状态,产品的状态，例如“计划中”、“已设计”、“已激活”、“已断开”。
partnerCatalog,The partner catalog category reference maps to a category containing the partner product offerings,合作伙伴目录,合作伙伴目录分类引用，指向包含合作伙伴产品目录的分类。
loyltyProgramProduct,The array of loyalty program products that the member is enrolled to.,忠诚度计划产品,（拼写错误）会员已注册的忠诚度计划产品数组。
warrantySpecRelationship,0,保修规约关系,保修规约之间的关系。
warrantyDuration,0,保修时长,保修的持续时间。
warrantyAgreementSpecification,0,保修协议规约,保修协议的规约（模板）。
EPSCountingRequiredUE,"If this parameter indicates that EPS counting is required, the UE sessions counting shall also take into account the PDN connections in the EPS connected to an APN that maps to a DNN/S-NSSAI of the network slice. ",是否需要EPS UE计数,一个布尔值，表明在统计网络切片会话数时，是否也应计算连接到EPS（4G）网络的PDN连接。
NB-IoTSupport,This parameter describes whether NB-IoTis supported in the network slice,是否支持NB-IoT,表明网络切片是否支持窄带物联网（NB-IoT）。
MMTelSupport,This attribute describes whether the network slice supports IP Multimedia Subsystem (IMS) and Multimedia Telephony Service MMTel. This parameter describes whether the GSMA PRD IR.92 0 compliant MMTel deployment is supported in the network slice,是否支持MMTel,表明网络切片是否支持IP多媒体子系统（IMS）和多媒体电话服务（MMTel）。
missionCriticalSupport,"Mission-critical (MC) leads to a priority of the network slice relative to others, for C-plane (Control Plane) and U-plane (User Plane) decisions. This is relative to a customer provider relationship and to a PLMN (Public land Mobile Network)",是否支持关键任务,表明网络切片是否支持关键任务（Mission-critical），以获得相对于其他切片的更高优先级。
maximumSupportedPacketSize,"This attribute describes the maximum packet size in Bytes supported by the network slice and may be important for URLLC (Ultra-Reliable Low Latency Communication) and MIoT (Massive IoT), or to indicate a supported maximum transmission unit (MTU).",最大支持包大小,网络切片支持的最大数据包大小（以字节为单位）。
logicalIsolation,"Logical network slices are logically separated. Virtual resources isolation a network slice has access to specific range of resources that do not overlap with other network slices (e.g. VM isolation). Network functions isolation   NF (Network Function) is dedicated to the NSC, but virtual resources are shared. Tenant/Service Isolation  NSC data are isolated from other NSCs, but virtual resources and NFs are shared",逻辑隔离,网络切片的逻辑隔离级别，例如虚拟机隔离、网络功能隔离。
physicalIsolation,"Physical network slices are physically separated (e.g. different rack, different hardware, different location, etc.). Process and threads isolation,  Physical memory isolation, Physical network isolation",物理隔离,网络切片的物理隔离级别，例如不同机架、不同硬件。
isolation,"Isolation is one of the key expectations of network slicing. A network slice instance may be fully or partly, logically and/or physically, isolated from another network slice instance. ",隔离性,网络切片的隔离级别，可以是物理的、逻辑的，或两者兼有。
appliesToProduct,0,适用于产品,适用于的产品。
queryWorkQualification,The involved resource data for the event,查询工作资格,事件中涉及的查询工作资格资源数据。
isSource,"A flag indicating if the participant involved in a relationship is the source or not. If this flag is true for both roles in an association, the association is bi-directional (both end points are navigable); A flag indicating if the participant involved in a uni-directional relationship is the source or not. This flag is true If the association is bi-directional",是否为源端,一个布尔值，表明关系中的参与方是否为源端。若关系中两端都为true，则为双向关系。
subRule,References to sub-rules,子规则,对子规则的引用。
policyName,A generic naming attribute that can be used to identify different policy entities.,策略名称,可用于识别不同策略实体的通用命名属性。
positioningSupportAccuracy,This parameter describes the accuracy of the location information. Accuracy depends on the respective positioning solution applied in the network slice,定位支持-精度,表明网络切片提供的定位信息的精度。
positioningSupportPredictionFrequency,"This parameter describes how often location information is provided. This parameter simply defines how often the customer is allowed to request location information. This is not related to the time it takes to determine the location, which is a characteristic of the positioning method.",定位支持-预测频率,表明客户被允许请求定位信息的频率。
positioningSupportAvailability,This parameter describes if this attribute is provided by the network slice and contains a list of positioning methods provided by the slice. If the list is empty this attribute is not available in the network slice and the other parameters might be ignored,定位支持-可用性,表明网络切片是否提供定位支持，并列出支持的定位方法。
otherDesignator,Enables the manufacturer to label this software as having some set of special restrictions.,其他标识符,允许制造商为此软件标记某些特殊限制。
minorVersion,Defines the minor number component of the version of SoftwareResourceSpecification.,次版本号,软件资源规约版本的次版本号部分。
majorVersion,Defines the major number component of the version of SoftwareResourceSpecification.,主版本号,软件资源规约版本的主版本号部分。
maintenanceVersion,Defines the maintenance number component of the version of SoftwareResourceSpecification.,维护版本号,软件资源规约版本的维护版本号部分。
isExperimental,True represents a special build (perhaps as a trial to suit specific customer needs).,是否为实验性,一个布尔值，为true时表示这是一个特殊的构建版本（例如用于试验）。
isDistributable,Designates the SoftwareResource as being able to be distributed across multiple physically distinct Resources.,是否可分发,一个布尔值，表明此软件资源是否可以分发到多个物理上分离的资源上。
buildNumber,Defines the internal identifier for the compilation of this unit of a SoftwareResourceSpecification.,构建号,此软件资源规约单元编译的内部标识符。
requestedTimeSlot,0,期望的时间槽,请求者期望的时间段。
qualificationRelationship,Structure used to describe relationship between serviceQualification item from the same serviceQualification.,资格查询关系,描述同一次服务资格查询中不同查询项之间的关系。
nonFunctionalTestExecution,The involved resource data for the event,非功能性测试执行,事件中涉及的非功能性测试执行资源数据。
testSuiteExecution,The involved resource data for the event,测试套件执行,事件中涉及的测试套件执行资源数据。
testCaseExecution,The involved resource data for the event,测试用例执行,事件中涉及的测试用例执行资源数据。
nonFunctionalTestResult,The involved resource data for the event,非功能性测试结果,事件中涉及的非功能性测试结果资源数据。
testSuiteResult,The involved resource data for the event,测试套件结果,事件中涉及的测试套件结果资源数据。
testCaseResult,The involved resource data for the event,测试用例结果,事件中涉及的测试用例结果资源数据。
testSuiteResultDefinition,0,测试套件结果定义,测试套件结果的定义。
keywords,A string attribute that defines a set of one or more keywords that a policy administrator may use to assist in characterizing or categorizing a policy object to facilitate search operations.,关键字,一组用于描述或分类策略对象的关键字，以方便搜索。
isMandatoryEvaluation,"A Boolean attribute that, if true, signifies that evaluation (and possibly action execution) of this entity is mandatory and must be attempted. If the Mandatory property value of this entity is false, then the evaluation of this entity is considered to be 'best effort' and may be ignored.",是否强制评估,一个布尔值，为true时表示必须尝试评估此策略实体。
isCNF,"This is a Boolean attribute that, if true, defines the condition clause of this rule to be represented in Conjunctive Normal Form (e.g., an AND of ORs). If the value of this attribute is false, then the condition clause will be represented in Disjunctive Normal Form (e.g., an OR of ANDs).",是否为合取范式(CNF),一个布尔值，为true时表示规则的条件子句是合取范式（AND of ORs），否则是析取范式（OR of ANDs）。
entityCatalog,The involved resource data for the event,实体目录,事件中涉及的实体目录资源数据。
associationRoleSpec,Role specifications for this association,关联角色规约,此关联关系的角色规约。
targetPlatform,Defines the target platform that the SoftwareResource will be deployed on.,目标平台,软件资源将被部署的目标平台。
isDistributedCurrent,True defines this SoftwareResource as being currently distributed across several Resource nodes.,当前是否为分布式,一个布尔值，为true时表示此软件资源当前正分发在多个资源节点上。
dunningRuleCharacteristic,0,催款规则特征,催款规则的特征。
dunningEvent,A string describing the name of the fields of an event that should be monitored for changes. It should be in the same format as the query string used to subscribe to events from an API following hub/notification pattern,催款事件,应被监控以触发催款流程的事件字段名称。
partyPrivacyProfileSpecCharacteristic,"List of characteristics of the specification, whose values would typically be supplied when the profile is instantiated",参与方隐私配置规约特征,规约的特征列表，其值通常在实例化配置时提供。
concreteResourceMapping,0,具体资源映射,具体资源的映射关系。
resourceManagerUrl,0,资源管理器URL,资源管理器的URL链接。
testCaseResultDefinition,0,测试用例结果定义,测试用例结果的定义。
workSpecRelationship,"Relationship to another work specification, might be dependency, substitution, etc.
",工作单元规约关系,与另一个工作单元规约的关系，可能是依赖、替代等。
isAppointmentRequired,0,是否需要预约,是否需要预约。
generalArtifactDefinition,0,通用工件定义,通用工件的定义。
testScenarioDefinition,0,测试场景定义,测试场景的定义。
partyRoleSpecificationCharacteristic,0,参与方角色规约特征,参与方角色规约的特征。
dunningCondition,"A condition to check on the customer account or the customer bill, after a dunning event has been fired, before dunning action is executed. Format is the same as the predicate used for querying resources with attribute filtering. Format for the values and variables of the expression is implementation dependent",催款条件,在执行催款动作前，对客户账户或账单进行检查的条件。
dunningAction,"The action to be executed when the dunningEvent occurs if the dunning condition evaluates to true. Can be either ""DunningNotification"", ""AppliedCustomerFeeCharge"", ""ProductOrder"", ""CustomerBill"" or ""DunningWriteOff""",催款动作,当催款事件发生且条件满足时执行的动作，如“发送通知”、“收取滞纳金”等。
initialBalance,The initial balance of the billing account that caused the dunning case to be created by a dunning rule (or by an admin in case POST API call was used to create it),初始余额,触发催款案例的计费账户初始余额。
metadataSpecCharacteristic,List of characteristics that the entity can take,元数据规约特征,实体可以拥有的特征列表。
compositeMetadataSpecification,A type of MetadataSpecification that belongs to a grouping of MetadataSpecifications. It inherits of all attributes of MetadataSpecification.,组合元数据规约,属于元数据规约分组的一种类型，继承了元数据规约的所有属性。
isComposed,Indicates if the metadata specification is part of a composite specification,是否为组合,一个布尔值，表明此元数据规约是否是组合规约的一部分。
MetadataCatalogItem,The involved resource data for the event,元数据目录项,此分类引用的元数据目录项。
roleSpecification,The list of roles specifications a engaged party will be able to play for this kind of partnership,角色规约,参与方在此类合作关系中能够扮演的角色规约列表。
testResourceAPIDefinition,0,测试资源API定义,测试资源API的定义。
nonFunctionalTestResultDefinition,0,非功能性测试结果定义,非功能性测试结果的定义。
testDataSchemaDefinition,0,测试数据结构定义,测试数据结构的定义。
testDataInstanceDefinition,0,测试数据实例定义,测试数据实例的定义。
actualEndTime,Date and time when the change implementation actually finished,实际结束时间,变更实施实际完成的日期和时间。
dunningScenario,0,催款场景,催款的场景。
dunningCaseRule,0,催款案例规则,催款案例的规则。
lastActivityDate,The date and time that the dunning case had its latest activity,最后活动日期,催款案例最近一次活动的日期和时间。
provisioningArtifactDefinition,0,部署工件定义,部署工件的定义。
concreteEnvironmentMetaModelDefinition,0,具体环境元模型定义,具体环境元模型的定义。
abstractEnvironmentDefinition,0,抽象环境定义,抽象环境的定义。
partnershipSpecification,The involved resource data for the event,合作关系规约,事件中涉及的合作关系规约资源数据。
taskFlowSpecificationRelationship,Relationship to another TaskFlowSpecification from a same ProcessFlowSpecification,任务流规约关系,同一个流程规约下，与另一个任务流规约的关系。
taskFlowSpecificationCharacteristic,List of characteristics that the TaskFlowSpecification can take,任务流规约特征,任务流规约可以拥有的特征列表。
relatedProcessFlowSpecification,A related ProcessFlowSpecification (for example when the taskFlowSpecification completion required another ProcessFLowSpecification to be triggered & completed),关联流程规约,关联的流程规约。
taskFlowSpecificationType,"Type of the TaskFlowSpecification like send task, receive task, user task, manual task, script task, business rule task",任务流规约类型,任务流规约的类型，如“发送任务”、“用户任务”、“脚本任务”等。
radioSpectrum,Defines the radio spectrum supported by the network slice. See NR operating band identifiers in 3GPP TS 38.101-4,无线频谱,表明网络切片支持的无线电频谱。
promotionType,Type of promotion. The basic type are Award/Discount/Reduction.,促销类型,促销的类型，基本类型为“奖励”、“折扣”、“降价”。
testSuiteDefinition,0,测试套件定义,测试套件的定义。
testCaseDefinition,0,测试用例定义,测试用例的定义。
nonFunctionalTestModelDefinition,0,非功能性测试模型定义,非功能性测试模型的定义。
serviceQualification,The involved resource data for the event,服务资格,事件中涉及的服务资格资源数据。
policySpecificationRef,This is a list of policy references applied to this specification,策略规约引用,应用于此规约的策略引用列表。
actualStartTime,Date and time when the change implementation actually started,实际开始时间,变更实施实际开始的日期和时间。
cancelResourceOrder,The involved resource data for the event,取消资源订单,事件中涉及的取消资源订单资源数据。
orderType,Name of the Resource Order type,订单类型,资源订单的类型名称。
processFlowSpecificationRelationship,Relationship to another processFlowSpecification,流程规约关系,与另一个流程规约的关系。
processFlowSpecificationCharacteristic,List of characteristics that the processFlowSpecification can take,流程规约特征,流程规约可以拥有的特征列表。
aiContractViolation,The involved resource data for the event,AI合同违约,事件中涉及的AI合同违约资源数据。
modelTrainingData,0,模型训练数据,模型的训练数据。
modelSpecificationHistory,0,模型规格历史,模型的规格历史。
modelEvaluationData,0,模型评估数据,模型的评估数据。
modelDataSheet,0,模型数据表,模型的数据表。
assetUserRole,0,资产用户角色,资产用户的角色。
specCharacteristicValue,The value or values that this characteristic can take on,规约特征值,此特征可以拥有的一个或多个值。
groupCommunicationSupport,This parameter describes which type of group communication is provided by the network slice. ,是否支持组通信,表明网络切片支持哪种类型的组通信。
delayTolerance,"Provide the NSC with service delivery flexibility, especially for the vertical services that are not chasing a high system performance. For instance, the service will be delivered once the mobile system has sufficient resources or during the off-peak hours. For this type of traffic, it is not too critical how long it takes to deliver the amount of data, e.g. within hours, days, weeks, etc.",延迟容忍,表明网络切片是否支持延迟容忍的流量，即允许在非高峰时段或系统资源充足时再交付数据。
availability,"(Communication service)availability: percentage value of the amount of time the end-to-end communication service is delivered according to an agreed QoS, divided by the amount of time the system is expected to deliver the end-to-end service according to the specification in a specific area",可用性,（通信服务）可用性：在特定区域内，端到端通信服务按约定QoS交付的时间占总期望交付时间的百分比。
privilege,0,特权,相关的特权。
modelContractVersionHistory,0,模型合约版本历史,模型合约的版本历史。
inheritedModel,0,继承的模型,继承的模型。
gpu,Reference to GPU in Inventory,GPU,库存中GPU的引用。
resourceSpecCharacteristicValue,"A CharacteristicValueSpecification object is used to define a set of attributes, each of which can be assigned to a corresponding set of attributes in a ResourceSpecificationCharacteristic object. The values of the attributes in the CharacteristicValueSpecification object describe the values of the attributes that a corresponding ResourceSpecificationCharacteristic object can take on.; A list of resource spec characteristic values (ResourceSpecCharacteristicValue [*]). A ResourceSpecCharacteristicValue object is used to define a set of attributes, each of which can be assigned to a corresponding set of attributes in a ResourceSpecCharacteristic object. The values of the attributes in the ResourceSpecCharacteristicValue object describe the values of the attributes that a corresponding ResourceSpecCharacteristic object can take on.",资源规约特征值,用于定义一组可分配给资源规约特征对象的属性。
resourceSpecCharRelationship,"A list of resource spec char relationships (ResourceSpecCharRelationship [*]). An aggregation, migration, substitution, dependency or exclusivity relationship between/among Specification Characteristics.; An aggregation, migration, substitution, dependency or exclusivity relationship between/among Specification Characteristics.",资源规约特征关系,资源规约特征之间的聚合、迁移、替代、依赖或排他关系。
troubleTicketSpecCharacteristic,List of characteristics that the entity can take,故障单规约特征,实体可以拥有的特征列表。
iotServiceSpecification,The involved resource data for the event,物联网服务规约,事件中涉及的物联网服务规约资源数据。
Latency from (last) UFP to Application Server,"Latency in Secondsmfrom (last) UFP to Application Server This optional attribute specifies maximum or worst case one-way latency between UPF and application server offered by the slice. This does not include latency introduced by the application server. In the case of chained UPFs, this refers to the last UPF (in the chain) towards the application server. This attribute extends what is covered by the 3GPP QoS PDB attribute (see GST QoS attribute) which is only between UE and UPF. This is an optional attribute for network slices that offer latency objectives between UPF and application server residing within the operator network. ",(末梢)UPF到应用服务器延迟,网络切片提供的、从（最后一个）UPF到应用服务器的最大单向延迟（秒）。
V2XCommunicationMode,This parameter describes if the V2X communication mode is supported by the network slice.,是否支持V2X通信模式,表明网络切片是否支持V2X（车联网）通信模式。
dataNetworkAccessTunnellingMechanism,The attribute defines the tunnelling mechanism; how the user data can be delivered to the external private data network. 3GPP TS 29.561 [12] lists the interworking with data networks and tunnelling mechanism used,数据网络访问隧道机制,定义了用户数据如何通过隧道机制传送到外部私有数据网络。
dataNetworkAccessDataAccessPerNetwork,"This attribute describes the capability for the NSC to manage their users or groups of users’ network services and corresponding requirements. For instance, if NSC Y orders a network slice which is capable to support X users of Y, then Y should be capable to decide which X users could use this network slice. Hence, Y could manage the users, in terms of add, modify or delete users to receive network services provided by the specific network slice.",数据网络访问-按网络访问,描述了网络切片客户管理其用户或用户组网络服务和需求的能力。
requestedPOQCompletionDate,Deadline date when the requester expected a qualification answer,期望POQ完成日期,（应为requestedPOQCompletionDate）请求者期望得到产品可提供性资格查询答复的截止日期。
deploymentRecord,0,部署记录,部署的记录。
trainingData,Reference to training data set,训练数据,训练数据集的引用。
software,Reference to Software in Inventory,软件,库存中软件的引用。
cancelWorkOrder,The involved resource data for the event,取消工单,事件中涉及的取消工单资源数据。
scheduledSendTime,The scheduled time for sending the communication message,计划发送时间,通信消息的计划发送时间。
messageType,"The type of message, such as: SMS, Email, Mobile app push notification",消息类型,消息的类型，例如“短信”、“邮件”、“移动应用推送”。
logFlag,0,日志标志,日志的标志。
completionMessage,an optional message describing the completion of the task if it is done as expected or it is denied for a reason (like order in an state of PoNR).,完成消息,描述任务完成情况的可选消息。
lastInventoryDate,Last inventory count date for this ProductStock.,最后盘点日期,此产品库存的最后一次库存盘点日期。
maxStockLevel,0,最高库存水平,最高库存水平。
stockLevelCategory,Category of the ProductStock,库存水平分类,产品库存的分类。
replenishmentDate,Planned date for future replenishment for this ProductStock.,补货日期,此产品库存的未来计划补货日期。
stockedProduct,"Product stocked in this product stock  - could be via a productSpecification, a ProductSpecification + valued characteristic, etc. ",库存产品,此产品库存中存放的产品。
stockLevelAlert,0,库存水平告警,库存水平的告警。
reorderQuantity,0,再订购数量,再订购的数量。
userManagementOpenness,"This attribute describes the capability for the NSC to manage their users or groups of users’ network services and corresponding requirements. For instance, if NSC Y orders a network slice which is capable to support X users of Y, then Y should be capable to decide which X users could use this network slice. Hence, Y could manage the users, in terms of add, modify or delete users to receive network services provided by the specific network slice.",用户管理开放性,描述了网络切片客户管理其用户或用户组网络服务和需求的能力。
UplinkThroughputPerUEServiceCategory,"This attribute defines a service category wich may be assigned to a UE, associated to a Simlultaneous class value",上行吞吐量-每UE服务类别,定义了可分配给UE的服务类别，与一个并发类值相关联。
uplinkThroughputPerUEMaximumUplinkThroughput,"This attribute describes the maximum data rate supported by the network slice per UE in uplink. These parameters could be used in order to offer different contract qualities like gold, silver and bronze. kbps",上行吞-每UE最大上行吞吐量,描述网络切片为每个UE支持的最大上行数据速率（kbps）。
uplinkThroughputPerNetworkSliceMaximumUplinkThroughput,This attribute describes the guaranteed data rate supported by the network slice in uplink. There are services (e.g. emergency services) where guaranteed uplink throughput is required. bps,上行吞-每切片最大上行吞吐量,描述网络切片支持的保证上行数据速率（bps）。
sender,The sender of this message,发送者,此消息的发送者。
tryTimes,How many times do you want to retry the delivery of this message?,重试次数,您希望重试此消息传递的次数。
subject,"The title of the message, necessary for the email and mobile app push",主题,消息的标题，对于邮件和移动应用推送是必需的。
sendTimeComplete,The time of completion of sending communication message,发送完成时间,通信消息发送完成的时间。
sendTime,The time of sending communication message,发送时间,通信消息发送的时间。
UEDensity,This attribute describes the maximum number of connected and/or accessible devices per unit area (per km2) supported by the network slice.Number per km2,UE密度,描述网络切片支持的每单位面积（每平方公里）的最大连接和/或可访问设备数。
sliceQualityOfServiceParametersPacketDelayBudget,"The Packet Delay Budget (PDB) defines an upper bound for the time that a packet may be delayed between the UE and the UPF, that terminates the N6 interface. For a certain 5QI the value of the PDB is the same in UL (Uplink) and DL (Downlink). In the case of 3GPP access, the PDB is used to support the configuration of scheduling and link layer functions (e.g. the setting of scheduling priority weights and HARQ (Hybrid Automatic Repeat request) target operating points).",切片QoS-包延迟预算(PDB),定义了一个数据包在UE和UPF之间允许的最大延迟时间。
sliceQualityOfServiceParametersPriorityLeve,"The Priority level associated with 5G QoS characteristics indicates a priority in scheduling resources among QoS Flows. The Priority level shall be used to differentiate between QoS Flows of the same UE, and it shall also be used to differentiate between QoS Flows from different UEs. Once all QoS requirements up to GFBR are fulfilled for all the Guaranteed Bit Rate (GBR) QoS Flows, the Priority Level may also be used to distribute resources between GBR QoS Flows (for rates above GFBR up to MFBR, Maximum Flow Bit Rate) and non- GBR QoS Flows, in an implementation specific manner. The lowest Priority level value corresponds to the highest Priority [1]. This value needs to be provided for each customised 5QI value selected..",切片QoS-优先级,（拼写错误，应为PriorityLevel）与5G QoS特征关联的优先级，用于在QoS流之间调度资源。数值越低，优先级越高。
sliceQualityOfServiceParameters5QI,"A 5QI is a scalar used as a reference to 5G QoS characteristics defined in clause [1], i.e. access node-specific parameters that control QoS forwarding treatment for the QoS Flow (e.g. scheduling weights, admission thresholds, queue management thresholds, link layer protocol configuration, etc.). 3GPP has already defined standardized 5QI to QoS characteristics mapping. See 5QI value in the table of GNST",切片QoS-5QI,一个用于参考5G QoS特征的标量，控制QoS转发处理。
simultaneousUseOfNetworkSliceServiceCategory,"This attribute defines a service category wich may be assigned to a UE, associated to a Simlultaneous class value",网络切片并发使用-服务类别,定义了可分配给UE的服务类别，与一个并发类值相关联。
simultaneousUseOfNetworkSlice,"This attribute describes whether a network slice can be simultaneously with other network slice and if so, which group the network slice belongs to",网络切片并发使用,描述一个网络切片是否可以与其他网络切片同时使用，以及它属于哪个组。
sessionAndServiceContinuitySupport,"The attribute defines the continuity of a Protocol Data Unit (PDU) session. The following three Session and Service Continuity (SSC) modes are specified: SSC mode 1 - the network preserves the connectivity service provided to the UE (the IP address is preserved), SSC mode 2 - the network may release the connectivity service delivered to the UE and release the corresponding PDU Session (the network may release IP address(es) that had been allocated to the UE), SSC mode 3 - changes to the user plane can be visible to the UE, while the network ensures that the UE suffers no loss of connectivity service (the IP address is not preserved in this mode when the PDU Session Anchor changes), None – UE loses the connectivity service",会话和服务连续性支持(SSC),定义了PDU会话的连续性模式，决定了在移动性场景下IP地址是否保留。
rootCauseInvestigation,Root cause investigation is the capability provided to NSC to understand or investigate the root cause of network service performance degradation or failure,根因调查,提供给网络切片客户的能力，用于理解或调查网络服务性能下降或故障的根本原因。
performanceMonitoringAvailability,This parameter contains a list of KQIs and KPIs available for monitoring. If the list is empty this attribute is not available in the network slice and the other parameters might be ignored,性能监控可用性,包含可用于监控的关键质量指标（KQI）和关键性能指标（KPI）的列表。
missionCriticalSupporMissionCriticalServiceSupport,"This attribute specifies whether or not the network slice supports mission-critical push-to-talk (MCPTT), mission-critical data (MCData)], mission-critical video (MCVideo), Isolated E-UTRAN Operation for Public Safety (IOPS), or mission-critical interworking",关键任务支持-服务支持,(拼写错误) 表明网络切片是否支持关键任务服务，如MCPTT（一键通）、MCData（关键数据）。
missionCriticalSupportMissionCriticalCapabilitySupport,This parameter specifies what capabilities are available to support mission-critical services.  More than one capability may be supported at once.  This parameter must be present if Mission critical supportis set toMission-critical.,关键任务支持-能力支持,(拼写错误) 指定了可用于支持关键任务服务的能力。
downlinkThroughputperUEDownlinkMaximumRateServiceCategory,"This attribute defines a service category wich may be assigned to certain groups of devices using the netwirk slice, associated to a Maximum Dowlink Troughput",下行吞吐量-每UE服务类别,(拼写错误) 定义了可分配给设备组的服务类别，与一个最大下行吞吐量相关联。
downlinkThroughputPerNetworkSliceMaximumDownlinkThroughput,This attribute defines the maximum data rate supported by the network slice in downlink.,切片下行吞吐量-最大值,定义了网络切片在下行方向上支持的最大数据速率。
additionalDownlinkGBRQoSFlows,Additional downlink GBR QoS flows .,额外下行GBR QoS流,额外的下行保证比特率（GBR）QoS流。
downlinkThroughputPerNetworkSliceGuaranteedDownlinkThroughputQuota,This attribute describes the guaranteed data rate supported by the network slice in downlink.,切片下行吞吐量-保证配额,(拼写错误) 描述网络切片在下行方向上支持的保证数据速率。
deterministicCommunicationPeriodicity,Periodicity provides a list of periodicities supported by the network slice.,确定性通信-周期性,提供了网络切片支持的周期性列表。
deterministicCommunicationAvailabilty,Availability describes if the network slice supports deterministic communication.,确定性通信-可用性,(拼写错误) 描述网络切片是否支持确定性通信。
assetType,"Second level to define the type of managed element for product/service/resource managed entities (e.g.: mobile line subscription, video platform license, mobile equipment, etc). Allows identifying the specific asset within the server referenced. Supported values are implementation and application specific. Other values can be added if those listed are not enough",资产类型,用于定义受管资产类型的第二级分类，例如“手机号码订阅”、“移动设备”。
requestedProduct,Requested product for reservation - a Product configuration could be passed,请求的产品,为预留请求的产品。
quantityReserved,Quantity reserved for this Product,已预留数量,为此产品已预留的数量。
quantityRequested,Quantity requested for this Product,请求数量,为此产品请求的数量。
productStockReserved,Identifier of the Product Stock used for this reservation item.,已预留产品库存,用于此预留项的产品库存的标识符。
productStockRequested,Identifier of the Product Stock requested for this reservation item.,请求的产品库存,为此预留项请求的产品库存的标识符。
stockLevel,A product stock  in relationship with this product stock,库存水平,与此产品库存相关的产品库存。
requestedQuantity,Requested quantity to be checked for this product,请求数量,为此产品请求检查的数量。
checkedProductStock,the product stock too be checked,已检查产品库存,被检查的产品库存。
alternate,"A list of alternate availability - from other product stock , different date or quantity",备选方案,备选可用性列表，可能来自其他产品库存、不同日期或数量。
energyEfficiency,This attribute describes wether the network slice supports the energy efficiency KPI,能效,表明网络切片是否支持能效KPI。
maxDownlinkThroughputNetworkperUE,0,网络下行吞-每UE最大值,（拼写错误）每个UE的最大网络下行吞吐量。
maxDownlinkThroughputNetworkSlice,This attribute defines the maximum data rate supported by the network slice in downlink.,网络切片最大下行吞吐量,定义了网络切片在下行方向上支持的最大数据速率。
additionalDownlinkGBRQoSFlow,Additional downlink GBR QoS flows .,额外下行GBR QoS流,额外的下行保证比特率（GBR）QoS流。
alternateWork,0,备选工作,备选的工作方案。
alternateWorkDate,Alternate date where the work could take place in case the expected date cannot be met.,备选工作日期,在期望日期无法满足时，工作可以进行的备选日期。
specCharRelationship,"Relationship to other characteristics, such as dependency (the value that this characteristic can take may be limited by the value of the related characteristic)",规约特征关系,与其他特征的关系，例如依赖关系。
requiresSettlement,Indicates whether settlement operations will be associated to parties playing the role,是否需要结算,一个布尔值，表明结算操作是否将与扮演此角色的参与方相关联。
requiresBilling,Indicates whether billing operations will be associated to parties playing the role,是否需要计费,一个布尔值，表明计费操作是否将与扮演此角色的参与方相关联。
isNavigable,A flag indicating if access from the other end of association is allowed or not,是否可导航,一个布尔值，表明是否允许从关联关系的另一端进行访问。
aggregation,A flag indicates that if this role is an aggregation or a simple relationship,是否为聚合,一个布尔值，表明此角色是一个聚合关系还是一个简单关系。
checkWorkQualificationDate,Date when the workQualification was submitted,检查工作资格日期,工作资格检查提交的日期。
plannedOrActualCapacity,An indicator that specifies whether the capacity is planned or actual.,计划或实际容量,一个指示符，指定容量是计划容量还是实际容量。
transformationAlgorithmOfKQI,The description of a logical step-by-step procedure used to calculate the value of a KQI,KQI转换算法,用于计算关键质量指标（KQI）值的逻辑分步过程的描述。
queryWorkQualificationDate,Date when the workQualification was submitted,查询工作资格日期,工作资格查询提交的日期。
alternateWorkProposal,0,备选工作建议,备选的工作建议。
datetime,The timestamp that the action was applied.,日期时间,应用动作的时间戳。
transactionDate,Date time related to the POI transaction.,交易日期,与POS（销售点）交易相关的日期时间。
retrievalReferenceNumber,The reference number used to identify a given transaction that allow the Acceptor or Acquirer to keep track of their transactions,检索参考号,用于识别给定交易的参考号，允许受理方或收单方跟踪其交易。
modeOfEntry,Key entry code that tells the processor how the transaction was captured.,输入模式,告知处理器交易是如何被捕获的按键输入代码。
minQuantity,Minimum allowed quantity of the association role,最小数量,关联角色允许的最小数量。
maxQuantity,Maximum allowed quantity of the association role,最大数量,关联角色允许的最大数量。
timeRaised,Time the problem was raised,提出时间,问题被提出的时间。
timeChanged,Time the problem was last changed,变更时间,问题最后一次变更的时间。
productValue,0,产品值,产品的完整信息（非引用）。
loyaltyBalance,0,忠诚度余额,忠诚度账户的余额。
customerRef,Customer Reference.,客户引用,客户的引用。
customerId,ID of Referred Customer.,客户ID,被引用客户的ID。
serviceParmPerspective,A string that specifies whether the Service Level Specification Parameter represents a single user instance parameter or a parameter that represents an aggregation,服务参数视角,表明服务等级规约参数是代表单个用户实例还是一个聚合。
serviceParmCategory,"A string that specifies whether the Service Level Specification Parameter is technology specific, service specific, or technology/service independent",服务参数分类,表明服务等级规约参数是技术相关、服务相关还是与两者无关。
parameterType,Types of Service Level Specification parameters are KQI or KPI,参数类型,服务等级规约参数的类型，是“关键质量指标”（KQI）还是“关键性能指标”（KPI）。
capacitySpec,capacity specification.,容量规约,容量的规约（模板）。
shippingOrderItemOffering,Each shipping order item can have a corresponding product offer in the product catalog.,发货单项产品目录,每个发货单项可以对应产品目录中的一个可销售产品。
criteriaGroupLogicalRelationship,Logical relation followed by the criteria group.,标准组逻辑关系,标准组遵循的逻辑关系。
relatedObject,List of objects associated to this problem,关联对象,与此问题关联的对象列表。
createDateTime,Date and time of worklog generated.,创建日期时间,工作日志生成的日期和时间。
task,0,任务,相关的任务。
supportPerson,The person who logged that record.,支持人员,记录该条记录的人员。
dateTime,The timestamp that the action was applied.,日期时间,记录生成的日期时间。
changeRequestRelationshipCharacteristic,0,变更请求关系特征,变更请求关系的特征。
sourceSystem,The system that the measurement is related to,源系统,度量相关的源系统。
isRef,0,是否为引用,是否为引用。
orderItemRelationship,0,订单项关系,订单项之间的关系。
record,0,记录,相关的记录。
lastUpdateDateTime,Date and time when the worklog updated.,最后更新日期时间,工作日志更新的日期和时间。
monitoredObjectFilter,A filter that can be used in conjunction with the monitored object class for specifying the set of instances that are referenced,被监控对象过滤器,可与被监控对象类结合使用的过滤器，用于指定被引用的实例集合。
authenticationType,The authentication scheme used for this API.,认证类型,此API使用的认证方案。
apiProtocolType,"API protocol type like REST, SOAP and so on.",API协议类型,API的协议类型，如REST、SOAP等。
dunningWriteOff,"The DunningWriteOff corresponds, in a dunning context, to a credit to definitively balance the CustomerAccount before being able to close it",催款核销,在催款上下文中，指在关闭客户账户前为最终平衡账户而进行的一笔贷记。
dunningNotification,A communication or joint activity from the Telecommunication Operator to the customer to ask for a CustomerPayment or negotiate a PaymentPlan,催款通知,电信运营商向客户发出的、要求客户付款或协商付款计划的通信。
appliedPenaltyCharge,"represents penalty charges such as late fees, payment rejection fees, interests, that could be applied, linked to dunning of a due amount, in order to bill the customer according to contractual terms and conditions",已应用罚金,表示可能应用的罚金，如滞纳金、付款拒付费等，与逾期金额的催款相关。
swapSpaceUsedCurrent,"The amount of swap space currently in use. If the Software doesn't distinguish swap space from space used for paging files, then the value of this attribute should be 0.",当前已用交换空间,当前正在使用的交换空间大小。
processMemorySizeCurrent,The amount of memory currently allocated to a process.,当前进程内存大小,当前分配给一个进程的内存大小。
pagingFileSizeCurrent,"Defines the current number, and size of, stored paging files for the software. If this instance doesn't support paging files, then the value of this attribute should be 0.",当前分页文件大小,软件当前存储的分页文件的数量和大小。
numUsersCurrent,The ccurrent number of users of the Sofware.,当前用户数,软件的当前用户数。
numProcessesActiveCurrent,The current number of total processes that the Software can support at any given time.,当前活动进程数,软件在任何给定时间可以支持的当前活动进程总数。
lastStartTime,The time of the last start of this software.,最后启动时间,此软件的最后一次启动时间。
isUTCTime,Indicates whether this software uses absolute (UTC) time.,是否使用UTC时间,一个布尔值，表明此软件是否使用绝对（UTC）时间。
isVirtualizable,True if the Capacity required can be virtualized.,是否可虚拟化,一个布尔值，表明所需的容量是否可以被虚拟化。
internalUrl,The URL of an API offered to an API brokerage.,内部URL,提供给API经纪商的API的URL。
internalSchema,The internal API schema of the (internal) URL which an API broker uses.,内部结构,API经纪商使用的内部URL的API结构（Schema）。
externalUrl,The URL of an API offered to the user. This is seen as external url for an API brokerage.,外部URL,提供给用户的API的URL，对于API经纪商来说是外部URL。
externalSchema,The external API schema of the (external) URL offered to the client of this API.,外部结构,提供给此API客户端的外部URL的API结构（Schema）。
productOfferingQualificationDate,Date when the productOfferingQualification has been submitted,产品可提供性资格查询日期,产品可提供性资格查询已提交的日期。
subAddress,"Within a property in an urban area, may refer to a building, building cluster, or a floor of a multistory building",子地址,城市区域内物业中的子地址，可以指一栋建筑、建筑群或多层建筑的一层。
softwareSupportPackage,0,软件支持包,软件的支持包。
numberProcessActiveTotal,Defines the maximum number of total processes that a SoftwareSpecifciation can support at any given time.,最大活动进程总数,一个软件规格在任何给定时间可以支持的最大活动进程总数。
numUsersMax,Defines the maximum number of users for a SoftwareSpecifciation.,最大用户数,一个软件规格的最大用户数。
ip,IP address of the receiver,IP地址,接收方的IP地址。
appUserId,ID of the mobile app user,应用用户ID,移动应用用户的ID。
vertexSpecCharacteristicValue,"A CharacteristicValueSpecification object is used to define a set of attributes, each of which can be assigned to a corresponding set of attributes in a VertexSpecificationCharacteristic object. The values of the attributes in the CharacteristicValueSpecification object describe the values of the attributes that a corresponding VertexSpecificationCharacteristic object can take on.",顶点规约特征值,用于定义一组可分配给顶点规约特征对象的属性。
vertexSpecCharRelationship,"An aggregation, migration, substitution, dependency or exclusivity relationship between/among Specification Characteristics.",顶点规约特征关系,顶点规约特征之间的聚合、迁移、替代、依赖或排他关系。
edgeSpecificationId,Unique identifier of the edge specification containing the target characteristic,边规约ID,包含目标特征的边规约的唯一ID。
edgeSpecificationHref,Hyperlink reference to the edge specification containing the target characteristic,边规约链接,包含目标特征的边规约的URL链接。
edgeSpecCharacteristicValue,"A CharacteristicValueSpecification object is used to define a set of attributes, each of which can be assigned to a corresponding set of attributes in a EdgeSpecificationCharacteristic object. The values of the attributes in the CharacteristicValueSpecification object describe the values of the attributes that a corresponding EdgeSpecificationCharacteristic object can take on.",边规约特征值,用于定义一组可分配给边规约特征对象的属性。
partyPrivacyProfileSpecCharacteristicValue,List of values that can be assigned to this characteristic at runtime,参与方隐私配置规约特征值,在运行时可分配给此特征的值列表。
searchResult,Result of the search time slot (success or fail for example),搜索结果,搜索时间槽的结果，例如“成功”或“失败”。
searchDate,Date when the search time slot is performed,搜索日期,执行搜索时间槽的日期。
alternateStock,Alternate product stock available,备选库存,可用的备选产品库存。
alternateQuantity,Alternate quantity available,备选数量,可用的备选数量。
MacAddressType,0,MAC地址类型,MAC地址的类型。
vertexSpecificationId,Unique identifier of the vertex specification containing the target characteristic,顶点规约ID,包含目标特征的顶点规约的唯一ID。
vertexSpecificationHref,Hyperlink reference to the vertex specification containing the target characteristic,顶点规约链接,包含目标特征的顶点规约的URL链接。
algorithmParams,0,算法参数,算法的参数。
algorithmRef,0,算法引用,算法的引用。
edgeSpecCharRelationship,"An aggregation, migration, substitution, dependency or exclusivity relationship between/among Specification Characteristics.",边规约特征关系,边规约特征之间的聚合、迁移、替代、依赖或排他关系。
userAssets,List of additional profile information,用户资产,用户的额外个人资料信息列表。
downlinkThroughput,This attribute describes the guaranteed data rate supported by the network slice in downlink.,下行吞吐量,描述网络切片在下行方向上支持的保证数据速率。
uplinkThroughputPerNetworkSliceGuaranteedUplinkThroughput,This attribute describes the guaranteed data rate supported by the network slice in uplink. There are services (e.g. emergency services) where guaranteed uplink throughput is required. kbps,切片上行吞-保证值,网络切片在上行方向上支持的保证数据速率（kbps）。
supportedDataNetworkServiceCategory,"This attribute defines a service category wich may be assigned to certain groups of devices using the netwirk slice, associated to a Maximum Dowlink Troughput",支持的数据网络服务类别,定义了可分配给使用网络切片的特定设备组的服务类别。
supportedDataNetwork,This attribute describes the data nework the network slice provides access to,支持的数据网络,描述网络切片提供接入的数据网络。
sliceSegment,This attribute specifies Subnet involved in the slice ,切片段,指定了切片中涉及的子网。
multimediaPriorityServiceSupport,"This attribute specifies whether or not the network slice supports MPS for MMTel voice, MPS for MMTel video, and/or MPS for Data as specified in 3GPP TS 22.153 [31]. This parameter must be present if Multimedia Priority Service support is set to “MPS”. ",是否支持MPS,表明网络切片是否支持多媒体优先服务（MPS）。
multimediaPriorityServiceCapabilitySupport,This parameter specifies what capabilities are available to support MPS. More than one capability may be supported at once. This parameter must be present if Multimedia Priority Service support is set to “MPS”. ,MPS能力支持,指定了可用于支持多媒体优先服务（MPS）的能力。
mergeTopologyGraph,URI with query string of the Topology GraphIds to be merged,合并拓扑图,要合并的拓扑图的URI列表。
vertexResult,The vertices result of the query,顶点结果,查询的顶点结果。
queryMatch,Pattern to search for in graph,查询匹配,在图中搜索的模式。
graphTemplate,Attributes of the created Graph,图模板,已创建图的属性。
graphSource,The topology graph to be queried,图源,要被查询的拓扑图。
uplinkThroughputPerNetworkSliceAdditionalUplinkGBRQoSFlows,0,切片上行吞-额外GBR流,额外的上行保证比特率（GBR）QoS流。
reserveProductStockState,"State of the ReserveProductStock (acknowledged, inProgress, failed, done, cancelled); State of the ReserveProductStockItem (acknowledged, inProgress, failed, done, cancelled).",预留产品库存状态,预留产品库存或其项目的状态（已确认、进行中、失败、完成、已取消）。
maximumDataBurstVolume,bytes Each GBR QoS Flow with Delay-critical resource type shall be associated with a Maximum Data Burst Volume (MDBV). MDBV denotes the largest amount of data that the 5G-AN is required to serve within a period of 5G-AN PDB (i.e. 5G-AN part of the PDB) (see clause 5.7.3.7 of 3GPP TS 23.501 [1]). ,最大数据突发量(MDBV),在一个数据包延迟预算（PDB）周期内，5G接入网需要服务的最大数据量（字节）。
sliceQualityOfServiceParametersMaximumPacketLossRate,"Percentage The Maximum Packet Loss Rate (UL, DL) indicates the maximum rate for lost packets of the QoS flow that can be tolerated in the uplink (UL) and downlink (DL) direction.",切片QoS-最大丢包率,QoS流在上下行方向上可以容忍的最大丢包率（百分比）。
supportForNon-IPTraffic,"Percentage The Maximum Packet Loss Rate (UL, DL) indicates the maximum rate for lost packets of the QoS flow that can be tolerated in the uplink (UL) and downlink (DL) direction.",是否支持非IP流量,一个布尔值，表明网络切片是否支持非IP流量。
supportedDeviceVelocity,"Kilometres per hour (km/h) Maximum speed supported by the network slice at which a defined QoS and seamless transfer between TRxPs (Transmission Reception Point(s)), which may belong to different deployment layers and/or radio access technologies (multi-layer /-RAT), can be achieved.",支持的设备速度,网络切片支持的、能保证QoS和无缝切换的最大设备移动速度（公里/小时）。
synchronicityAvailability,The synchronicity between devices over PC5 in absence of the network is not in scope of this attribute.,同步性可用性,网络切片提供的同步性能力是否可用。
synchronicityAccuracy,This parameter describes the accuracy of the synchronicity. in Seconds,同步性精度,同步性的精度（秒）。
performancePredictionFrequency,This parameter describes how often KQIs and KPIs prediction values are provided,性能预测频率,提供关键质量指标（KQI）和关键性能指标（KPI）预测值的频率。
changeReason,The reason why the status changed.,变更原因,状态发生变更的原因。
areaofServiceCountry,"This attribute specifies the area where the terminals can access a particular network slice. Therefore, the attribute specifies the list of the countries where the service will be provided. The list is specific to NSPs and their roaming agreements",服务区域-国家,终端可以访问特定网络切片的国家列表。
reserveProductStockItem,A list of product stock item reservation ,预留产品库存项,产品库存项目预留的列表。
requiredAvailabilityDate,Requested product availability date for the reservation.,要求可用日期,预留所要求的产品可用日期。
queryProductStockItem,A list of query product stock item - only present in response,查询产品库存项,查询产品库存项的列表（仅在响应中出现）。
requestedQueryProductStockDate,Date when the requester wished to have a response for this product stock query.,期望查询库存日期,请求者希望得到产品库存查询答复的日期。
completedQueryProductStockDate,Date when the QueryProductStock was completed.,完成查询库存日期,产品库存查询完成的日期。
adjustProductStockItem,0,调整产品库存项,调整产品库存项。
requestedAdjustProductStockDate,Date when the AdjustProductStock was created (whatever its status).,请求调整库存日期,调整产品库存请求被创建的日期。
instantSyncAdjust,An indicator which when the value is "true" means that requester expects the adjustment immediately. If the indicator is true then the response code of 200 indicates the operation is successful otherwise a task is created with a response 201.,即时同步调整,一个布尔值，为true时表示请求方期望立即完成调整。
completedAdjustProductStockDate,Date when the AdjustProductStock was created (whatever its status).,完成调整库存日期,调整产品库存完成的日期。
adjustReason,A reason for this product stock adjustment like theft or wastage.,调整原因,产品库存调整的原因，例如“被盗”或“损耗”。
topologyQueryJob,The involved resource data for the event,拓扑查询任务,事件中涉及的拓扑查询任务资源数据。
mergeTopologyGraphJob,The involved resource data for the event,合并拓扑图任务,事件中涉及的合并拓扑图任务资源数据。
topologyDiscoveryJob,The involved resource data for the event,拓扑发现任务,事件中涉及的拓扑发现任务资源数据。
violation,0,违规,发生的违规事件。
usageConsumptionReportRequest,The involved resource data for the event,用量消耗报告请求,事件中涉及的用量消耗报告请求资源数据。
bucketBalance,0,资源桶余额,资源桶的余额。
outOfBucketCounter,Counters detailing usage consumption out of the buckets,超出资源桶计数器,详细记录超出资源桶用量的计数器。
unGroupAlarms,The involved resource data for the event,告警取消分组,事件中涉及的告警取消分组资源数据。
groupAlarms,The involved resource data for the event,告警分组,事件中涉及的告警分组资源数据。
commentAlarms,The involved resource data for the event,告警备注,事件中涉及的告警备注资源数据。
clearAlarms,The involved resource data for the event,告警清除,事件中涉及的告警清除资源数据。
unAckAlarms,The involved resource data for the event,告警取消确认,事件中涉及的告警取消确认资源数据。
ackAlarms,The involved resource data for the event,告警确认,事件中涉及的告警确认资源数据。
recommendationItem,0,推荐项,推荐中的具体项目。
instantSyncRecommendation,An indicator which when the value is "true" means that requester expects to get recommendation result in the response,即时同步推荐,一个布尔值，为true时表示请求方期望在响应中获得推荐结果。
availableTimeSlot,0,可用时间槽,可用的时间段。
expectedPOQCompletionDate,Date when the requester expect to provide an answer for the qualification request,期望POQ完成日期,（应为expectedPOQCompletionDate）请求者期望得到产品可提供性资格查询答复的日期。
queryProductRecommendation,The involved resource data for the event,查询产品推荐,事件中涉及的查询产品推荐资源数据。
shoppingCartItem,0,购物车项,与实体相关的购物车项。
quoteDate,Date and time when the quote was created,报价日期,报价单被创建的日期和时间。
alarmSpecification,0,告警规约,告警的规约（模板）。
performanceConsequence,0,性能后果,性能相关的后果。
perfAlarmSpecSeverity,0,性能告警规约严重性,性能告警规约的严重性。
perfAlarmThresholdCrossingDescription,0,性能告警越限描述,性能告警的越限描述。
queryUsageConsumptionDate,Date when the query was submitted,查询用量消耗日期,查询提交的日期。
perfAlarmSpecSpecificProblem,0,性能告警规约具体问题,性能告警规约的具体问题。
perfAlarmSpecProbableCause,0,性能告警规约可能原因,性能告警规约的可能原因。
perfAlarmSpecAlarmType,0,性能告警规约告警类型,性能告警规约的告警类型。
perfAlarmSpecAdditionalText,0,性能告警规约附加文本,性能告警规约的附加文本。
dunningCase,The involved resource data for the event,催款案例,事件中涉及的催款案例资源数据。
resolveIncident,The involved resource data for the event,解决事件,事件中涉及的解决事件资源数据。
diagnoseIncident,The involved resource data for the event,诊断事件,事件中涉及的诊断事件资源数据。
default,Indicates if the value is the default value for a characteristic,是否为默认值,一个布尔值，表明该值是否为对应特征的默认值。
bucketRefOrValue,Bucket(s) included in the offer or option subscribed.,资源桶引用或值,已订购的产品目录或选项中包含的资源桶。
refundDate,Date when the refund was performed,退款日期,退款执行的日期。
urgency,"Urgency is the speed required for resolving the service issues. A measure of how long it will be until an incident has a significant impact on the business. This field is optional. The options are critical, high, medium, and low",紧急度,解决服务问题所需的速度。衡量事件对业务产生重大影响前的时间。
sourceObject,"The objects show the incident, it may be part of Network Equipment. Fault object, which may be an NE or a port.",源对象,显示事件的源对象，例如网络设备或端口。
rootEventId,"The root event object such as alarm, externalAlarm, performance, etc.",根事件ID,根事件对象，例如告警、外部告警、性能事件等。
rootCause,A root cause is a fundamental or underlying reason behind why an incident occurred that identifies one or more failures. An incident many have multiple rootCauses,根本原因,导致事件发生的根本或潜在原因。
affectedEntity,List of affected entities ,受影响实体,受影响的实体列表。
updateTime,The last update time  of the incident,更新时间,事件的最后更新时间。
occurTime,Indicates the time (as a date + time) at which the incident occurred at its source,发生时间,事件在其源头发生的日期和时间。
incidentResolutionSuggestion,Incident resolution suggestion or tip to resolve the incident,事件解决建议,用于解决事件的建议或提示。
incidentDetail,"A textual succinct description of the nature, symptoms, cause, or effect of the incident.",事件详情,对事件的性质、症状、原因或影响的文本简述。
manageableAsset,0,可管理资产,可管理的资产。
appliedCapacity,0,已应用容量,已应用的容量。
member,0,会员,会员信息。
memberId,The member identifier of the loyalty program member.,会员ID,忠诚度计划会员的标识符。
expectedWorkDate,The date when the work is expected to take place,预计工作日期,工作预计发生的日期。
program,0,计划,相关的计划。
entityCategory,The involved resource data for the event,实体分类,事件中涉及的实体分类资源数据。
healPolicy,0,修复策略,修复的策略。
additionalParms,Additional parameters to be sent to the heal action as name value pairs,附加参数,以“名称-值”对形式发送给修复动作的附加参数。
healAction,Exact action to be taken as part of the heal process or a pointer to a script to be run,修复动作,作为修复过程一部分要采取的确切动作，或要运行的脚本指针。
degreeOfHealing,Indicates the degree of healing required,修复程度,所需的修复程度。
associationSpecification,The involved resource data for the event,关联规约,事件中涉及的关联规约资源数据。
scaleType,Type of scaling requested,伸缩类型,请求的伸缩类型（如scale-in， scale-out）。
numberOfSteps,Number of scaling steps in the direction indicated by type of scale,步数,在伸缩方向上的伸缩步数。
aspectId,Scaling aspect is the dimension along which the Resource Function needs to be scaled. The id of the aspect is provided here,维度ID,资源功能需要被伸缩的维度ID。
connection,Resource graph edges.,连接,资源图的边。
removeConnectionPoint,Connection points to be removed when function is migrated,移除连接点,功能迁移时要移除的连接点。
characteristics,Additional attributes to pass to the migrate operation,特征,传递给迁移动作的额外属性。
addConnectionPoint,Connection points to be added when function is migrated,添加连接点,功能迁移时要添加的连接点。
completionMode,In what mode is the migrate operation to be performed,完成模式,迁移动作将以何种模式执行。
adminStateModification,SubState required before migrate is carried out,管理状态修改,在执行迁移前所需设置的子状态。
concreteResource,0,具体资源,具体的资源。
abstractResource,0,抽象资源,抽象的资源。
dateShift,An offset of a billing/settlement date. The offset is expressed as number of days with regard to the start of the billing/settlement period.,日期偏移,相对于计费周期开始日的计费日期偏移天数。
areaofServiceRegion,"For every single country listed in the area of service attribute it needs to be indicated if the service will be provided in the whole country or just in part of the country. If the NSC requires a specific location, this attribute can be used to specify the regions of the country where the service will be provided. It needs to be completed for every country listed in the Area of service attribute. The list of regions is specific for each country and the way to define these regions is the decision of the NSC and NSP.",服务区域-地区,在每个服务区域国家内，进一步指定服务提供的具体地区。
changeDate,The date and time the status changed.,变更日期,状态发生变更的日期和时间。
energyEfficiencyNetworkSliceEnergyEfficiencyKPI,This attribute describes wether the network slice supports the energy efficiency KPI,能效-网络切片能效KPI,表明网络切片是否支持能效KPI。
charSpecSeq,"The order in which a CharacteristicSpecification appears within another CharacteristicSpecification that defines a grouping of CharacteristicSpecifications.

For example, a grouping may represent the name of an individual. The given name is first, the middle name is second, and the last name is third.",特征规约顺序,一个特征规约在另一个分组特征规约中出现的顺序。
productSpecCharRelationship,"An aggregation, migration, substitution, dependency or exclusivity relationship between/among Specification Characteristics.",产品规格特征关系,产品规格特征之间的聚合、迁移、替代、依赖或排他关系。
checkProductStockItem,A list of check product stock  item,检查产品库存项,检查产品库存项的列表。
requestedCheckProductStockDate,Date when the requester wished to have a response for this product stock check query.,期望检查库存日期,请求者希望得到产品库存检查答复的日期。
completedCheckProductStockDate,Date when the CheckProductStock was completed.,完成检查库存日期,检查产品库存完成的日期。
performancePredictionAvailability,"This parameter contains a list of KQIs and KPIs available for prediction. If the list is empty, the attribute is not available in the network slice and the other parameters might be ignored",性能预测可用性,包含可用于预测的关键质量指标（KQI）和关键性能指标（KPI）的列表。
performanceMonitoringSampleFrequency,This parameter describes how often the KQIs and KPIs are monitored.,性能监控采样频率,监控关键质量指标（KQI）和关键性能指标（KPI）的频率。
performanceMonitoringAvailabilityFrequency,This parameter contains a list of KQIs and KPIs available for monitoring. If the list is empty this attribute is not available in the network slice and the other parameters might be ignored,性能监控可用性频率,包含可用于监控的关键质量指标（KQI）和关键性能指标（KPI）的列表。
deterministicCommunication,0,确定性通信,确定性通信相关信息。
areaOfService,0,服务区域,服务提供的区域。
violationAverage,0,违规平均值,违规的平均值。
tolerance,0,容忍度,容忍度。
referenceValue,0,参考值,参考值。
actualValue,0,实际值,实际的数值。
gracePeriods,The number of times an objective can remain un-updated in reference to the conformancePeriod without a Performance threshold Consequence being initiated,宽限期,在一个符合性周期内，目标可以保持未更新而不触发性能阈值后果的次数。
measurementUnit,"The unit of the measurement (e.g. second, bytes, Celsius, etc.)",度量单位,度量的单位，例如“秒”、“字节”、“摄氏度”。
measurementType,A category of the measurement (different SDOs may be using different categories),度量类型,度量的类别。
measurementFormula,A formula that is used to calculate a measurement (a string),度量公式,用于计算度量的公式（字符串）。
alternatePlace,Alternate place where product stock is available,备选地点,产品库存可用的备选地点。
alternateAvailabilityDate,Alternate date when the product stock is available.,备选可用日期,产品库存可用的备选日期。
productStockTarget,The product stock to adjust .,目标产品库存,要被调整的产品库存。
adjustProductStockQuantity,0,调整产品库存数量,调整产品库存的数量。
availabilityResult,"Result of the availability like available, notAvailable, alternate",可用性结果,可用性的结果，如“可用”、“不可用”、“有备选”。
performancePrediction,0,性能预测,性能预测信息。
performanceMonitoring,0,性能监控,性能监控信息。
missionCriticalServiceSupport,"This attribute specifies whether or not the network slice supports mission-critical push-to-talk (MCPTT), mission-critical data (MCData)], mission-critical video (MCVideo), Isolated E-UTRAN Operation for Public Safety (IOPS), or mission-critical interworking",关键任务服务支持,表明网络切片是否支持关键任务服务，如MCPTT（一键通）、MCData（关键数据）。
missionCriticalCapabilitySupport,This parameter specifies what capabilities are available to support mission-critical services.  More than one capability may be supported at once.  This parameter must be present if Mission critical supportis set toMission-critical.,关键任务能力支持,指定了可用于支持关键任务服务的能力。
quoteName,Name of the related entity.,报价单名称,相关实体的名称。
