Schema,Descriptions,中文名称,新描述
Addressable,Base schema for adressable entities,可寻址实体,这是一个基础模型，用于定义那些拥有唯一地址（比如URL）并能被直接访问的资源。
EntityRef,,实体引用,用来引用另一个独立实体（比如客户、产品）的摘要信息，通常只包含ID和链接（href），以避免数据重复。
Characteristic,,特征 / 属性,描述一个对象（如产品、服务）的具体属性，以“名称-值”对（name-value pair）的形式存在，例如“颜色-红色”。
CharacteristicRelationship,,特征关系,定义不同特征（Characteristic）之间的关系，例如一个特征依赖于另一个特征。
Entity,Base entity schema for use in TMForum Open-APIs. Property.,实体,所有TMForum API资源模型的基础，提供了像id和href这样的通用属性。
Hub,Sets the communication endpoint address the service instance must use to deliver notification information,事件订阅回调端点,用于设置一个接收通知的回调地址（URL）。当某个事件发生时，系统会向这个地址发送通知。
Error,"Used when an API throws an Error, typically with a HTTP error response-code (3xx, 4xx, 5xx)",错误信息,当API调用出错时，返回的标准错误信息结构，包含错误代码、原因等详细信息。
Extensible,Base Extensible schema for use in TMForum Open-APIs - When used for in a schema it means that the Entity described by the schema  MUST be extended with the @type,可扩展实体,一个基础模型，允许在运行时通过@type字段动态指定其具体类型，从而实现多态和灵活扩展。
Event,,事件,描述系统中发生的某个具体事件的详细信息，例如“客户创建成功”事件。
BaseEvent,,基础事件,所有具体事件模型的通用基础，定义了事件ID、事件时间等公共属性。
PartyRef,A Party reference,参与方引用,用于简要引用一个参与方（个人或组织）的信息，通常只包含ID和链接。
PartyRoleRef,,参与方角色引用,用于简要引用一个参与方所扮演的角色（如客户、供应商），通常只包含ID和链接。
PartyRefOrPartyRoleRef,,参与方或角色引用,一个灵活的模型，既可以用来引用一个参与方（Party），也可以引用一个参与方角色（PartyRole）。
RelatedPartyRefOrPartyRoleRef,,关联参与方或角色引用,用于引用与当前实体相关的某个参与方或其角色，并能定义他们之间的关系类型（例如“联系人”）。
TimePeriod,"A period of time, either as a deadline (endDateTime only) a startDateTime only, or both",时间段,定义一个时间段，可以只有开始时间、只有结束时间，或两者都有。
JsonPatch,A JSONPatch document as defined by RFC 692,JSON补丁,遵循RFC 6902标准的一种格式，用于描述如何对一个JSON文档进行局部修改（如增加、替换、删除字段）。
JsonPatchOperations,JSONPatch Operations document as defined by RFC 692,JSON补丁操作,描述一个具体的JSON补丁操作，如add（添加）， remove（移除）， replace（替换），以及操作路径和值。
AttachmentRef,,附件引用,用于简要引用一个附件（如文档、图片）的信息，通常包含ID和链接。
Quantity,An amount in a given unit,数量,表示一个带有单位的数量，例如“10 GB”或“5 次”。
Attachment,,附件,描述一个附件的完整信息，如文件类型、大小、URL链接等。
AttachmentRefOrValue,"The polymorphic attributes @type, @schemaLocation & @referredType are related to the Attachment entity and not the AttachmentRefOrValue class itself",附件引用或值,一个灵活的模型，既可以包含一个完整的附件信息（值），也可以只包含对一个已存在附件的引用。
ExternalIdentifier,,外部标识符,用于记录实体在其他外部系统中的ID或标识。
StringCharacteristic,,字符串特征,Characteristic的具体实现，其值必须是字符串。
NumberCharacteristic,,数字特征,Characteristic的具体实现，其值必须是数字。
IntegerCharacteristic,,整数特征,Characteristic的具体实现，其值必须是整数。
NumberArrayCharacteristic,,数字数组特征,Characteristic的具体实现，其值必须是数字数组。
BooleanArrayCharacteristic,,布尔数组特征,Characteristic的具体实现，其值必须是布尔值数组。
BooleanCharacteristic,,布尔特征,Characteristic的具体实现，其值必须是布尔值（true/false）。
StringArrayCharacteristic,,字符串数组特征,Characteristic的具体实现，其值必须是字符串数组。
IntegerArrayCharacteristic,,整数数组特征,Characteristic的具体实现，其值必须是整数数组。
ObjectArrayCharacteristic,,对象数组特征,Characteristic的具体实现，其值必须是对象数组。
ObjectCharacteristic,,对象特征,Characteristic的具体实现，其值是一个复杂的对象。
ContactMedium,,联系方式,描述一种联系方式的通用模型，如电话号码、电子邮箱、邮寄地址等。
Note,,备注,用于给实体添加文本备注信息，通常包含作者和创建时间。
FloatCharacteristic,,浮点数特征,Characteristic的具体实现，其值必须是浮点数。
PolicyRef,,策略引用,用于简要引用一个策略规则（如折扣策略、安全策略）。
PlaceRef,Place reference.,地点引用,用于简要引用一个地点（如地理位置、地址）。
CharacteristicValueSpecification,,特征值规约,定义一个特征（Characteristic）可以接受的值的规则，例如值的范围、单位或是否为默认值。
CharacteristicSpecification,,特征规约,定义一个特征的模板，描述其名称、数据类型、允许值等元数据，用于创建具体的特征实例。
CharacteristicSpecificationRelationship,,特征规约关系,定义不同特征规约（模板）之间的关系，例如一个特征规约依赖另一个。
ResourceRef,"Resource reference, for when Resource is used by other entities.",资源引用,用于简要引用一个物理或非物理资源（如网络设备、端口、软件）。
GeographicSubAddressUnit,,地理子地址单元,地址的更小单元，例如公寓号、楼层、单元号等。
Place,Place reference.,地点,描述一个地点的完整信息，可以是地理地址、地理位置坐标或其他任何形式的地点。
ProductRef,A Product reference,产品引用,用于简要引用一个已售出的具体产品实例。
StandardIdentifier,,标准标识符,一个标准的、全球唯一的标识符，例如ISBN（书籍）、UPC（商品）。
GeographicSiteRelationship,,地理站点关系,定义不同地理站点之间的关系，例如一个站点包含另一个站点。
GeographicLocation,,地理位置,用经纬度等坐标信息来定义一个地理点或地理区域。
HourPeriod,,小时周期,表示一天中的一个时间段，例如“上午9点到下午5点”。
CalendarPeriod,,日历周期,表示日历上的一个时间段，例如“周一至周五”或“每月1号”。
GeographicLocationRef,,地理位置引用,用于简要引用一个地理位置（坐标点或区域）。
GeographicSubAddress,,地理子地址,描述一个完整地址内部的细分部分，例如楼层、公寓、房间号等。
GeographicLocationRefOrValue,"The polymorphic attributes @type, @schemaLocation & @referredType are related to the GeographicLocation entity and not the GeographicLocationRefOrValue class itself",地理位置引用或值,一个灵活的模型，既可以包含一个完整的地理位置信息（值），也可以只包含对一个已存在地理位置的引用。
AgreementRef,"Agreement reference. An agreement represents a contract or arrangement, either written or verbal and sometimes enforceable by law, such as a service level agreement or a customer price agreement. An agreement involves a number of other business entities, such as products, services, and resources and/or their specifications.",协议引用,用于简要引用一份协议或合同，例如服务水平协议（SLA）。
GeographicAddress,,地理地址,描述一个结构化的邮寄地址，包含国家、城市、街道、门牌号等信息。
GeographicSite,,地理站点,描述一个具有物理边界的场地，例如一栋建筑、一个数据中心或一个基站。
PlaceRefOrValue,"The polymorphic attributes @type, @schemaLocation & @referredType are related to the Place entity and not the PlaceRefOrValue class itself",地点引用或值,一个灵活的模型，既可以包含一个完整的地点信息（值），也可以只包含对一个已存在地点的引用。
IntentRef,"Intent reference, for when Intent is used by other entities",意图引用,用于简要引用一个业务或技术“意图”（即期望达到的目标状态）。
PaymentMethodRef,PaymentMethod reference. A payment method defines a specific mean of payment (e.g direct debit).,支付方式引用,用于简要引用一种支付方式，例如信用卡、直接借记。
ServiceRef,"Service reference, for when Service is used by other entities.",服务引用,用于简要引用一个客户正在使用的具体服务实例（如宽带服务）。
EntityRelationship,A uni-directionmal relationship from this entity to a target entity instance,实体关系,描述从一个实体到另一个实体的单向关系，并可以定义关系的类型。
ProductOfferingRef,,产品目录引用,用于简要引用一个可供销售的产品规格或套餐（即产品目录中的一项）。
Money,A base / value business entity used to represent money,货币金额,表示一笔钱，包含金额和货币单位（如100.00 USD）。
RelatedPlaceRefOrValue,,关联地点引用或值,用于描述一个与当前实体相关的地点，并可以定义两者间的关系类型。可以包含完整地点信息或引用。
FeatureRelationship,,功能特性关系,定义不同功能特性之间的关系，例如一个功能依赖另一个功能。
AccountRef,Account reference. A account may be a party account or a financial account.,账户引用,用于简要引用一个账户，可以是客户账户或财务账户。
Feature,,功能特性,描述产品或服务的一个具体功能或组成部分。
TaxDefinition,,税收定义,定义一种税收的详细信息，例如税种、税率。
TaxExemptionCertificate,,免税证明,描述一个客户的免税资格证明信息。
OrganizationIdentification,,组织标识,组织的身份证明文件信息，例如营业执照号码。
IndividualIdentification,,个人标识,个人的身份证明文件信息，例如身份证号码、护照号码。
PartyCreditProfile,,参与方信用档案,记录一个参与方（个人或组织）的信用信息，如信用评分和有效期。
PartyOrPartyRole,,参与方或角色,一个灵活的模型，既可以表示一个参与方（Party），也可以表示其扮演的角色（PartyRole）。
OrganizationRef,,组织引用,用于简要引用一个组织。
CreditProfile,,信用档案,描述信用状况的通用模型，包括信用评分、风险评级等。
PartyRoleSpecificationRef,Party role specification reference. A party role specification gives additional details on the part played by a party in a given context.,参与方角色规约引用,用于简要引用一个参与方角色的模板或定义（规约）。
PartyRole,,参与方角色,描述一个参与方（Party）在特定业务场景下扮演的角色，例如“客户”、“账单联系人”。
RelatedPartyOrPartyRole,,关联参与方或角色,用于描述与当前实体相关的某个参与方或其角色，并定义他们之间的关系。
Party,,参与方,表示一个独立的实体，可以是一个人（Individual）或一个组织（Organization）。
NumberArrayCharacteristicValueSpecification,,数字数组特征值规约,CharacteristicValueSpecification的具体实现，用于为数字数组类型的特征值定义规则。
NumberCharacteristicValueSpecification,,数字特征值规约,CharacteristicValueSpecification的具体实现，用于为数字类型的特征值定义规则。
ObjectArrayCharacteristicValueSpecification,,对象数组特征值规约,CharacteristicValueSpecification的具体实现，用于为对象数组类型的特征值定义规则。
ObjectCharacteristicValueSpecification,,对象特征值规约,CharacteristicValueSpecification的具体实现，用于为对象类型的特征值定义规则。
EmailContactMedium,,邮件联系方式,专门用于表示电子邮件地址的联系方式。
Intent,,意图,描述一个期望达成的目标状态或业务目的，而不是具体的操作步骤。
Disability,Lack or inadequate strength or ability.,残障信息,用于记录个人的残障信息，例如残障类型和有效期。
IntentRefOrValue,Intent Ref (if Intent already exists) or Value (if Intent be created or its details be presented),意图引用或值,一个灵活的模型，既可以包含一个完整的意图信息（值），也可以只包含对一个已存在意图的引用。
BusinessPartner,When business partner is the BusinessPartner ,业务合作伙伴,特指在业务关系中作为合作伙伴的参与方（Party）。
Consumer,,消费者,特指作为产品或服务最终消费者的参与方（Party）。
StringCharacteristicValueSpecification,,字符串特征值规约,CharacteristicValueSpecification的具体实现，用于为字符串类型的特征值定义规则。
IntegerCharacteristicValueSpecification,,整数特征值规约,CharacteristicValueSpecification的具体实现，用于为整数类型的特征值定义规则。
BooleanArrayCharacteristicValueSpecification,,布尔数组特征值规约,CharacteristicValueSpecification的具体实现，用于为布尔数组类型的特征值定义规则。
IntegerArrayCharacteristicValueSpecification,,整数数组特征值规约,CharacteristicValueSpecification的具体实现，用于为整数数组类型的特征值定义规则。
OtherNameOrganization,,组织曾用名,记录一个组织的其他名称，例如曾用名或商号。
OtherNameIndividual,"Keeps track of other names, for example the old name of a woman before marriage or an artist name.",个人曾用名,记录个人的其他名称，例如婚前姓氏、别名或艺名。
OrganizationParentRelationship,,父组织关系,描述一个组织与其父组织（如母公司）之间的关系。
PhoneContactMedium,,电话联系方式,专门用于表示电话号码的联系方式。
Organization,,组织,描述一个组织或公司的详细信息，例如名称、类型、法律地位等。
OrganizationChildRelationship,,子组织关系,描述一个组织与其子组织（如子公司）之间的关系。
OrganizationStateType,Valid values for the lifecycle state of the organization,组织状态类型,定义一个组织在其生命周期中所处的各种状态，例如“已验证”、“已关闭”等。
TargetProductSchema,The reference object to the schema and type of target product which is described by product specification,目标产品结构,描述产品规格所定义的目标产品的结构（Schema）和类型（Type）。
Skill,Skills evaluated for an individual with a level and possibly with a limited validity when an obsolescence is defined (Ex: the first-aid certificate first level is limited to one year and an update training is required each year to keep the level).,技能,描述个人掌握的技能及其等级和有效期，例如急救证书每年都需要更新。
Supplier,When business partner is the Supplier ,供应商,特指在业务关系中作为供应商的参与方（Party）。
Producer,,生产商,特指在业务关系中作为产品或服务生产商的参与方（Party）。
LanguageAbility,Ability of an individual to understand or converse in a language.,语言能力,描述个人对某种语言的理解和沟通能力，包括读、写、听、说等级。
StringArrayCharacteristicValueSpecification,,字符串数组特征值规约,CharacteristicValueSpecification的具体实现，用于为字符串数组类型的特征值定义规则。
Individual,,个人,描述一个自然人的详细信息，例如姓名、出生日期、国籍等。
IndividualStateType,Valid values for the lifecycle state of the individual,个人状态类型,定义一个个人在其生命周期中所处的各种状态，例如“已验证”、“已停用”等。
BooleanCharacteristicValueSpecification,,布尔特征值规约,CharacteristicValueSpecification的具体实现，用于为布尔值（true/false）类型的特征值定义规则。
FloatArrayCharacteristic,,浮点数组特征,Characteristic的具体实现，其值必须是浮点数数组。
ProductSpecificationRef,,产品规格引用,用于简要引用一个产品规格（Product Specification），即产品的设计蓝图或模板。
Duration,A time interval in a given unit of time,持续时长,表示一个以特定单位（如天、小时）计量的时间长度。
GeographicAddressRef,Reference to a Geographic Address.,地理地址引用,用于简要引用一个结构化的地理地址。
GeographicAddressContactMedium,,地址联系方式,专门用于表示邮寄地址的联系方式。
FaxContactMedium,,传真联系方式,专门用于表示传真号码的联系方式。
ProductOfferingPriceRef,,产品价格引用,用于简要引用产品目录（Product Offering）中的一个价格或价格计划。
MapCharacteristicValueSpecification,,映射表特征值规约,CharacteristicValueSpecification的具体实现，用于为映射表（键值对）类型的特征值定义规则。
FloatCharacteristicValueSpecification,,浮点数特征值规约,CharacteristicValueSpecification的具体实现，用于为浮点数类型的特征值定义规则。
MapArrayCharacteristicValueSpecification,,映射表数组特征值规约,CharacteristicValueSpecification的具体实现，用于为映射表数组类型的特征值定义规则。
FloatArrayCharacteristicValueSpecification,,浮点数组特征值规约,CharacteristicValueSpecification的具体实现，用于为浮点数组类型的特征值定义规则。
ConstraintRef,,约束引用,用于简要引用一个约束规则或条件。
ChannelRef,"The channel to which the resource reference to. e.g. channel for selling product offerings, channel for opening a trouble ticket etc..",渠道引用,用于简要引用一个交互渠道，如网上营业厅、实体店、客服热线等。
OrderItemActionType,action to be performed on the product,订单项操作类型,定义了对订单中的产品可以执行的操作，例如add（新增）、modify（修改）、delete（删除）。
SocialContactMedium,,社交媒体联系方式,专门用于表示社交媒体账号的联系方式，如Twitter、微信等。
GeographicSiteFeature,,地理站点特征,描述地理站点的一个特定功能或属性，例如“有WiFi覆盖”。
bbox,A bounding box array that contains the geometry. The axes order follows the axes order of the geometry,边界框 (GeoJSON),GeoJSON标准格式：一个定义几何图形边界范围的坐标数组。
positionArray,GeoJSON: An array of positions,坐标数组 (GeoJSON),GeoJSON标准格式：一个由多个坐标点组成的数组。
position,GeoJSON: A single position,坐标点 (GeoJSON),GeoJSON标准格式：代表一个位置的单个坐标点。
linearRing,GeoJSON: An array of four or more positions where the first equals the last,线性环 (GeoJSON),GeoJSON标准格式：一个闭合的线，由至少四个坐标点组成，且第一个点和最后一个点坐标相同。
AssociationSpecificationRef,reference to an AssociationSpecification object,关联规约引用,用于简要引用一个定义实体间关联关系的模板或规则。
AgreementItemRef,,协议项引用,用于简要引用协议（Agreement）中的一个具体条款或项目。
ServiceSpecificationRef,,服务规格引用,用于简要引用一个服务规格（Service Specification），即服务的设计蓝图或模板。
ProductStatusType,Possible values for the status of the product,产品状态类型,定义一个产品实例可能处于的各种业务状态，例如“激活”、“暂停”、“终止”。
ItemActionType,action to be performed on the entity managed by the item,项目操作类型,定义了对某个项目（Item）可以执行的通用操作，如add（新增）、modify（修改）、delete（删除）。
BillingAccountRef,,计费账户引用,用于简要引用一个用于计费和支付的账户。
RelatedOrderItem,,关联订单项,描述订单项之间的关系，例如一个订单项依赖于另一个。
Price,,价格,描述一个价格的详细信息，可能包含一次性费用、周期性费用、税费等。
IntentExpression,,意图表达式,用特定语言（如JSON-LD）来结构化地表达一个业务意图（Intent）。
TaskStateType,Possible values for the state of a task,任务状态类型,定义了一个任务在其生命周期中所处的各种状态，例如“待处理”、“进行中”、“已完成”。
EntitySpecification,,实体规约,定义一个实体的模板，描述其通用的属性、关系和约束。
GeographicAddressRelationship,,地理地址关系,定义不同地理地址之间的关系。
GeographicSiteRef,,地理站点引用,用于简要引用一个地理站点（如一栋建筑或一个数据中心）。
TargetEntitySchema,The reference object to the schema and type of target entity which is described by a specification,目标实体结构,描述规约所定义的目标实体的结构（Schema）和类型（Type）。
GeographicSiteRefOrValue,"The polymorphic attributes @type, @schemaLocation & @referredType are related to the GeographicSite entity and not the GeographicSiteRefOrValue class itself",地理站点引用或值,一个灵活的模型，既可以包含一个完整的地理站点信息（值），也可以只包含对一个已存在站点的引用。
EntitySpecificationRelationship,"A migration, substitution, dependency or exclusivity relationship between/among entity specifications.",实体规约关系,定义实体规约（模板）之间的关系，如替代、依赖或排他关系。
PriceAlteration,,价格变更,描述对一个基础价格的修改，例如折扣、附加费或价格覆盖。
ProductRelationship,,产品关系,描述不同产品实例之间的关系，例如一个产品是另一个产品的附加组件。
ProductPrice,,产品价格,描述一个产品实例的价格信息，包括基础价格和各种价格变更。
ProductRefOrValue,"The polymorphic attributes @type, @schemaLocation & @referredType are related to the Product entity and not the ProductRefOrValue class itself",产品引用或值,一个灵活的模型，既可以包含一个完整的产品实例信息（值），也可以只包含对一个已存在产品的引用。
ProductTerm,,产品条款,描述与产品相关的条款和条件，例如合同期限、使用限制等。
RelatedEntity,,关联实体,描述与当前实体相关的另一个实体，并定义两者间的关系。
ResourceSpecificationRef,,资源规格引用,用于简要引用一个资源规格（Resource Specification），即资源的设计蓝图或模板。
MultiPoint,GeoJSON: A collection of Points,多点 (GeoJSON),GeoJSON标准格式：由多个坐标点（Point）组成的集合。
Point,GeoJSON: A single position,点 (GeoJSON),GeoJSON标准格式：代表一个位置的单个坐标点。
MultiLineString,GeoJSON: A collection of distinct LineStrings,多线 (GeoJSON),GeoJSON标准格式：由多条独立的线（LineString）组成的集合。
LineString,GeoJSON: A collection of Points forming a connected line,线 (GeoJSON),GeoJSON标准格式：由一系列坐标点连接而成的线。
Polygon,GeoJSON: An array of linear rings,多边形 (GeoJSON),GeoJSON标准格式：由一个或多个线性环（linear ring）组成的区域。
CategoryRef,,分类引用,用于简要引用一个分类或类别。
MultiPolygon,GeoJSON: A collection of Polygons,多多边形 (GeoJSON),GeoJSON标准格式：由多个多边形（Polygon）组成的集合。
Product,,产品,描述一个客户已订购并正在使用的具体产品实例。
RelatedEntityRefOrValue,,关联实体引用或值,一个灵活的模型，既可以包含一个完整的关联实体信息，也可以只包含对一个已存在实体的引用。
EntityRefOrValue,,实体引用或值,一个灵活的模型，既可以包含一个完整的实体信息，也可以只包含对一个已存在实体的引用。
RelatedServiceOrderItem,,关联服务订单项,描述服务订单中不同订单项之间的关系。
ServiceRelationship,,服务关系,描述不同服务实例之间的关系，例如一个服务依赖于另一个服务。
ServiceRefOrValue,"The polymorphic attributes @type, @schemaLocation & @referredType are related to the Service entity and not the ServiceRefOrValue class itself",服务引用或值,一个灵活的模型，既可以包含一个完整的服务实例信息（值），也可以只包含对一个已存在服务的引用。
ServiceStateType,Valid values for the lifecycle state of the service,服务状态类型,定义一个服务在其生命周期中所处的各种状态，例如“已设计”、“活动”、“已终止”。
ServiceOperatingStatusType,Valid values for the Operating status of the service,服务运行状态类型,定义服务的实际运行状态，例如是否正常工作或存在故障。
ErrorMessage,,错误消息,用于在批量操作中报告单个操作的错误信息。
PaymentRef,"If an immediate payment has been done at the product order submission, the payment information are captured and stored (as a reference) in the order.",支付引用,用于简要引用一笔支付记录。
IntentSpecificationRef,,意图规约引用,用于简要引用一个意图规约（模板），该规约定义了意图的参数和约束。
Service,,服务,描述一个客户正在使用的具体服务实例，是产品的技术实现。
ResourceOperationalStateType,ResourceOperationalStateType enumerations; values defined by ITU X.731: 'disable': The resource is totally inoperable and unable to provide service to the user(s); 'enable': The resource is partially or fully operable and available for use.,资源操作状态类型,资源的实际运行状态：disable（不可用）或enable（可用）。
RelatedParty,,关联参与方,描述与当前实体相关的参与方（个人或组织），并定义两者间的关系。
Expression,,表达式,用于以结构化方式表示一个意图。
ExpressionLanguageEnum,Possible values for the serialized Expression language of an intent or Intent report,表达式语言枚举,定义用于序列化意图表达式的语言类型，例如JsonLd或Turtle。
LogicalResource,,逻辑资源,描述一个非物理的、抽象的资源，例如IP地址或软件许可证。
ResourceRefOrValue,"The polymorphic attributes @type, @schemaLocation & @referredType are related to the Resource entity and not the ResourceRefOrValue class itself",资源引用或值,一个灵活的模型，既可以包含一个完整的资源信息（值），也可以只包含对一个已存在资源的引用。
FeatureSpecificationRelationship,,功能特性规约关系,定义不同功能特性规约（模板）之间的关系。
AppointmentRef,,预约引用,用于简要引用一个预约记录，例如上门安装服务预约。
ResourceUsageRef,ResourceUsage reference. ResourceUsage is usage event for Resource.,资源使用量引用,用于简要引用一条资源使用量事件的记录。
FeatureSpecification,,功能特性规约,定义一个功能特性的模板，描述其通用属性和约束。
ResourceStatusType,ResourceStatusType enumerations,资源状态类型,资源的复合状态，结合了管理状态、运行状态和使用状态。
ResourceAdministrativeStateType,ResourceAdministrativeStateType enumerations; values defined by ITU X.731: 'locked': The resource is administratively prohibited from performing services for its users; 'shutdown': Use of the resource is administratively permitted to existing instances of use only. While the system remains in the shutting down state the manager may at any time cause the managed object to revert to the unlocked state; 'unlocked': The resource is administratively permitted to perform services for its users. This is independent of its inherent operability.,资源管理状态类型,管理员设置的资源状态：locked（锁定）、shutdown（关闭中）或unlocked（解锁）。
Resource,,资源,描述一个用于交付服务的物理或非物理资产，如设备、网络端口或软件。
ResourceRelationship,,资源关系,描述不同资源之间的关系，例如一个资源包含另一个资源。
ProductRelationshipType,Possible values for product relationship - This is informative information and implementation are free to use distinct.,产品关系类型,定义产品关系的类型，例如“依赖于”、“捆绑”等，此为参考性信息。
ProductOrderRef,A reference to an existing Product Order.,产品订单引用,用于简要引用一个已存在的产品订单。
Reference,Reference schema .,引用,一个通用的引用模型，包含ID和链接（href）。
JsonLdExpression,,JsonLd表达式,使用JSON-LD格式表示的意图表达式。
TurtleExpression,,Turtle表达式,使用Turtle格式表示的意图表达式。
RelatedChannel,,关联渠道,描述与当前实体相关的渠道，并定义两者间的关系。
RelatedResourceOrderItem,,关联资源订单项,描述资源订单中不同订单项之间的关系。
PartyAccountRef,,参与方账户引用,用于简要引用一个与参与方关联的账户。
AgreementSpecificationRef,,协议规约引用,用于简要引用一个协议规约（模板）。
ResourceUsageStateType,"ResourceUsageStateType enumerations; values defined by ITU X.731: 'idle': The resource is not currently in use; 'active': The resource is in use, and has sufficient spare operating capacity to provide for additional users simultaneously; 'busy': The resource is in use, but it has no spare operating capacity to provide for additional users at this instant.",资源使用状态类型,资源当前的使用状态：idle（空闲）、active（活动）或busy（繁忙）。
DocumentSpecification,,文档规约,定义一个文档的模板，描述其结构和内容要求。
DocumentRefOrValue,,文档引用或值,一个灵活的模型，既可以包含一个完整的文档信息（值），也可以只包含对一个已存在文档的引用。
DocumentRef,,文档引用,用于简要引用一个文档。
Document,,文档,描述一个文档的完整信息，如类型、大小、链接等。
ResourceSpecification,,资源规约,资源的设计蓝图或模板，定义了一类资源的通用特征、能力和规则。
ProductOrderItemRef,,产品订单项引用,用于简要引用一个产品订单中的具体项目。
GeoJsonPolygon,A GeoJsonPolygon is an array of linear rings,地理多边形 (GeoJSON),GeoJSON标准格式：由一个或多个线性环（linear ring）组成的区域。
GeoJsonPoint,A GeoJsonPoint is a single point,地理点 (GeoJSON),GeoJSON标准格式：代表一个位置的单个坐标点。
GeoJsonMultiPolygon,A GeoJson MultiPolygon is an array of polygons,地理多多边形 (GeoJSON),GeoJSON标准格式：由多个多边形（Polygon）组成的集合。
GeoJsonMultiPoint,GeoJson MultiPoint is a one or more GeoJSON points,地理多点 (GeoJSON),GeoJSON标准格式：由多个坐标点（Point）组成的集合。
GeoJsonMultiLineString,GeoJson MultiLineString is a one or more GeoJSON LineStrings,地理多线 (GeoJSON),GeoJSON标准格式：由多条独立的线（LineString）组成的集合。
GeoJsonLineString,GeoJson LineString is a collection of points forming a connected line,地理线 (GeoJSON),GeoJSON标准格式：由一系列坐标点连接而成的线。
ContextUpdate,,上下文更新,用于描述对API上下文（Context）信息的更新。
Context,,上下文,描述API调用或数据交换的背景信息，例如@base， @vocab等。
TaxItem,,税项,描述一笔费用中的具体税项信息，如税种和税额。
ProductOrderStateType,Possible values for the state of the order,产品订单状态类型,定义了一个产品订单在其生命周期中所处的各种状态，例如“待处理”、“已完成”、“已取消”。
ServiceUsageRef,,服务使用量引用,用于简要引用一条服务使用量的记录。
OrderItemRelationship,,订单项关系,描述订单中不同订单项之间的关系，例如依赖关系。
FinancialAccountRef,AccountReceivable reference. An account of money owed by a party to another entity in exchange for goods or services that have been delivered or used. An account receivable aggregates the amounts of one or more party accounts (billing or settlement) owned by a given party.,财务账户引用,用于简要引用一个财务账户，通常指应收账款账户。
Monitor,,监控,用于定义一个监控任务或监控点，以跟踪特定指标或状态。
JsonLdExpressionValue,Json LD expression value schema,JsonLd表达式值,使用JSON-LD格式表示的表达式的值。
ExportJobStateChangeEvent,,导出任务状态变更事件,当一个导出任务的状态发生变化时，系统发出的通知事件。
HeaderItem,An item typically included in a request or response,消息头项目,描述请求或响应消息头中的一个具体项目（键值对）。
graph,,图谱 (JSON-LD),JSON-LD中的一个关键字，用于表示一组节点和边的集合。
common,,通用定义,通常用于存放API中多个模型共用的通用属性或定义。
TargetResourceSchema,The reference object to the schema and type of target resource which is described by resource specification,目标资源结构,描述资源规约所定义的目标资源的结构（Schema）和类型（Type）。
Response,A response to a request,响应,API请求的通用响应结构。
Request,A response to a request,请求,API的通用请求结构。
RelatedPlaceRef,,关联地点引用,用于简要引用一个与当前实体相关的地点。
QuoteRef,Quote reference. It's a Quote that has been executed previously.,报价引用,用于简要引用一个之前已生成的报价单。
RelatedContactMedium,,关联联系方式,描述与当前实体相关的联系方式，并定义两者间的关系。
RdfXmlExpression,,RdfXml表达式,使用RDF/XML格式表示的表达式。
ExportJob,,导出任务,定义一个数据导出任务的详细信息，如导出的文件URL、格式等。
ExecutionStateType,Possible values for the state of the execution,执行状态类型,定义一个操作或任务的执行状态，例如“运行中”、“成功”、“失败”。
JobStateType,Valid values for the state of a batch job (e.g. catalog import),批处理任务状态类型,定义一个批处理任务（如数据导入）的生命周期状态。
ExportJobStateChangeEventPayload,ExportJobStateChangeEventPayload generic structure,导出任务状态变更事件数据,导出任务状态变更事件所携带的具体数据内容。
ImportJobStateChangeEventPayload,ImportJobStateChangeEventPayload generic structure,导入任务状态变更事件数据,导入任务状态变更事件所携带的具体数据内容。
ImportJobStateChangeEvent,,导入任务状态变更事件,当一个导入任务的状态发生变化时，系统发出的通知事件。
ImportJobCreateEventPayload,ImportJobCreateEventPayload generic structure,导入任务创建事件数据,导入任务创建事件所携带的具体数据内容。
ImportJobCreateEvent,,导入任务创建事件,当一个导入任务被创建时，系统发出的通知事件。
ImportJob,,导入任务,定义一个数据导入任务的详细信息，如导入的文件URL、状态等。
BucketRef,,资源桶引用,用于简要引用一个资源桶（例如流量包、分钟数包）。
ResourceSpecificationRelationship,,资源规约关系,定义资源规约（模板）之间的关系，如依赖、替代关系。
BundledProductOfferingOption,,组合产品选项,定义了组合产品（套餐）中包含的可选或必选项目的数量范围。
LogicalResourceSpecification,"This is a derived class of ResourceSpecification, and is used to define the invariant characteristics and behavior (attributes, methods, constraints, and relationships) of a LogicalResource.",逻辑资源规约,逻辑资源（如IP地址、软件许可证）的设计蓝图或模板。
BundledProductOffering,,组合产品目录,一种可销售的产品，它由多个其他产品目录捆绑而成，例如“宽带+电话”套餐。
PermissionSpecificationSetRef,A PermissionSpecificationSet defines a set of permissions that can be attached to a party role specification. The resulting permissions will then apply to all users that adopt this party role.,权限规约集引用,用于简要引用一组预定义的权限集合。
CustomerBillRef,Bill reference.,客户账单引用,用于简要引用一份客户账单。
ResourceUsageSpecificationRef,"ResourceUsageSpecification reference. ResourceUsageSpecification is a detailed description of a usage event that are of interest to the business and can have charges applied to it. It is comprised of characteristics, which define all attributes known for a particular type of usage.",资源使用量规约引用,用于简要引用一个资源使用量规约，该规约定义了如何衡量和计费一类资源的使用。
ExportJobCreateEventPayload,ExportJobCreateEventPayload generic structure,导出任务创建事件数据,导出任务创建事件所携带的具体数据内容。
ExportJobCreateEvent,,导出任务创建事件,当一个导出任务被创建时，系统发出的通知事件。
JeopardyAlert,,风险告警,当某个流程或订单（如SLA）有无法按时完成的风险时触发的告警。
ProductOfferingQualificationRef,A productOfferingQualification that has been executed previously,产品可提供性资格查询引用,用于简要引用一次产品可提供性资格查询（POQ）的结果。
ProductOfferingQualificationItemRef,,产品可提供性资格查询项引用,用于简要引用一次资格查询中的具体项目。
PartyAccount,,参与方账户,描述与参与方关联的账户信息，用于计费、结算或订单处理。
ServiceCandidateRef,,服务候选引用,用于简要引用一个可用于满足服务订单的服务候选（模板或实例）。
QuoteStateType,Possible values for the state of the quote,报价状态类型,定义了一个报价单在其生命周期中所处的各种状态。
ResourceCandidateRef,,资源候选引用,用于简要引用一个可用于满足资源订单的资源候选（模板或实例）。
ProductUsageStatusType,Possible values for the status of the Product Usage,产品使用状态类型,定义产品使用量的状态，例如是循环用量还是周期性用量。
ProductSpecificationRelationship,,产品规格关系,定义产品规格（模板）之间的关系，例如升级、降级或依赖关系。
ProductUsageSpecificationRef,"ProductUsageSpecification reference. ProductUsageSpecification is a detailed description of a usage event that are of interest to the business and can have charges applied to it. It is comprised of characteristics, which define all attributes known for a particular type of usage.",产品使用量规约引用,用于简要引用一个产品使用量规约，该规约定义了如何衡量和计费一类产品的使用。
ServiceOperatingStatusChangeEventPayload,ServiceOperatingStatusChangeEventPayload generic structure,服务运行状态变更事件数据,服务运行状态变更事件所携带的具体数据内容。
ServiceCategoryRef,,服务分类引用,用于简要引用一个服务的分类。
ProductOrderItemStateType,Possible values for the state of the product order item,产品订单项状态类型,定义了一个产品订单项在其生命周期中所处的各种状态。
ServiceOperatingStatusChangeEvent,,服务运行状态变更事件,当一个服务的运行状态发生变化时，系统发出的通知事件。
BucketCounter,,资源桶计数器,描述资源桶（流量包）中资源的具体数值，如总量、余量等。
ServiceDeleteEventPayload,ServiceDeleteEventPayload generic structure,服务删除事件数据,服务删除事件所携带的具体数据内容。
BillPresentationMediaRefOrValue,"The polymorphic attributes @type, @schemaLocation & @referredType are related to the BillPresentationMedia entity and not the BillPresentationMediaRefOrValue class itself",账单呈现媒介引用或值,一个灵活的模型，既可以包含一个完整的账单呈现媒介信息，也可以只包含对一个已存在媒介的引用。
BillPresentationMediaRef,"PresentationMedia reference. A mean of communicating a bill, supported by the associated bill format. For example, post mail, email, web page.",账单呈现媒介引用,用于简要引用一个账单呈现媒介（如电子邮件、邮寄）。
Bucket,,资源桶 / 流量包,表示一定数量的非货币性资源余额，例如套餐内的通话分钟数或数据流量。
BillPresentationMedia,,账单呈现媒介,描述账单的呈现方式，例如纸质邮寄、电子邮件、网页查看等。
BalanceActionRef,link to the resource that holds balance-related request information,余额操作引用,用于简要引用一个与余额相关的操作请求。
LogicalResourceRef,,逻辑资源引用,用于简要引用一个逻辑资源实例（如IP地址、软件许可证）。
BillingCycleSpecificationRefOrValue,"The polymorphic attributes @type, @schemaLocation & @referredType are related to the BillingCycleSpecification entity and not the BillingCycleSpecificationRefOrValue class itself",计费周期规约引用或值,一个灵活的模型，既可以包含一个完整的计费周期规约信息，也可以只包含对一个已存在规约的引用。
BillingCycleSpecificationRef,BillingCycleSpecification reference. A description of when to initiate a billing cycle and the various sub steps of a billing cycle.,计费周期规约引用,用于简要引用一个计费周期规约（模板）。
TestMeasureDefinition,,测试度量定义,定义一个测试度量的规则和属性。
TestMeasure,,测试度量,描述一次具体的测试度量结果。
MarketSegmentRef,"provides references to the corresponding market segment as target of product offerings. A market segment is grouping of Parties, GeographicAreas, SalesChannels, and so forth.",细分市场引用,用于简要引用一个细分市场，即产品所面向的特定客户群体、区域或渠道的组合。
BillingCycleSpecification,,计费周期规约,定义了计费周期的规则，如何时开始、周期时长以及周期内的各个阶段。
BucketStatusType,"Possible values for the bucket status are (for example active,suspended,expired)",资源桶状态类型,定义资源桶的状态，例如“活动”、“暂停”、“已用尽”。
RelatedDocumentRefOrValue,,关联文档引用或值,一个灵活的模型，既可以包含一个完整的关联文档信息，也可以只包含对一个已存在文档的引用。
ProductAgreementItem,,产品协议项,协议中与特定产品相关的条款。
BillFormatRefOrValue,"The polymorphic attributes @type, @schemaLocation & @referredType are related to the BillFormat entity and not the BillFormatRefOrValue class itself",账单格式引用或值,一个灵活的模型，既可以包含一个完整的账单格式信息，也可以只包含对一个已存在格式的引用。
Monitor_RES,Response object for Monitor,监控响应,对监控（Monitor）请求的响应对象。
MonitorStateChangeEventPayload,MonitorStateChangeEventPayload generic structure,监控状态变更事件数据,监控状态变更事件所携带的具体数据内容。
MonitorStateChangeEvent,,监控状态变更事件,当一个监控任务的状态发生变化时，系统发出的通知事件。
RelatedPlace,,关联地点,描述与当前实体相关的地点，并定义两者间的关系。
ProductUsageRef,Product Usage reference. An occurrence of usage on a Product derived from various resource usages.,产品使用量引用,用于简要引用一条产品使用量的记录。
EventRef,,事件引用,用于简要引用一个事件。
ProductSpecification,,产品规格,产品和服务的设计蓝图或模板，定义了其通用的市场和技术特征。
BillFormatRef,BillFormat reference. A bill format is a description of the way in which a bill is presented.,账单格式引用,用于简要引用一个账单格式（模板）。
BundledGroupProductOffering,,组合包产品目录,描述产品目录中一个组的概念，用于对组合产品进行分组。
MetricDefMeasureThresholdRule,,指标度量阈值规则,定义了指标度量的阈值规则，当度量值超过阈值时可触发相应动作。
BillFormat,,账单格式,描述账单的布局和内容结构。
AnyValue,,任意值,一个通用的、可以容纳任何数据类型值的模型。
Catalog,,目录,各种可管理实体的集合，例如产品目录、资源目录等。
BillStructure,,账单结构,定义了账单的组成部分，如费用、税费、折扣等。
AccountRelationship,,账户关系,描述不同账户之间的关系，例如主副账户关系。
BundledGroupProductOfferingOption,,组合包产品选项,描述组合产品中某个分组的选项。
MapAnyCharacteristicValue,,任意值映射表特征,一个值为映射表（键值对）的特征，其中值可以是任意类型。
AccountBalance,,账户余额,描述一个账户的余额信息，可以是预付费余额或后付费信用额度。
MetricDefMeasureConsequence,,指标度量结果,当指标度量满足特定规则（如超过阈值）时，所产生的相应结果或应执行的动作。
TerminationError,This indicates an error that caused a qualificationItem to be terminated.,终止错误,描述导致某个项目（如资格查询项）被异常终止的具体错误信息。
ServiceDeleteEvent,,服务删除事件,当一个服务实例被删除时，系统发出的通知事件。
ServiceCreateEventPayload,ServiceCreateEventPayload generic structure,服务创建事件数据,服务创建事件所携带的具体数据内容。
ServiceCreateEvent,,服务创建事件,当一个服务实例被创建时，系统发出的通知事件。
ServiceAttributeValueChangeEventPayload,ServiceAttributeValueChangeEventPayload generic structure,服务属性值变更事件数据,服务属性值变更事件所携带的具体数据内容。
TroubleTicketStatusType,Possible values for the status of the trouble ticket,故障单状态类型,定义了一个故障单在其生命周期中所处的各种状态，例如“已受理”、“处理中”、“已解决”。
ServiceAttributeValueChangeEvent,,服务属性值变更事件,当一个服务实例的某个属性值发生变化时，系统发出的通知事件。
AppliedConsequence,,已应用的结果,描述一个已实际应用的后果或动作，通常与策略或规则的执行相关。
BundledProductSpecification,,组合产品规格,组合产品（套餐）的设计蓝图或模板，定义了其包含的子产品规格和组合规则。
BucketSpecificationRef,"Bucket specification reference. A bucket specification gives additional details on the bucket in a given context, e.g. voice minutes, data, prepaid balance, digital wallet.",资源桶规约引用,用于简要引用一个资源桶的规约（模板），该规约定义了资源桶的类型（如通话分钟、数据流量）和属性。
TrackingRecord,,跟踪记录,用于记录实体（如订单、故障单）在处理过程中的状态变更和操作历史。
Account,,账户,描述一个账户的通用信息，可以是计费账户、财务账户等。
AssetGroup,"Defines a group of assets (entities) to which access can be controlled. Specific subclasses allow definition in various ways (list of entities, queries, ownership by customer, etc.). AssetGroup is not a managed entity, its concrete subclasses are always included by value in their containing entities.",资产组,定义一组可以进行访问控制的资产（实体），用于权限管理。
ProductUsage,,产品使用量,记录一次产品的使用事件，由一个或多个资源使用量聚合而成。
PaymentPlan,,付款计划,描述分期付款或定期付款的计划和条款。
TroubleTicketRef,reference to an TroubleTicket object,故障单引用,用于简要引用一个故障单。
BucketRelationship,,资源桶关系,描述不同资源桶之间的关系，例如共享关系。
BucketRefOrValue,"A bucket (called UsageVolumProduct in the SID Model) represents and tracks a quantity of usage (remaining or consumed). It could be either a quantity or an amount in a currency. It can represent a fixed number of SMS, MMS, call minutes, quantity of data and so on",资源桶引用或值,一个灵活的模型，既可以包含一个完整的资源桶信息（值），也可以只包含对一个已存在资源桶的引用。
InformationRequiredArray,InformationRequiredArray generic structure,所需信息数组,一个数组，包含了为完成某个流程所需要补充提供的信息项。
PaymentMethod,Defines a specific method of payment (e.g. direct debit with all details associated),支付方式,定义一种具体的支付方式及其详细信息，例如信用卡、银行转账等。
RatedProductUsage,An occurrence of employing a product for its intended purpose with all rating details,已计费产品使用量,记录一次带有详细计费（批价）结果的产品使用事件。
ApiListAssetGroup,,API列表资产组,一种资产组，通过API列表的方式定义其包含的资产。
AnyCharacteristicValue,,任意特征值,一个可以容纳任何数据类型值的特征（Characteristic）模型。
AgreementTermOrCondition,,协议条款,描述协议中的一个具体条款或条件。
LoyaltyAccountRef,Reference to a loyalty account.,忠诚度账户引用,用于简要引用一个客户忠诚度计划的账户（如积分账户）。
AgreementRelationship,,协议关系,描述不同协议之间的关系。
AgreementItem,,协议项,协议中的一个具体项目，通常关联到特定的产品或服务。
CancelOrder,,取消订单,用于请求取消一个已提交的订单。
PhysicalResourceSpecification,,物理资源规约,物理资源（如设备、卡、端口）的设计蓝图或模板。
ReserveBalanceRef,"The ReserveBalance resource allows adjustments to be made to the original BalanceTopup eg increment the amount, alter the recharge periodicity",预留余额引用,用于引用一个预留余额操作，该操作可以对原始充值进行调整。
MeasureThresholdRuleViolation,,度量阈值违规,记录一次度量值违反预设阈值规则的事件。
Agreement,,协议,描述双方或多方达成的合同或约定，例如服务等级协议（SLA）。
Contact,,联系信息,描述一个联系人的详细信息，如姓名、职位、联系方式等。
InformationRequiredEvent,InformationRequiredEvent generic structure,需要补充信息事件,当一个流程（如订单处理）因缺少必要信息而暂停时，系统发出的通知事件。
PhysicalResource,,物理资源,描述一个物理存在的、有形的资源，如一台服务器、一根光纤或一张SIM卡。
EligibilityResultReason,,资格校验结果原因,描述资格校验不通过的具体原因。
ServiceStateChangeEventPayload,ServiceStateChangeEventPayload generic structure,服务状态变更事件数据,服务状态变更事件所携带的具体数据内容。
TaskResource,,任务资源,描述完成某个任务所需的资源。
CustomerBillStateType,"Recommended Enumeration Type (not formal forced in standard): Valid values for the lifecycle state of the bill: new = 'bill is ready to validate or to sent', validated = 'bill is checked (manual / automatic)', sent = 'bill is sent with the channel defined in the billingaccount', settled = 'bill is payed', partiallySettled = 'bill is partially payed', onHold = 'bill will not be in further processing until open issues connected to the bill are solved'",客户账单状态类型,定义了客户账单的生命周期状态：new（新建）、validated（已验证）、sent（已发送）、settled（已结清）等。
ServiceStateChangeEvent,,服务状态变更事件,当一个服务实例的生命周期状态发生变化时，系统发出的通知事件。
PartyRefOrValue," Entity reference. A Party defines a Party described by reference or by value linked to a specific entity. The polymorphic attributes @type, @schemaLocation & @referredType are related to the Party entity and not the RelatedPartyRefOrValue class itself",参与方引用或值,一个灵活的模型，既可以包含一个完整的参与方信息（值），也可以只包含对一个已存在参与方的引用。
EntitySpecificationRef,,实体规约引用,用于简要引用一个实体规约（模板）。
PolicyActionRef,,策略动作引用,用于简要引用一个策略中定义的动作。
PolicyConditionRef,,策略条件引用,用于简要引用一个策略中定义的条件。
OrderRelationship,,订单关系,描述不同订单之间的关系，例如拆分或合并关系。
PolicyVariableRef,,策略变量引用,用于简要引用一个策略中定义的变量。
ServiceUsageSpecificationRef,"UsageSpecification reference. UsageSpecification is a detailed description of a service usage event that are of interest to the business. It is comprised of characteristics, which define all attributes known for a particular type of usage.",服务使用量规约引用,用于简要引用一个服务使用量规约，该规约定义了如何衡量和计费一类服务的使用。
PartyRevSharingAlgorithmRef,A PartyRevSharingAlgorithmRef reference,参与方收入分成算法引用,用于简要引用一个定义参与方之间收入分成规则的算法。
IncidentRef,,事件引用,用于简要引用一个事件或事故报告。
ApiGrantInformation,,API授权信息,描述API访问授权的相关信息，如令牌、范围等。
DpvPurposeType,Valid values for the purpose based on W3C Data Privacy Vocabulary v2 https://w3c.github.io/dpv/2./dpv/ ,数据隐私词汇-目的类型,W3C标准中定义的数据处理目的，例如“营销”。
DpvLegalBasisType,Valid values for Legal Basis based on W3C Data Privacy Vocabulary v2 https://w3c.github.io/dpv/2./dpv/ ,数据隐私词汇-法律依据类型,W3C标准中定义的数据处理的法律依据，例如“用户同意”。
OrderPrice,,订单价格,描述订单的总价信息，包括各项费用、税费和折扣。
Milestone,,里程碑,标记订单或流程处理过程中的一个关键时间点或状态。
AgreementAuthorization,,协议授权,描述协议中涉及的授权信息。
CategoryAttributeValueChangeEventPayload,CategoryAttributeValueChangeEventPayload generic structure,分类属性值变更事件数据,分类属性值变更事件所携带的具体数据内容。
CategoryAttributeValueChangeEvent,,分类属性值变更事件,当一个分类的属性值发生变化时，系统发出的通知事件。
Category,,分类,用于对实体（如产品、资源）进行分类和组织。
BundledProductOfferingPriceRelationship,,组合产品价格关系,描述组合产品（套餐）中不同价格部分之间的关系。
TroubleTicketSpecificationRef,,故障单规约引用,用于简要引用一个故障单的规约（模板）。
TroubleTicketSpecificationDeleteEventPayload,TroubleTicketSpecificationDeleteEventPayload generic structure,故障单规约删除事件数据,故障单规约删除事件所携带的具体数据内容。
TroubleTicketSpecificationDeleteEvent,,故障单规约删除事件,当一个故障单规约被删除时，系统发出的通知事件。
CancelProductOrderStateChangeEventPayload,CancelProductOrderStateChangeEventPayload generic structure,产品订单取消状态变更事件数据,产品订单取消请求的状态变更事件所携带的具体数据内容。
CancelProductOrderStateChangeEvent,,产品订单取消状态变更事件,当一个产品订单取消请求的状态发生变化时，系统发出的通知事件。
CancelProductOrderRef,A reference to an existing Product Order Cancel request,产品订单取消引用,用于简要引用一个已存在的产品订单取消请求。
CancelProductOrderInformationRequiredEventPayload,CancelProductOrderInformationRequiredEventPayload generic structure,产品订单取消需要补充信息事件数据,产品订单取消流程需要补充信息事件所携带的具体数据内容。
CancelProductOrderInformationRequiredEvent,,产品订单取消需要补充信息事件,当取消产品订单流程因缺少信息而暂停时，系统发出的通知事件。
TroubleTicketCreateEventPayload,TroubleTicketCreateEventPayload generic structure,故障单创建事件数据,故障单创建事件所携带的具体数据内容。
TroubleTicketCreateEvent,,故障单创建事件,当一个故障单被创建时，系统发出的通知事件。
TroubleTicketAttributeValueChangeEventPayload,TroubleTicketAttributeValueChangeEventPayload generic structure,故障单属性值变更事件数据,故障单属性值变更事件所携带的具体数据内容。
TroubleTicket_RES,Response object for TroubleTicket,故障单响应,对故障单（TroubleTicket）请求的响应对象。
TroubleTicketStatusChangeEventPayload,TroubleTicketStatusChangeEventPayload generic structure,故障单状态变更事件数据,故障单状态变更事件所携带的具体数据内容。
TroubleTicketStatusChangeEvent,,故障单状态变更事件,当一个故障单的状态发生变化时，系统发出的通知事件。
TroubleTicketSpecification_RES,Response object for TroubleTicketSpecification,故障单规约响应,对故障单规约（TroubleTicketSpecification）请求的响应对象。
TroubleTicketSpecificationStatusChangeEventPayload,TroubleTicketSpecificationStatusChangeEventPayload generic structure,故障单规约状态变更事件数据,故障单规约状态变更事件所携带的具体数据内容。
TroubleTicketSpecificationStatusChangeEvent,,故障单规约状态变更事件,当一个故障单规约的状态发生变化时，系统发出的通知事件。
CancelProductOrderCreateEventPayload,CancelProductOrderCreateEventPayload,产品订单取消创建事件数据,产品订单取消请求创建事件所携带的具体数据内容。
CancelProductOrderCreateEvent,,产品订单取消创建事件,当一个产品订单取消请求被创建时，系统发出的通知事件。
CancelProductOrder,,取消产品订单,描述一个取消产品订单的请求。
InitialProductOrderStateType,Possible values for the requested initial state of the order from client- by default acknowledged is considered,产品订单初始状态类型,客户端请求的产品订单的初始状态，默认为“已确认”。
TroubleTicketSpecificationCreateEventPayload,TroubleTicketSpecificationCreateEventPayload generic structure,故障单规约创建事件数据,故障单规约创建事件所携带的具体数据内容。
TroubleTicketSpecificationCreateEvent,,故障单规约创建事件,当一个故障单规约被创建时，系统发出的通知事件。
TroubleTicketSpecificationAttributeValueChangeEventPayload,TroubleTicketSpecificationAttributeValueChangeEventPayload generic structure,故障单规约属性值变更事件数据,故障单规约属性值变更事件所携带的具体数据内容。
TroubleTicketSpecificationAttributeValueChangeEvent,,故障单规约属性值变更事件,当一个故障单规约的属性值发生变化时，系统发出的通知事件。
TroubleTicketSpecification,,故障单规约,故障单的模板，定义了一类故障单的通用属性和处理规则。
TroubleTicketResolvedEventPayload,TroubleTicketResolvedEventPayload generic structure,故障单解决事件数据,故障单解决事件所携带的具体数据内容。
TroubleTicketResolvedEvent,,故障单解决事件,当一个故障单的状态变更为“已解决”时，系统发出的通知事件。
TroubleTicketRelationship,,故障单关系,描述不同故障单之间的关系，例如重复或关联关系。
TroubleTicketInformationRequiredEventPayload,TroubleTicketInformationRequiredEventPayload generic structure,故障单需要补充信息事件数据,故障单处理需要补充信息事件所携带的具体数据内容。
TroubleTicketInformationRequiredEvent,,故障单需要补充信息事件,当故障单处理流程因缺少信息而暂停时，系统发出的通知事件。
TroubleTicketDeleteEventPayload,TroubleTicketDeleteEventPayload generic structure,故障单删除事件数据,故障单删除事件所携带的具体数据内容。
TroubleTicketDeleteEvent,,故障单删除事件,当一个故障单被删除时，系统发出的通知事件。
TroubleTicketAttributeValueChangeEvent,,故障单属性值变更事件,当一个故障单的某个属性值发生变化时，系统发出的通知事件。
TroubleTicket,,故障单,用于报告和跟踪服务故障、客户投诉或其他问题的记录。
StatusChange,,状态变更,描述一次状态变更的详细信息，包括变更原因和备注。
ProductSpecificationCreateEvent,,产品规格创建事件,当一个产品规格被创建时，系统发出的通知事件。
ProductSpecificationCharacteristicValueUse,,产品规格特征值用途,定义了产品规格中某个特征值的具体用途和规则。
ProductSpecificationAttributeValueChangeEventPayload,ProductSpecificationAttributeValueChangeEventPayload generic structure,产品规格属性值变更事件数据,产品规格属性值变更事件所携带的具体数据内容。
OrderTerm,,订单条款,描述与订单相关的具体条款和条件，例如付款条款、交付条款等。
ProductOrder,,产品订单,客户用于订购产品或服务的请求，包含了订单项、价格、客户信息等。
ProductOfferingPriceDeleteEvent,,产品价格删除事件,当一个产品价格被删除时，系统发出的通知事件。
ProductOfferingPriceCreateEventPayload,ProductOfferingPriceCreateEventPayload generic structure,产品价格创建事件数据,产品价格创建事件所携带的具体数据内容。
ProductOfferingPriceCreateEvent,,产品价格创建事件,当一个产品价格被创建时，系统发出的通知事件。
SLARef,"ServiceLevelAgreement reference: A service level agreement (SLA) is a type of agreement that represents a formal negotiated agreement between two parties designed to create a common understanding about products, services, priorities, responsibilities, and so forth. The SLA is a set of appropriate procedures and targets formally or informally agreed between parties in order to achieve and maintain specified Quality of Service.",服务等级协议引用,用于简要引用一份服务等级协议（SLA），该协议规定了服务的质量、可用性和责任。
ProductSpecificationStateChangeEventPayload,ProductSpecificationStateChangeEventPayload generic structure,产品规格状态变更事件数据,产品规格状态变更事件所携带的具体数据内容。
ProductSpecificationStateChangeEvent,,产品规格状态变更事件,当一个产品规格的状态发生变化时，系统发出的通知事件。
ProductSpecificationDeleteEventPayload,ProductSpecificationDeleteEventPayload generic structure,产品规格删除事件数据,产品规格删除事件所携带的具体数据内容。
ProductSpecificationDeleteEvent,,产品规格删除事件,当一个产品规格被删除时，系统发出的通知事件。
ProductSpecificationCreateEventPayload,ProductSpecificationCreateEventPayload generic structure,产品规格创建事件数据,产品规格创建事件所携带的具体数据内容。
ProductOrderJeopardyAlert,,产品订单风险告警,当一个产品订单有无法按时完成的风险时触发的告警。
ProductOrderItemRelationshipType,Possible values for productOrderItem relationship - This is informative information and implementation are free to use distinct.,产品订单项关系类型,定义产品订单项之间的关系类型，例如“依赖于”、“捆绑”等，此为参考性信息。
ProductOrderItem,,产品订单项,产品订单中的一个具体项目，描述了要对哪个产品执行何种操作（如新增、修改）。
ProductOrderInformationRequiredEventPayload,ProductOrderInformationRequiredEventPayload generic structure,产品订单需要补充信息事件数据,产品订单需要补充信息事件所携带的具体数据内容。
ProductOrderInformationRequiredEvent,,产品订单需要补充信息事件,当产品订单处理流程因缺少信息而暂停时，系统发出的通知事件。
ProductOrderErrorMessagePayload,ProductOrderErrorMessagePayload generic structure,产品订单错误消息事件数据,产品订单错误消息事件所携带的具体数据内容。
ProductOrderErrorMessageEvent,,产品订单错误消息事件,当产品订单处理中发生错误时，系统发出的通知事件。
ProductOrderErrorMessage,,产品订单错误消息,描述在处理产品订单的某个环节中发生的具体错误信息。
ProductOrderDeleteEventPayload,ProductOrder Delete,产品订单删除事件数据,产品订单删除事件所携带的具体数据内容。
ProductOrderDeleteEvent,,产品订单删除事件,当一个产品订单被删除时，系统发出的通知事件。
ProductOrderCreateEventPayload,ProductOrderCreateEventPayload,产品订单创建事件数据,产品订单创建事件所携带的具体数据内容。
ProductOrderCreateEvent,,产品订单创建事件,当一个产品订单被创建时，系统发出的通知事件。
ProductOrderAttributeValueChangePayload,ProductOrderAttributeValueChangePayload generic structure,产品订单属性值变更事件数据,产品订单属性值变更事件所携带的具体数据内容。
ProductOrderAttributeValueChangeEvent,,产品订单属性值变更事件,当一个产品订单的属性值发生变化时，系统发出的通知事件。
ProductOrderStateChangeEventPayload,ProductOrderStateChangeEventPayload generic structure,产品订单状态变更事件数据,产品订单状态变更事件所携带的具体数据内容。
ProductOrderStateChangeEvent,,产品订单状态变更事件,当一个产品订单的状态发生变化时，系统发出的通知事件。
ProductOrderMilestonePayload,ProductOrderMilestonePayload generic structure,产品订单里程碑事件数据,产品订单里程碑事件所携带的具体数据内容。
ProductOrderMilestoneEvent,,产品订单里程碑事件,当一个产品订单到达某个关键里程碑时，系统发出的通知事件。
ProductCatalogDeleteEvent,,产品目录删除事件,当一个产品目录被删除时，系统发出的通知事件。
ProductCatalogCreateEventPayload,ProductCatalogCreateEventPayload generic structure,产品目录创建事件数据,产品目录创建事件所携带的具体数据内容。
ProductCatalogCreateEvent,,产品目录创建事件,当一个产品目录被创建时，系统发出的通知事件。
ProductSpecificationAttributeValueChangeEvent,,产品规格属性值变更事件,当一个产品规格的属性值发生变化时，系统发出的通知事件。
ProductOfferingTerm,,产品目录条款,描述与产品目录（Product Offering）相关的条款和条件。
ProductOfferingStateChangeEventPayload,ProductOfferingStateChangeEventPayload generic structure,产品目录状态变更事件数据,产品目录状态变更事件所携带的具体数据内容。
ProductOfferingStateChangeEvent,,产品目录状态变更事件,当一个产品目录的状态发生变化时，系统发出的通知事件。
ProductOfferingRelationship,,产品目录关系,描述不同产品目录之间的关系，例如升级、依赖或排他关系。
ProductOfferingPriceStateChangeEventPayload,ProductOfferingPriceStateChangeEventPayload generic structure,产品价格状态变更事件数据,产品价格状态变更事件所携带的具体数据内容。
ProductOfferingPriceStateChangeEvent,,产品价格状态变更事件,当一个产品价格的状态发生变化时，系统发出的通知事件。
ProductOfferingPriceRelationship,,产品价格关系,描述不同产品价格之间的关系，例如一个价格依赖于另一个价格。
ProductOfferingPriceRefOrValue,"The polymorphic attributes @type, @schemaLocation & @referredType are related to the ProductOfferingPrice entity and not the ProductOfferingPriceRefOrValue class itself",产品价格引用或值,一个灵活的模型，既可以包含一个完整的产品价格信息（值），也可以只包含对一个已存在价格的引用。
ProductOfferingPriceDeleteEventPayload,ProductOfferingPriceDeleteEventPayload generic structure,产品价格删除事件数据,产品价格删除事件所携带的具体数据内容。
ProductOrderMilestone,,产品订单里程碑,标记产品订单处理过程中的一个关键时间点或状态。
ProductOrderJeopardyAlertPayload,ProductOrderJeopardyAlertPayload generic structure,产品订单风险告警事件数据,产品订单风险告警事件所携带的具体数据内容。
ProductOrderJeopardyAlertEvent,,产品订单风险告警事件,当一个产品订单有无法按时完成的风险时，系统发出的通知事件。
CollectionType,This is enumeration for CollectionType state,采集类型,定义数据采集的类型，例如周期性采集或按需采集。
AdministrativeState,This is enumeration for Administrative state,管理状态,定义一个实体由管理员设置的状态，如“锁定”、“解锁”等。
QuoteItemRef,,报价项引用,用于简要引用报价单中的一个具体项目。
IndicatorType,This is enumeration for Indicator Type,指标类型,定义性能指标的类型，例如计数器型或仪表型。
Granularity,Sampling rate of the collection or production of performance indicators.,粒度,定义性能指标数据采集或生成的采样率或时间间隔。
FileTransferData,,文件传输数据,描述通过文件传输方式（如FTP）获取数据的相关信息。
DayOfWeekRecurrence,,按周重复,定义了按周重复的计划，例如“每周一、周三上午9点”。
DayOfMonthRecurrence,,按月重复,定义了按月重复的计划，例如“每月15日上午10点”。
DataFilterTemplate,,数据过滤模板,定义一个用于数据筛选的模板。
DataFilterMapItem,definition of a field used for filtering template with the associated attributes.,数据过滤映射项,过滤模板中的一个具体字段及其相关属性。
DataFilterMap,,数据过滤映射表,一组用于数据过滤的映射项集合。
DataFilterAttributeStringArray,,字符串数组过滤属性,用于数据过滤的字符串数组属性。
DataFilterAttribute,give an attribute used for filtering,数据过滤属性,用于数据过滤的一个具体属性。
DataAccessEndpoint,,数据访问端点,描述用于访问数据的网络端点地址和协议信息。
CompressionType,File compression type.,压缩类型,定义文件压缩的类型，如 GZIP， PKZIP。
CompressionEnumType,Enumeration of supported compressions. All extensions allowed.,压缩类型枚举,文件压缩类型的枚举值。
MeasurementCollectionJobRef,Reference to a MeasurementCollectionJob,度量采集任务引用,用于简要引用一个度量采集任务。
MeasurementCollectionJobFilesReadyEventPayload,MeasurementCollectionJobFilesReadyEventPayload generic structure,度量采集任务文件就绪事件数据,度量采集任务文件就绪事件所携带的具体数据内容。
MeasurementCollectionJobFilesReadyEvent,,度量采集任务文件就绪事件,当度量采集任务的文件准备就绪时，系统发出的通知事件。
MeasurementCollectionJobFilesPreparationErrorEventPayload,MeasurementCollectionJobFilesPreparationErrorEventPayload generic structure,度量采集任务文件准备错误事件数据,度量采集任务文件准备错误事件所携带的具体数据内容。
MeasurementCollectionJobFilesPreparationErrorEvent,,度量采集任务文件准备错误事件,当度量采集任务的文件准备出错时，系统发出的通知事件。
MeasurementCollectionJobExecutionStateChangeEventPayload,MeasurementCollectionJobExecutionStateChangeEventPayload generic structure,度量采集任务执行状态变更事件数据,度量采集任务执行状态变更事件所携带的具体数据内容。
MeasurementCollectionJobExecutionStateChangeEvent,,度量采集任务执行状态变更事件,当一个度量采集任务的执行状态发生变化时，系统发出的通知事件。
MeasurementCollectionJobDeleteEventPayload,MeasurementCollectionJobDeleteEventPayload generic structure,度量采集任务删除事件数据,度量采集任务删除事件所携带的具体数据内容。
MeasurementCollectionJobDeleteEvent,,度量采集任务删除事件,当一个度量采集任务被删除时，系统发出的通知事件。
MeasurementCollectionJobCreateEventPayload,MeasurementCollectionJobCreateEventPayload generic structure,度量采集任务创建事件数据,度量采集任务创建事件所携带的具体数据内容。
MeasurementCollectionJobCreateEvent,,度量采集任务创建事件,当一个度量采集任务被创建时，系统发出的通知事件。
MeasurementCollectionJobAttributeValueChangeEventPayload,MeasurementCollectionJobAttributeValueChangeEventPayload generic structure,度量采集任务属性值变更事件数据,度量采集任务属性值变更事件所携带的具体数据内容。
MeasurementCollectionJobAttributeValueChangeEvent,,度量采集任务属性值变更事件,当一个度量采集任务的属性值发生变化时，系统发出的通知事件。
MeasurementCollectionJob,,度量采集任务,定义一个用于采集性能度量数据的任务。
ManagementJob,,管理任务,一个通用的管理任务模型，是其他具体任务（如度量采集任务）的基类。
PerformanceIndicatorValue,A value of a performance indicator.,性能指标值,记录性能指标（KPI）在特定时间点的具体数值。
PerformanceIndicatorSpecificationRefOrValue,"A product to be created defined by value or existing defined by reference. The polymorphic attributes @type, @schemaLocation & @referredType are related to the product entity and not the RelatedProductRefOrValue class itself",性能指标规约引用或值,一个灵活的模型，既可以包含一个完整的性能指标规约信息，也可以只包含对一个已存在规约的引用。
PerformanceIndicatorSpecificationRef,,性能指标规约引用,用于简要引用一个性能指标规约（模板）。
PerformanceIndicatorSpecification,,性能指标规约,性能指标（KPI）的模板，定义了指标的计算方法、单位、阈值等。
PerformanceIndicatorSpecRelationship,,性能指标规约关系,定义不同性能指标规约之间的关系。
PerformanceIndicatorGroupValue,A value of a performance indicator.,性能指标组值,记录一组性能指标在特定时间点的具体数值。
PerformanceIndicatorGroupSpecificationRefOrValue,"A product to be created defined by value or existing defined by reference. The polymorphic attributes @type, @schemaLocation & @referredType are related to the product entity and not the RelatedProductRefOrValue class itself",性能指标组规约引用或值,一个灵活的模型，既可以包含一个完整的性能指标组规约信息，也可以只包含对一个已存在规约的引用。
PerformanceIndicatorGroupSpecificationRef,,性能指标组规约引用,用于简要引用一个性能指标组规约（模板）。
PerformanceIndicatorGroupSpecification,,性能指标组规约,性能指标组的模板，定义了一组相关联的性能指标。
PackingType,Specify if the output file(s) are to be packed.,打包类型,定义输出文件的打包类型，如 TAR， GZIP+TAR。
PackingEnumType,Enumeration of supported packing/packaging. All extensions allowed.,打包类型枚举,文件打包类型的枚举值。
MonthlyScheduleDayOfWeekDefinition,,按月计划-周定义,在按月重复的计划中，具体定义在哪一周的星期几执行。
MonitoredInstancesCriteria,,被监控实例标准,定义筛选需要被监控的具体对象实例的标准。
MonitoredClassCriteria,,被监控分类标准,定义筛选需要被监控的对象类别的标准。
MeasurementJob,,度量任务,一个通用的度量任务模型，是度量采集任务的基类。
ReportingPeriod,Possible values for the reporting period,报告周期,定义报告生成的时间周期，例如“每日”、“每周”。
ProtocolTransferData,,协议传输数据,描述通过特定协议（如HTTP）获取数据的相关信息。
PerformanceMeasurementRelationship,,性能度量关系,描述不同性能度量之间的关系。
PerformanceMeasurementRefOrValue,"A PerformanceMeasurement to be created defined by value or existing defined by reference. The polymorphic attributes @type, @schemaLocation & @referredType are related to the product entity and not the RelatedProductRefOrValue class itself",性能度量引用或值,一个灵活的模型，既可以包含一个完整的性能度量信息，也可以只包含对一个已存在度量的引用。
PerformanceMeasurementRef,,性能度量引用,用于简要引用一个性能度量。
PerformanceMeasurementGroup,,性能度量组,定义一组相关联的性能度量。
PerformanceMeasurementCreateEventPayload,PerformanceMeasurementCreateEventPayload generic structure,性能度量创建事件数据,性能度量创建事件所携带的具体数据内容。
PerformanceMeasurementCreateEvent,,性能度量创建事件,当一个性能度量被创建时，系统发出的通知事件。
PerformanceMeasurementCollectionReadyEventPayload,PerformanceMeasurementCollectionReadyEventPayload generic structure,性能度量采集就绪事件数据,性能度量采集就绪事件所携带的具体数据内容。
PerformanceMeasurementCollectionReadyEvent,,性能度量采集就绪事件,当一次性能度量的数据采集完成并准备就绪时，系统发出的通知事件。
PerformanceMeasurementAtomic,,原子性能度量,描述一次最基础、不可再分的性能度量。
PerformanceMeasurement,,性能度量,描述一次对性能指标的度量活动或结果。
CustomerStateChangeEventPayload,The event data structure,客户状态变更事件数据,客户状态变更事件所携带的具体数据内容。
CustomerStateChangeEvent,,客户状态变更事件,当一个客户的状态发生变化时，系统发出的通知事件。
CustomerDeleteEventPayload,The event data structure,客户删除事件数据,客户删除事件所携带的具体数据内容。
CustomerDeleteEvent,,客户删除事件,当一个客户被删除时，系统发出的通知事件。
CustomerCreateEventPayload,The event data structure,客户创建事件数据,客户创建事件所携带的具体数据内容。
CustomerCreateEvent,,客户创建事件,当一个客户被创建时，系统发出的通知事件。
CustomerAttributeValueChangeEventPayload,The event data structure,客户属性值变更事件数据,客户属性值变更事件所携带的具体数据内容。
CustomerAttributeValueChangeEvent,,客户属性值变更事件,当一个客户的属性值发生变化时，系统发出的通知事件。
Customer,,客户,描述一个购买或使用产品/服务的个人或组织，是Party在销售场景下的一个角色。
ScheduleDefinition,,计划定义,定义一个任务或活动的执行计划，例如执行频率、开始和结束时间。
OrganizationStateChangeEvent,,组织状态变更事件,当一个组织的状态发生变化时，系统发出的通知事件。
OrganizationDeleteEventPayload,OrganizationDeleteEventPayload generic structure,组织删除事件数据,组织删除事件所携带的具体数据内容。
OrganizationDeleteEvent,,组织删除事件,当一个组织被删除时，系统发出的通知事件。
OrganizationCreateEventPayload,OrganizationCreateEventPayload generic structure,组织创建事件数据,组织创建事件所携带的具体数据内容。
OrganizationCreateEvent,,组织创建事件,当一个组织被创建时，系统发出的通知事件。
OrganizationAttributeValueChangeEventPayload,OrganizationAttributeValueChangeEventPayload generic structure,组织属性值变更事件数据,组织属性值变更事件所携带的具体数据内容。
OrganizationAttributeValueChangeEvent,,组织属性值变更事件,当一个组织的属性值发生变化时，系统发出的通知事件。
IndividualStateChangeEventPayload,IndividualStateChangeEventPayload generic structure,个人状态变更事件数据,个人状态变更事件所携带的具体数据内容。
IndividualStateChangeEvent,,个人状态变更事件,当一个个人实体的状态发生变化时，系统发出的通知事件。
IndividualDeleteEventPayload,IndividualDeleteEventPayload generic structure,个人删除事件数据,个人删除事件所携带的具体数据内容。
IndividualDeleteEvent,,个人删除事件,当一个个人实体被删除时，系统发出的通知事件。
IndividualCreateEventPayload,IndividualCreateEventPayload generic structure,个人创建事件数据,个人创建事件所携带的具体数据内容。
IndividualCreateEvent,,个人创建事件,当一个个人实体被创建时，系统发出的通知事件。
IndividualAttributeValueChangeEventPayload,IndividualAttributeValueChangeEventPayload generic structure,个人属性值变更事件数据,个人属性值变更事件所携带的具体数据内容。
IndividualAttributeValueChangeEvent,,个人属性值变更事件,当一个个人实体的属性值发生变化时，系统发出的通知事件。
ServiceCatalog,,服务目录,组织内部使用的服务模板（Service Specification）的集合，用于创建具体服务。
ServiceCandidateDeleteEventPayload,ServiceCandidateDeleteEventPayload generic structure,服务候选删除事件数据,服务候选删除事件所携带的具体数据内容。
ServiceCandidateDeleteEvent,,服务候选删除事件,当一个服务候选被删除时，系统发出的通知事件。
ServiceCandidateCreateEventPayload,ServiceCandidateCreateEventPayload generic structure,服务候选创建事件数据,服务候选创建事件所携带的具体数据内容。
ServiceCandidateCreateEvent,,服务候选创建事件,当一个服务候选被创建时，系统发出的通知事件。
ServiceCandidateChangePayload,ServiceCandidateChangePayload generic structure,服务候选变更事件数据,服务候选变更事件所携带的具体数据内容。
ServiceCandidateChange,,服务候选变更事件,当一个服务候选的信息发生变更时，系统发出的通知事件。
ServiceCandidate,,服务候选,描述一个可以满足服务订单需求的潜在服务实例或模板。
DeleteEventPayload,Base schema for adressable entities,删除事件数据,删除事件所携带的具体数据内容，通常只包含被删除实体的ID。
OrganizationStateChangeEventPayload,OrganizationStateChangeEventPayload generic structure,组织状态变更事件数据,组织状态变更事件所携带的具体数据内容。
ServiceCategoryDeleteEventPayload,ServiceCategoryDeleteEventPayload generic structure,服务分类删除事件数据,服务分类删除事件所携带的具体数据内容。
ServiceCategoryDeleteEvent,,服务分类删除事件,当一个服务分类被删除时，系统发出的通知事件。
ServiceCategoryCreateEventPayload,ServiceCategoryCreateEventPayload generic structure,服务分类创建事件数据,服务分类创建事件所携带的具体数据内容。
ServiceCategoryCreateEvent,,服务分类创建事件,当一个服务分类被创建时，系统发出的通知事件。
ServiceCategoryChangePayload,ServiceCategoryChangePayload generic structure,服务分类变更事件数据,服务分类变更事件所携带的具体数据内容。
ServiceCategoryChange,,服务分类变更事件,当一个服务分类的信息发生变更时，系统发出的通知事件。
ServiceCategory,,服务分类,用于对服务规格或服务目录进行分类和组织。
ServiceCatalogDeleteEventPayload,ServiceCatalogDeleteEventPayload generic structure,服务目录删除事件数据,服务目录删除事件所携带的具体数据内容。
ServiceCatalogDeleteEvent,,服务目录删除事件,当一个服务目录被删除时，系统发出的通知事件。
ServiceCatalogCreateEventPayload,ServiceCatalogCreateEventPayload generic structure,服务目录创建事件数据,服务目录创建事件所携带的具体数据内容。
ServiceCatalogCreateEvent,,服务目录创建事件,当一个服务目录被创建时，系统发出的通知事件。
ServiceCatalogChangePayload,ServiceCatalogChangePayload generic structure,服务目录变更事件数据,服务目录变更事件所携带的具体数据内容。
ProductOfferingPriceAttributeValueChangeEventPayload,ProductOfferingPriceAttributeValueChangeEventPayload generic structure,产品价格属性值变更事件数据,产品价格属性值变更事件所携带的具体数据内容。
ProductOfferingPriceAttributeValueChangeEvent,,产品价格属性值变更事件,当一个产品价格的属性值发生变化时，系统发出的通知事件。
ProductOfferingPrice,,产品价格,描述产品目录中一个具体的价格，包括一次性费用、周期性费用、使用费等。
ProductOfferingDeleteEventPayload,ProductOfferingDeleteEventPayload generic structure,产品目录删除事件数据,产品目录删除事件所携带的具体数据内容。
ProductOfferingDeleteEvent,,产品目录删除事件,当一个产品目录（Product Offering）被删除时，系统发出的通知事件。
ProductOfferingCreateEventPayload,ProductOfferingCreateEventPayload generic structure,产品目录创建事件数据,产品目录创建事件所携带的具体数据内容。
ProductOfferingCreateEvent,,产品目录创建事件,当一个产品目录被创建时，系统发出的通知事件。
ProductOfferingAttributeValueChangeEventPayload,ProductOfferingAttributeValueChangeEventPayload generic structure,产品目录属性值变更事件数据,产品目录属性值变更事件所携带的具体数据内容。
ProductOfferingAttributeValueChangeEvent,,产品目录属性值变更事件,当一个产品目录的属性值发生变化时，系统发出的通知事件。
ProductOffering,,产品目录 / 可销售产品,描述一个可供客户订购的销售产品或套餐，是市场侧的视图。
ProductCatalogStateChangeEventPayload,ProductCatalogStateChangeEventPayload generic structure,产品目录状态变更事件数据,产品目录状态变更事件所携带的具体数据内容。
ProductCatalogStateChangeEvent,,产品目录状态变更事件,当一个产品目录的状态发生变化时，系统发出的通知事件。
ProductCatalogDeleteEventPayload,ProductCatalogDeleteEventPayload generic structure,产品目录删除事件数据,（这里的ProductCatalog应指整个产品目录集合）删除事件所携带的数据。
ServiceCatalogChange,,服务目录变更事件,当一个服务目录的信息发生变更时，系统发出的通知事件。
ServiceCatalogBatchPayload,ServiceCatalogBatchPayload generic structure,服务目录批处理数据,服务目录批处理请求所携带的具体数据内容。
ServiceCatalogBatch,,服务目录批处理,用于对服务目录进行批量操作的请求。
ImportJobDeleteEventPayload,ImportJobDeleteEventPayload generic structure,导入任务删除事件数据,导入任务删除事件所携带的具体数据内容。
ImportJobDeleteEvent,,导入任务删除事件,当一个导入任务被删除时，系统发出的通知事件。
ExportJobDeleteEventPayload,ExportJobDeleteEventPayload generic structure,导出任务删除事件数据,导出任务删除事件所携带的具体数据内容。
ExportJobDeleteEvent,,导出任务删除事件,当一个导出任务被删除时，系统发出的通知事件。
EndpointSpecificationRef,,端点规约引用,用于简要引用一个网络或服务连接端点的规约（模板）。
ConnectionSpecification,,连接规约,定义了服务或资源之间连接的技术规格。
ConnectionPointSpecificationRef,,连接点规约引用,用于简要引用一个连接点的规约（模板）。
ServiceSpecificationDeleteEventPayload,ServiceSpecificationDeleteEventPayload generic structure,服务规格删除事件数据,服务规格删除事件所携带的具体数据内容。
ServiceSpecificationDeleteEvent,,服务规格删除事件,当一个服务规格被删除时，系统发出的通知事件。
ServiceSpecificationCreateEventPayload,ServiceSpecificationCreateEventPayload generic structure,服务规格创建事件数据,服务规格创建事件所携带的具体数据内容。
ServiceSpecificationCreateEvent,,服务规格创建事件,当一个服务规格被创建时，系统发出的通知事件。
ServiceSpecificationChangePayload,ServiceSpecificationChangePayload generic structure,服务规格变更事件数据,服务规格变更事件所携带的具体数据内容。
ServiceSpecificationChange,,服务规格变更事件,当一个服务规格的信息发生变更时，系统发出的通知事件。
ServiceSpecification,,服务规格,服务的设计蓝图或模板，定义了其技术特征和行为，是资源侧的视图。
ServiceLevelSpecificationRef,A Service Level Specification represents a pre-defined or negotiated set of Service Level ,服务等级规约引用,用于简要引用一个服务等级规约（SLS），该规约定义了一组预设的服务质量目标。
ResourceCatalogCreateEventPayload,ResourceCatalogCreateEventPayload generic structure,资源目录创建事件数据,资源目录创建事件所携带的具体数据内容。
ResourceCatalogCreateEvent,,资源目录创建事件,当一个资源目录被创建时，系统发出的通知事件。
ResourceCatalogAttributeValueChangeEventPayload,ResourceCatalogAttributeValueChangeEventPayload generic structure,资源目录属性值变更事件数据,资源目录属性值变更事件所携带的具体数据内容。
ResourceCatalogAttributeValueChangeEvent,,资源目录属性值变更事件,当一个资源目录的属性值发生变化时，系统发出的通知事件。
ResourceCatalog,,资源目录,可用于实现服务的资源模板（Resource Specification）的集合。
ResourceCandidateStatusChangeEventPayload,ResourceCandidateStatusChangeEventPayload generic structure,资源候选状态变更事件数据,资源候选状态变更事件所携带的具体数据内容。
ResourceCandidateStatusChangeEvent,,资源候选状态变更事件,当一个资源候选的状态发生变化时，系统发出的通知事件。
ResourceCandidateDeleteEventPayload,ResourceCandidateDeleteEventPayload generic structure,资源候选删除事件数据,资源候选删除事件所携带的具体数据内容。
ResourceCandidateDeleteEvent,,资源候选删除事件,当一个资源候选被删除时，系统发出的通知事件。
ResourceCandidateCreateEventPayload,ResourceCandidateCreateEventPayload generic structure,资源候选创建事件数据,资源候选创建事件所携带的具体数据内容。
ResourceCandidateCreateEvent,,资源候选创建事件,当一个资源候选被创建时，系统发出的通知事件。
ResourceCandidateAttributeValueChangeEventPayload,ResourceCandidateAttributeValueChangeEventPayload generic structure,资源候选属性值变更事件数据,资源候选属性值变更事件所携带的具体数据内容。
ResourceCandidateAttributeValueChangeEvent,,资源候选属性值变更事件,当一个资源候选的属性值发生变化时，系统发出的通知事件。
ResourceCandidate,,资源候选,描述一个可以满足资源分配需求的潜在资源实例或模板。
ResourceGraphSpecification,,资源图谱规约,定义了多个资源规约及其相互连接关系的模板。
ResourceFunctionSpecification,,资源功能规约,描述一种可执行的资源功能，常用于虚拟化网络功能（VNF）场景。
ResourceCategoryStatusChangeEventPayload,ResourceCategoryStatusChangeEventPayload generic structure,资源分类状态变更事件数据,资源分类状态变更事件所携带的具体数据内容。
ResourceCategoryStatusChangeEvent,,资源分类状态变更事件,当一个资源分类的状态发生变化时，系统发出的通知事件。
ResourceCategoryRef,,资源分类引用,用于简要引用一个资源的分类。
ResourceCategoryDeleteEventPayload,ResourceCategoryDeleteEventPayload generic structure,资源分类删除事件数据,资源分类删除事件所携带的具体数据内容。
ResourceCategoryDeleteEvent,,资源分类删除事件,当一个资源分类被删除时，系统发出的通知事件。
ResourceCategoryCreateEventPayload,ResourceCategoryCreateEventPayload generic structure,资源分类创建事件数据,资源分类创建事件所携带的具体数据内容。
ResourceCategoryCreateEvent,,资源分类创建事件,当一个资源分类被创建时，系统发出的通知事件。
ResourceCategoryAttributeValueChangeEventPayload,ResourceCategoryAttributeValueChangeEventPayload generic structure,资源分类属性值变更事件数据,资源分类属性值变更事件所携带的具体数据内容。
ResourceCategoryAttributeValueChangeEvent,,资源分类属性值变更事件,当一个资源分类的属性值发生变化时，系统发出的通知事件。
ResourceCategory,,资源分类,用于对资源规格或资源目录进行分类和组织。
ResourceCatalogStatusChangeEventPayload,ResourceCatalogStatusChangeEventPayload generic structure,资源目录状态变更事件数据,资源目录状态变更事件所携带的具体数据内容。
ResourceCatalogStatusChangeEvent,,资源目录状态变更事件,当一个资源目录的状态发生变化时，系统发出的通知事件。
ResourceCatalogDeleteEventPayload,ResourceCatalogDeleteEventPayload generic structure,资源目录删除事件数据,资源目录删除事件所携带的具体数据内容。
ResourceCatalogDeleteEvent,,资源目录删除事件,当一个资源目录被删除时，系统发出的通知事件。
ProductBatchEvent,,产品批处理事件,当对产品进行批量操作时，系统发出的通知事件。
ProductAttributeValueChangePayload,ProductAttributeValueChangePayload generic structure,产品属性值变更事件数据,产品属性值变更事件所携带的具体数据内容。
ProductAttributeValueChangeEvent,,产品属性值变更事件,当一个产品实例的属性值发生变化时，系统发出的通知事件。
ResourceSpecificationStatusChangeEventPayload,ResourceSpecificationStatusChangeEventPayload generic structure,资源规约状态变更事件数据,资源规约状态变更事件所携带的具体数据内容。
ResourceSpecificationStatusChangeEvent,,资源规约状态变更事件,当一个资源规约的状态发生变化时，系统发出的通知事件。
ResourceSpecificationDeleteEventPayload,ResourceSpecificationDeleteEventPayload generic structure,资源规约删除事件数据,资源规约删除事件所携带的具体数据内容。
ResourceSpecificationDeleteEvent,,资源规约删除事件,当一个资源规约被删除时，系统发出的通知事件。
ResourceSpecificationCreateEventPayload,ResourceSpecificationCreateEventPayload generic structure,资源规约创建事件数据,资源规约创建事件所携带的具体数据内容。
ResourceSpecificationCreateEvent,,资源规约创建事件,当一个资源规约被创建时，系统发出的通知事件。
ResourceSpecificationAttributeValueChangeEventPayload,ResourceSpecificationAttributeValueChangeEventPayload generic structure,资源规约属性值变更事件数据,资源规约属性值变更事件所携带的具体数据内容。
ResourceSpecificationAttributeValueChangeEvent,,资源规约属性值变更事件,当一个资源规约的属性值发生变化时，系统发出的通知事件。
ResourceGraphSpecificationRelationship,Describes link between resource graph specifications.,资源图谱规约关系,描述不同资源图谱规约（模板）之间的关系。
ResourceGraphSpecificationRef,Resource graph specification reference.,资源图谱规约引用,用于简要引用一个资源图谱规约（模板）。
ProductStateChangeEventPayload,ProductStateChangeEventPayload generic structure,产品状态变更事件数据,产品状态变更事件所携带的具体数据内容。
ProductStateChangeEvent,,产品状态变更事件,当一个产品实例的状态发生变化时，系统发出的通知事件。
ProductDeleteEventPayload,Product Delete,产品删除事件数据,产品删除事件所携带的具体数据内容。
ProductDeleteEvent,,产品删除事件,当一个产品实例被删除时，系统发出的通知事件。
ProductCreateEventPayload,ProductCreateEventPayload,产品创建事件数据,产品创建事件所携带的具体数据内容。
ProductCreateEvent,,产品创建事件,当一个产品实例被创建时，系统发出的通知事件。
ProductBatchEventPayload,ProductBatchEventPayload,产品批处理事件数据,产品批处理事件所携带的具体数据内容。
ResourceDeleteEvent,,资源删除事件,当一个资源实例被删除时，系统发出的通知事件。
ResourceCreateEventPayload,ResourceCreateEventPayload generic structure,资源创建事件数据,资源创建事件所携带的具体数据内容。
ResourceCreateEvent,,资源创建事件,当一个资源实例被创建时，系统发出的通知事件。
ResourceCollection,,资源集合,用于表示一组资源的集合，通常在批量操作中使用。
ResourceAttributeValueChangeEventPayload,ResourceAttributeValueChangeEventPayload generic structure,资源属性值变更事件数据,资源属性值变更事件所携带的具体数据内容。
ResourceAttributeValueChangeEvent,,资源属性值变更事件,当一个资源实例的属性值发生变化时，系统发出的通知事件。
ProductCatalogAttributeValueChangeEventPayload,ProductCatalogAttributeValueChangeEventPayload generic structure,产品目录属性值变更事件数据,产品目录属性值变更事件所携带的具体数据内容。
ProductCatalogAttributeValueChangeEvent,,产品目录属性值变更事件,当一个产品目录的属性值发生变化时，系统发出的通知事件。
ProductCatalog,,产品目录,描述可供销售的产品（Product Offering）的集合。
PricingLogicAlgorithm,,定价逻辑算法,描述用于计算价格的特定算法或规则。
Resource_RES,Response object for Resource,资源响应,对资源（Resource）请求的响应对象。
ResourceStateChangeEventPayload,ResourceStateChangeEventPayload generic structure,资源状态变更事件数据,资源状态变更事件所携带的具体数据内容。
ResourceStateChangeEvent,,资源状态变更事件,当一个资源实例的状态发生变化时，系统发出的通知事件。
ResourceDeleteEventPayload,ResourceDeleteEventPayload generic structure,资源删除事件数据,资源删除事件所携带的具体数据内容。
MonitorDeleteEventPayload,MonitorDeleteEventPayload generic structure,监控删除事件数据,监控删除事件所携带的具体数据内容。
MonitorDeleteEvent,,监控删除事件,当一个监控任务被删除时，系统发出的通知事件。
MonitorCreateEventPayload,MonitorCreateEventPayload generic structure,监控创建事件数据,监控创建事件所携带的具体数据内容。
MonitorCreateEvent,,监控创建事件,当一个监控任务被创建时，系统发出的通知事件。
MonitorAttributeValueChangeEventPayload,MonitorAttributeValueChangeEventPayload generic structure,监控属性值变更事件数据,监控属性值变更事件所携带的具体数据内容。
MonitorAttributeValueChangeEvent,,监控属性值变更事件,当一个监控任务的属性值发生变化时，系统发出的通知事件。
Service_RES,Response object for Service,服务响应,对服务（Service）请求的响应对象。
CategoryStateChangeEventPayload,CategoryStateChangeEventPayload generic structure,分类状态变更事件数据,分类状态变更事件所携带的具体数据内容。
CategoryStateChangeEvent,,分类状态变更事件,当一个分类的状态发生变化时，系统发出的通知事件。
ServiceOrder,,服务订单,用于开通、变更或终止服务的内部工单，是产品订单的技术实现。
OrderSpecificationRef,,订单规约引用,用于简要引用一个订单的规约（模板）。
ExternalReference,,外部引用,用于引用外部系统中的一个实体或记录。
CancelServiceOrderStateChangeEventPayload,CancelServiceOrderStateChangeEvent Payload structure,取消服务订单状态变更事件数据,取消服务订单请求的状态变更事件所携带的具体数据内容。
CancelServiceOrderStateChangeEvent,,取消服务订单状态变更事件,当一个取消服务订单请求的状态发生变化时，系统发出的通知事件。
CancelServiceOrderInformationRequiredEventPayload,CancelServiceOrderInformationRequiredEventPayload Payload structure,取消服务订单需要补充信息事件数据,取消服务订单流程需要补充信息事件所携带的具体数据内容。
CancelServiceOrderInformationRequiredEvent,,取消服务订单需要补充信息事件,当取消服务订单流程因缺少信息而暂停时，系统发出的通知事件。
CancelServiceOrderCreateEventPayload,CancelServiceOrderCreateEvent Payload structure,取消服务订单创建事件数据,取消服务订单请求创建事件所携带的具体数据内容。
CancelServiceOrderCreateEvent,,取消服务订单创建事件,当一个取消服务订单的请求被创建时，系统发出的通知事件。
CancelServiceOrder,,取消服务订单,描述一个取消服务订单的请求。
ServiceOrderJeopardyEvent,,服务订单风险事件,当一个服务订单有无法按时完成的风险时，系统发出的通知事件。
ServiceOrderJeopardyAlert,,服务订单风险告警,当一个服务订单有无法按时完成的风险时触发的告警。
ServiceOrderItemStateType,Possible values for the state of the order item,服务订单项状态类型,定义了一个服务订单项在其生命周期中所处的各种状态。
ServiceOrderItemRelationship,,服务订单项关系,描述服务订单中不同订单项之间的关系。
ServiceOrderItemRef,,服务订单项引用,用于简要引用一个服务订单项。
ServiceOrderItemErrorMessage,,服务订单项错误消息,描述在处理服务订单项时发生的具体错误信息。
ServiceOrderItem,,服务订单项,服务订单中的一个具体项目，描述了要对哪个服务执行何种操作。
ServiceOrderInformationRequiredEventPayload,ServiceOrderInformationRequiredEventPayload Payload structure,服务订单需要补充信息事件数据,服务订单需要补充信息事件所携带的具体数据内容。
ServiceOrderInformationRequiredEvent,,服务订单需要补充信息事件,当服务订单处理流程因缺少信息而暂停时，系统发出的通知事件。
ServiceOrderErrorMessage,,服务订单错误消息,描述在处理服务订单时发生的具体错误信息。
ServiceOrderDeleteEventPayload,ServiceOrderDeleteEventPayload,服务订单删除事件数据,服务订单删除事件所携带的具体数据内容。
ServiceOrderDeleteEvent,,服务订单删除事件,当一个服务订单被删除时，系统发出的通知事件。
ServiceOrderCreateEventPayload,ServiceOrderCreateEventPayload,服务订单创建事件数据,服务订单创建事件所携带的具体数据内容。
ServiceOrderCreateEvent,,服务订单创建事件,当一个服务订单被创建时，系统发出的通知事件。
ServiceOrderAttributeValueChangeEventPayload,ServiceOrderAttributeValueChangeEventPayload,服务订单属性值变更事件数据,服务订单属性值变更事件所携带的具体数据内容。
ServiceOrderAttributeValueChangeEvent,,服务订单属性值变更事件,当一个服务订单的属性值发生变化时，系统发出的通知事件。
AlarmAttributeValueChangeEvent,,告警属性值变更事件,当一个告警的属性值发生变化时，系统发出的通知事件。
Alarm,,告警,系统中发生的异常事件的通知。
AckAlarmStateChangeEventPayload,AckAlarmStateChangeEventPayload generic structure,告警确认状态变更事件数据,告警确认状态变更事件所携带的具体数据内容。
AckAlarmStateChangeEvent,,告警确认状态变更事件,当一个告警确认的状态发生变化时，系统发出的通知事件。
AckAlarmCreateEventPayload,AckAlarmCreateEventPayload generic structure,告警确认创建事件数据,告警确认创建事件所携带的具体数据内容。
AckAlarmCreateEvent,,告警确认创建事件,当一个告警确认被创建时，系统发出的通知事件。
AckAlarm,,告警确认,对一个告警进行确认的操作。
ServiceOrderStateType,Possible values for the state of the order,服务订单状态类型,定义了一个服务订单在其生命周期中所处的各种状态。
ServiceOrderStateChangeEventPayload,ServiceOrderStateChangeEventPayload,服务订单状态变更事件数据,服务订单状态变更事件所携带的具体数据内容。
ServiceOrderStateChangeEvent,,服务订单状态变更事件,当一个服务订单的状态发生变化时，系统发出的通知事件。
ServiceOrderRelationship,,服务订单关系,描述不同服务订单之间的关系。
ServiceOrderRef,Service Order reference. Useful to understand the which was the Service order through which the service was instantiated in the service inventory,服务订单引用,用于简要引用一个服务订单，通常用于追溯服务是由哪个订单创建的。
ServiceOrderMilestoneEventPayload,ServiceOrderMilestoneEventPayload,服务订单里程碑事件数据,服务订单里程碑事件所携带的具体数据内容。
ServiceOrderMilestoneEvent,,服务订单里程碑事件,当一个服务订单到达某个关键里程碑时，系统发出的通知事件。
ServiceOrderMilestone,,服务订单里程碑,标记服务订单处理过程中的一个关键时间点或状态。
ServiceOrderJeopardyEventPayload,ServiceOrderJeopardyEventPayload,服务订单风险事件数据,服务订单风险事件所携带的具体数据内容。
ClearAlarmStateChangeEventPayload,ClearAlarmStateChangeEventPayload generic structure,告警清除状态变更事件数据,告警清除状态变更事件所携带的具体数据内容。
ClearAlarmStateChangeEvent,,告警清除状态变更事件,当一个告警清除的状态发生变化时，系统发出的通知事件。
ClearAlarmCreateEventPayload,ClearAlarmCreateEventPayload generic structure,告警清除创建事件数据,告警清除创建事件所携带的具体数据内容。
ClearAlarmCreateEvent,,告警清除创建事件,当一个告警清除被创建时，系统发出的通知事件。
ClearAlarm,,告警清除,对一个已存在的告警进行清除的操作或记录。
AlarmedObjectRef,Reference to object which affected by Alarm (AlarmedObject).,受影响对象引用,用于简要引用一个受告警影响的对象（如某个设备或服务）。
AlarmType,"Categorizes the alarm (X.733 8.1.1, 3GPP TS 32.111-2 Annex A)",告警类型,对告警进行分类，例如通信告警、设备告警、服务质量告警等。
AlarmStateChangeEventPayload,AlarmStateChangeEventPayload generic structure,告警状态变更事件数据,告警状态变更事件所携带的具体数据内容。
AlarmStateChangeEvent,,告警状态变更事件,当一个告警的状态发生变化时，系统发出的通知事件。
AlarmRefOrValue,"An alarm defined by reference or value. The polymorphic attributes @type, @schemaLocation & @referredType are related to the Alarm entity and not the AlarmRefOrValue class itself",告警引用或值,一个灵活的模型，既可以包含一个完整的告警信息（值），也可以只包含对一个已存在告警的引用。
AlarmRef,,告警引用,用于简要引用一个告警。
AlarmDeleteEventPayload,AlarmDeleteEventPayload generic structure,告警删除事件数据,告警删除事件所携带的具体数据内容。
AlarmDeleteEvent,,告警删除事件,当一个告警被删除时，系统发出的通知事件。
AlarmCreateEventPayload,AlarmCreateEventPayload generic structure,告警创建事件数据,告警创建事件所携带的具体数据内容。
AlarmCreateEvent,,告警创建事件,当一个告警被创建时，系统发出的通知事件。
AlarmAttributeValueChangeEventPayload,AlarmAttributeValueChangeEventPayload generic structure,告警属性值变更事件数据,告警属性值变更事件所携带的具体数据内容。
UnAckAlarm,,告警取消确认,对一个已确认的告警进行取消确认的操作或记录。
ThresholdRef,,阈值引用,用于简要引用一个性能或监控阈值。
PerceivedSeverity,Lists the possible severities that can be allocated to an Alarm. The values are consistent with ITU-T Recommendation X.733.,感知严重性,定义告警的严重等级，例如“紧急”、“重要”、“次要”、“警告”等。
GroupAlarmStateChangeEventPayload,GroupAlarmStateChangeEventPayload generic structure,告警分组状态变更事件数据,告警分组状态变更事件所携带的具体数据内容。
GroupAlarmStateChangeEvent,,告警分组状态变更事件,当一个告警分组的状态发生变化时，系统发出的通知事件。
GroupAlarmCreateEventPayload,GroupAlarmCreateEventPayload generic structure,告警分组创建事件数据,告警分组创建事件所携带的具体数据内容。
GroupAlarmCreateEvent,,告警分组创建事件,当一个告警分组被创建时，系统发出的通知事件。
GroupAlarm,,告警分组,将多个相关的告警分组在一起的操作或记录。
CrossedThresholdInformation,Identifies the details of the threshold that has been crossed.,越限阈值信息,描述告警触发时，具体是哪个监控阈值被突破以及相关的数据。
CommentAlarmStateChangeEventPayload,CommentAlarmStateChangeEventPayload generic structure,告警备注状态变更事件数据,告警备注状态变更事件所携带的具体数据内容。
CommentAlarmStateChangeEvent,,告警备注状态变更事件,当一个告警备注的状态发生变化时，系统发出的通知事件。
CommentAlarmCreateEventPayload,CommentAlarmCreateEventPayload generic structure,告警备注创建事件数据,告警备注创建事件所携带的具体数据内容。
CommentAlarmCreateEvent,,告警备注创建事件,当一个告警备注被创建时，系统发出的通知事件。
CommentAlarm,,告警备注,对一个告警添加备注信息的操作或记录。
Comment,,备注,通用的备注信息模型，包含备注文本、作者和时间。
UnGroupAlarmStateChangeEventPayload,UnGroupAlarmStateChangeEventPayload generic structure,告警取消分组状态变更事件数据,告警取消分组状态变更事件所携带的具体数据内容。
UnGroupAlarmStateChangeEvent,,告警取消分组状态变更事件,当一个告警取消分组的状态发生变化时，系统发出的通知事件。
UnGroupAlarmCreateEventPayload,UnGroupAlarmCreateEventPayload generic structure,告警取消分组创建事件数据,告警取消分组创建事件所携带的具体数据内容。
UnGroupAlarmCreateEvent,,告警取消分组创建事件,当一个告警取消分组被创建时，系统发出的通知事件。
UnGroupAlarm,,告警取消分组,将已分组的告警取消分组的操作或记录。
UnAckAlarmStateChangeEventPayload,UnAckAlarmStateChangeEventPayload generic structure,告警取消确认状态变更事件数据,告警取消确认状态变更事件所携带的具体数据内容。
UnAckAlarmStateChangeEvent,,告警取消确认状态变更事件,当一个告警取消确认的状态发生变化时，系统发出的通知事件。
UnAckAlarmCreateEventPayload,UnAckAlarmCreateEventPayload generic structure,告警取消确认创建事件数据,告警取消确认创建事件所携带的具体数据内容。
UnAckAlarmCreateEvent,,告警取消确认创建事件,当一个告警取消确认被创建时，系统发出的通知事件。
PartyPrivacyAgreementStatusExampleType,"Possible values for the status of party privacy profile agreement (for example: intialized, inProgress, rejected, pendingUpdate, validated)",参与方隐私协议状态类型,定义了参与方隐私协议的生命周期状态，如“已初始化”、“已生效”、“已拒绝”等。
PartyPrivacyAgreementStatusChangeEventPayload,PartyPrivacyAgreementStatusChangeEventPayload generic structure,参与方隐私协议状态变更事件数据,参与方隐私协议状态变更事件所携带的具体数据内容。
PartyPrivacyAgreementStatusChangeEvent,,参与方隐私协议状态变更事件,当一个参与方隐私协议的状态发生变化时，系统发出的通知事件。
PartyPrivacyAgreementRef,Reference to Party Privacy Agreement resource,参与方隐私协议引用,用于简要引用一个参与方隐私协议。
PartyPrivacyAgreementDeleteEventPayload,PartyPrivacyAgreementDeleteEventPayload generic structure,参与方隐私协议删除事件数据,参与方隐私协议删除事件所携带的具体数据内容。
PartyPrivacyAgreementDeleteEvent,,参与方隐私协议删除事件,当一个参与方隐私协议被删除时，系统发出的通知事件。
PartyPrivacyAgreementCreateEventPayload,PartyPrivacyAgreementCreateEventPayload generic structure,参与方隐私协议创建事件数据,参与方隐私协议创建事件所携带的具体数据内容。
PartyPrivacyAgreementCreateEvent,,参与方隐私协议创建事件,当一个参与方隐私协议被创建时，系统发出的通知事件。
PartyPrivacyAgreementAttributeValueChangeEventPayload,PartyPrivacyAgreementAttributeValueChangeEventPayload generic structure,参与方隐私协议属性值变更事件数据,参与方隐私协议属性值变更事件所携带的具体数据内容。
PartyPrivacyAgreementAttributeValueChangeEvent,,参与方隐私协议属性值变更事件,当一个参与方隐私协议的属性值发生变化时，系统发出的通知事件。
PartyPrivacyAgreement,,参与方隐私协议,描述参与方（如客户）与服务提供商之间签订的关于数据隐私的协议。
PartyPrivacyProfileSpecificationDeleteEvent,,参与方隐私配置规约删除事件,当一个参与方隐私配置规约被删除时，系统发出的通知事件。
PartyPrivacyProfileSpecificationCreateEventPayload,PartyPrivacyProfileSpecificationCreateEventPayload generic structure,参与方隐私配置规约创建事件数据,参与方隐私配置规约创建事件所携带的具体数据内容。
PartyPrivacyProfileSpecificationCreateEvent,,参与方隐私配置规约创建事件,当一个参与方隐私配置规约被创建时，系统发出的通知事件。
PartyPrivacyProfileSpecificationCharacteristic,,参与方隐私配置规约特征,参与方隐私配置规约（模板）中的一个具体特征或属性。
PartyPrivacyProfileSpecificationAttributeValueChangeEventPayload,PartyPrivacyProfileSpecificationAttributeValueChangeEventPayload generic structure,参与方隐私配置规约属性值变更事件数据,参与方隐私配置规约属性值变更事件所携带的具体数据内容。
PartyPrivacyProfileSpecificationAttributeValueChangeEvent,,参与方隐私配置规约属性值变更事件,当一个参与方隐私配置规约的属性值发生变化时，系统发出的通知事件。
PartyPrivacyProfileSpecification,,参与方隐私配置规约,定义参与方隐私配置的模板，规定了哪些隐私选项是可用的。
PartyPrivacyProfileRef,Reference to Party Privacy Profile resource,参与方隐私配置引用,用于简要引用一个参与方隐私配置。
PartyPrivacyProfileDeleteEventPayload,PartyPrivacyProfileDeleteEventPayload generic structure,参与方隐私配置删除事件数据,参与方隐私配置删除事件所携带的具体数据内容。
PartyPrivacyProfileDeleteEvent,,参与方隐私配置删除事件,当一个参与方隐私配置被删除时，系统发出的通知事件。
PartyPrivacyProfileCreateEventPayload,PartyPrivacyProfileCreateEventPayload generic structure,参与方隐私配置创建事件数据,参与方隐私配置创建事件所携带的具体数据内容。
PartyPrivacyProfileCreateEvent,,参与方隐私配置创建事件,当一个参与方隐私配置被创建时，系统发出的通知事件。
PartyPrivacyProfileCharacteristic,,参与方隐私配置特征,参与方隐私配置实例中的一个具体特征或属性。
PartyPrivacyProfileAttributeValueChangeEventPayload,PartyPrivacyProfileAttributeValueChangeEventPayload generic structure,参与方隐私配置属性值变更事件数据,参与方隐私配置属性值变更事件所携带的具体数据内容。
PartyPrivacyProfileAttributeValueChangeEvent,,参与方隐私配置属性值变更事件,当一个参与方隐私配置的属性值发生变化时，系统发出的通知事件。
PartyPrivacyProfile,,参与方隐私配置,记录参与方针对其个人数据的具体隐私设置和偏好。
CheckServiceQualificationAttributeValueChangeEventPayload,CheckServiceQualificationAttributeValueChangeEventPayload generic structure,检查服务资格属性值变更事件数据,检查服务资格属性值变更事件所携带的具体数据内容。
CheckServiceQualificationAttributeValueChangeEvent,,检查服务资格属性值变更事件,当一个检查服务资格请求的属性值发生变化时，系统发出的通知事件。
CheckServiceQualification_RES,Response object for CheckServiceQualification,检查服务资格响应,对检查服务资格（CheckServiceQualification）请求的响应对象。
CheckServiceQualification,,检查服务资格,用于检查在特定地点或条件下是否可以提供某个服务。这是一个同步的、简单的查询。
AlternateServiceProposal,,备选服务建议,在服务资格查询失败时，系统推荐的可以替代原请求的服务方案。
PartyPrivacyRoleSpecification,,参与方隐私角色规约,定义了特定参与方角色（如客户、员工）的隐私规则和权限模板。
PartyPrivacyProfileStatusExampleType,"Possible values for the status of party privacy profile (such as created, terminated)",参与方隐私配置状态类型,定义了参与方隐私配置的生命周期状态，如“已创建”、“已终止”。
PartyPrivacyProfileStatusChangeEventPayload,PartyPrivacyProfileStatusChangePayloadtEven generic structure,参与方隐私配置状态变更事件数据,参与方隐私配置状态变更事件所携带的具体数据内容。
PartyPrivacyProfileStatusChangeEvent,,参与方隐私配置状态变更事件,当一个参与方隐私配置的状态发生变化时，系统发出的通知事件。
PartyPrivacyProfileSpecificationStatusExampleType,"Possible values for the status of party privacy profile Specification (for example: inDesign, active, rejected, retired)",参与方隐私配置规约状态类型,定义了参与方隐私配置规约的生命周期状态，如“设计中”、“活动”、“已废弃”。
PartyPrivacyProfileSpecificationStatusChangeEventPayload,PartyPrivacyProfileSpecificationStatusChangeEventPayload generic structure,参与方隐私配置规约状态变更事件数据,参与方隐私配置规约状态变更事件所携带的具体数据内容。
PartyPrivacyProfileSpecificationStatusChangeEvent,,参与方隐私配置规约状态变更事件,当一个参与方隐私配置规约的状态发生变化时，系统发出的通知事件。
PartyPrivacyProfileSpecificationRef,Reference to Party Privacy Specification resource,参与方隐私配置规约引用,用于简要引用一个参与方隐私配置规约（模板）。
PartyPrivacyProfileSpecificationDeleteEventPayload,PartyPrivacyProfileSpecificationDeleteEventPayload generic structure,参与方隐私配置规约删除事件数据,参与方隐私配置规约删除事件所携带的具体数据内容。
QueryServiceQualificationDeleteEvent,,查询服务资格删除事件,当一个（异步）查询服务资格请求被删除时，系统发出的通知事件。
QueryServiceQualificationCreateEventPayload,QueryServiceQualificationCreateEventPayload generic structure,查询服务资格创建事件数据,查询服务资格创建事件所携带的具体数据内容。
QueryServiceQualificationCreateEvent,,查询服务资格创建事件,当一个（异步）查询服务资格请求被创建时，系统发出的通知事件。
QueryServiceQualification_RES,Response object for QueryServiceQualification,查询服务资格响应,对查询服务资格（QueryServiceQualification）请求的响应对象。
QueryServiceQualification,,查询服务资格,用于查询在特定地点或条件下是否可以提供某个服务，通常用于更复杂的场景，可能是异步的。
CheckServiceQualificationStateChangeEventPayload,CheckServiceQualificationStateChangeEventPayload generic structure,检查服务资格状态变更事件数据,检查服务资格状态变更事件所携带的具体数据内容。
CheckServiceQualificationStateChangeEvent,,检查服务资格状态变更事件,当一个检查服务资格请求的状态发生变化时，系统发出的通知事件。
CheckServiceQualificationItem,,检查服务资格项,检查服务资格请求中的一个具体查询项目。
CheckServiceQualificationInformationRequiredEventPayload,CheckServiceQualificationInformationRequiredEventPayload generic structure,检查服务资格需要补充信息事件数据,检查服务资格需要补充信息事件所携带的具体数据内容。
CheckServiceQualificationInformationRequiredEvent,,检查服务资格需要补充信息事件,当检查服务资格流程因缺少信息而暂停时，系统发出的通知事件。
CheckServiceQualificationDeleteEventPayload,CheckServiceQualificationDeleteEventPayload generic structure,检查服务资格删除事件数据,检查服务资格删除事件所携带的具体数据内容。
CheckServiceQualificationDeleteEvent,,检查服务资格删除事件,当一个检查服务资格请求被删除时，系统发出的通知事件。
CheckServiceQualificationCreateEventPayload,CheckServiceQualificationCreateEventPayload generic structure,检查服务资格创建事件数据,检查服务资格创建事件所携带的具体数据内容。
CheckServiceQualificationCreateEvent,,检查服务资格创建事件,当一个检查服务资格请求被创建时，系统发出的通知事件。
QuoteDeleteEventPayload,Quote Delete,报价单删除事件数据,报价单删除事件所携带的具体数据内容。
QuoteDeleteEvent,,报价单删除事件,当一个报价单被删除时，系统发出的通知事件。
QuoteCreateEventPayload,QuoteCreateEventPayload,报价单创建事件数据,报价单创建事件所携带的具体数据内容。
QuoteCreateEvent,,报价单创建事件,当一个报价单被创建时，系统发出的通知事件。
QuoteAttributeValueChangePayload,QuoteAttributeValueChangePayload generic structure,报价单属性值变更事件数据,报价单属性值变更事件所携带的具体数据内容。
QuoteAttributeValueChangeEvent,,报价单属性值变更事件,当一个报价单的属性值发生变化时，系统发出的通知事件。
Quote_RES,Response object for Quote,报价单响应,对报价单（Quote）请求的响应对象。
Quote,,报价单,为客户提供产品或服务的价格估算，通常在正式下单前生成。
Authorization,,授权,描述一次授权操作的记录，例如用户授权应用访问其数据。
ServiceQualificationItemRelationship,,服务资格项关系,描述服务资格查询请求中不同查询项之间的关系。
ServiceQualificationItem,,服务资格项,服务资格查询请求中的一个具体查询项目（例如“此地址是否能安装1Gbps光纤”）。
ServiceQualification,,服务资格,用于检查在特定地点或条件下是否可以提供某个服务的完整请求。
QueryServiceQualificationStateChangeEventPayload,QueryServiceQualificationStateChangeEventPayload generic structure,查询服务资格状态变更事件数据,查询服务资格状态变更事件所携带的具体数据内容。
QueryServiceQualificationStateChangeEvent,,查询服务资格状态变更事件,当一个（异步）查询服务资格请求的状态发生变化时，系统发出的通知事件。
QueryServiceQualificationDeleteEventPayload,QueryServiceQualificationDeleteEventPayload generic structure,查询服务资格删除事件数据,查询服务资格删除事件所携带的具体数据内容。
AgreementSpecificationAttributeValueChangeEvent,,协议规约属性值变更事件,当一个协议规约的属性值发生变化时，系统发出的通知事件。
AgreementSpecification,,协议规约,协议的模板或蓝图，定义了协议的结构、标准条款和规则。
AgreementDeleteEventPayload,AgreementDeleteEventPayload generic structure,协议删除事件数据,协议删除事件所携带的具体数据内容。
AgreementDeleteEvent,,协议删除事件,当一个协议被删除时，系统发出的通知事件。
AgreementCreateEventPayload,AgreementCreateEventPayload generic structure,协议创建事件数据,协议创建事件所携带的具体数据内容。
AgreementCreateEvent,,协议创建事件,当一个协议被创建时，系统发出的通知事件。
AgreementAttributeValueChangeEventPayload,AgreementAttributeValueChangeEventPayload generic structure,协议属性值变更事件数据,协议属性值变更事件所携带的具体数据内容。
AgreementAttributeValueChangeEvent,,协议属性值变更事件,当一个协议的属性值发生变化时，系统发出的通知事件。
QuoteStateChangeEventPayload,QuoteStateChangeEventPayload generic structure,报价单状态变更事件数据,报价单状态变更事件所携带的具体数据内容。
QuoteStateChangeEvent,,报价单状态变更事件,当一个报价单的状态发生变化时，系统发出的通知事件。
QuotePrice,,报价价格,描述报价单中的价格信息，包括各项费用、税费和折扣。
QuoteItemRelationship,,报价项关系,描述报价单中不同项目之间的关系。
QuoteItem,,报价项,报价单中的一个具体项目，通常对应一个可销售产品。
QuoteInformationRequiredEventPayload,QuoteInformationRequiredEventPayload generic structure,报价单需要补充信息事件数据,报价单需要补充信息事件所携带的具体数据内容。
QuoteInformationRequiredEvent,,报价单需要补充信息事件,当报价流程因缺少信息而暂停时，系统发出的通知事件。
ServiceTest,,服务测试,描述在某个服务实例上执行的一次具体测试活动。
AgreementStatusExampleType,Possible values for the state of the agreement,协议状态类型,定义了协议的生命周期状态，例如“设计中”、“活动”、“已终止”。
AgreementStateChangeEventPayload,AgreementStateChangeEventPayload generic structure,协议状态变更事件数据,协议状态变更事件所携带的具体数据内容。
AgreementStateChangeEvent,,协议状态变更事件,当一个协议的状态发生变化时，系统发出的通知事件。
AgreementSpecificationStateChangeEventPayload,AgreementSpecificationStateChangeEventPayload generic structure,协议规约状态变更事件数据,协议规约状态变更事件所携带的具体数据内容。
AgreementSpecificationStateChangeEvent,,协议规约状态变更事件,当一个协议规约的状态发生变化时，系统发出的通知事件。
AgreementSpecificationRelationship,,协议规约关系,描述不同协议规约（模板）之间的关系。
AgreementSpecificationDeleteEventPayload,AgreementSpecificationDeleteEventPayload generic structure,协议规约删除事件数据,协议规约删除事件所携带的具体数据内容。
AgreementSpecificationDeleteEvent,,协议规约删除事件,当一个协议规约被删除时，系统发出的通知事件。
AgreementSpecificationCreateEventPayload,AgreementSpecificationCreateEventPayload generic structure,协议规约创建事件数据,协议规约创建事件所携带的具体数据内容。
AgreementSpecificationCreateEvent,,协议规约创建事件,当一个协议规约被创建时，系统发出的通知事件。
AgreementSpecificationAttributeValueChangeEventPayload,AgreementSpecificationAttributeValueChangeEventPayload generic structure,协议规约属性值变更事件数据,协议规约属性值变更事件所携带的具体数据内容。
ServiceTestStateChangeEvent,,服务测试状态变更事件,当一个服务测试的状态发生变化时，系统发出的通知事件。
ServiceTestSpecificationRef,Service Test specification reference: ServiceTestSpecification(s) required to realize a Test Specification.,服务测试规约引用,用于简要引用一个服务测试规约（模板）。
ServiceTestSpecificationDeleteEventPayload,ServiceTestSpecificationDeleteEventPayload generic structure,服务测试规约删除事件数据,服务测试规约删除事件所携带的具体数据内容。
ServiceTestSpecificationDeleteEvent,,服务测试规约删除事件,当一个服务测试规约被删除时，系统发出的通知事件。
ServiceTestSpecificationCreateEventPayload,ServiceTestSpecificationCreateEventPayload generic structure,服务测试规约创建事件数据,服务测试规约创建事件所携带的具体数据内容。
ServiceTestSpecificationCreateEvent,,服务测试规约创建事件,当一个服务测试规约被创建时，系统发出的通知事件。
ServiceTestSpecificationAttributeValueChangeEventPayload,ServiceTestSpecificationAttributeValueChangeEventPayload generic structure,服务测试规约属性值变更事件数据,服务测试规约属性值变更事件所携带的具体数据内容。
ServiceTestSpecificationAttributeValueChangeEvent,,服务测试规约属性值变更事件,当一个服务测试规约的属性值发生变化时，系统发出的通知事件。
ServiceTestSpecification,,服务测试规约,服务测试的模板或蓝图，定义了测试的目标、方法和参数。
ServiceTestSpecRelationship,,服务测试规约关系,描述不同服务测试规约（模板）之间的关系。
ServiceTestDeleteEventPayload,ServiceTestDeleteEventPayload generic structure,服务测试删除事件数据,服务测试删除事件所携带的具体数据内容。
ServiceTestDeleteEvent,,服务测试删除事件,当一个服务测试被删除时，系统发出的通知事件。
ServiceTestCreateEventPayload,ServiceTestCreateEventPayload generic structure,服务测试创建事件数据,服务测试创建事件所携带的具体数据内容。
ServiceTestCreateEvent,,服务测试创建事件,当一个服务测试被创建时，系统发出的通知事件。
ServiceTestAttributeValueChangeEventPayload,ServiceTestAttributeValueChangeEventPayload generic structure,服务测试属性值变更事件数据,服务测试属性值变更事件所携带的具体数据内容。
ServiceTestAttributeValueChangeEvent,,服务测试属性值变更事件,当一个服务测试的属性值发生变化时，系统发出的通知事件。
BalanceAction,,余额操作,对账户余额执行的一个通用操作，如充值、调整、预留等。
AdjustBalance_RES,Response object for AdjustBalance,余额调整响应,对余额调整（AdjustBalance）请求的响应对象。
AdjustBalanceStateChangeEventPayload,AdjustBalanceStateChangeEventPayload generic structure,余额调整状态变更事件数据,余额调整状态变更事件所携带的具体数据内容。
AdjustBalanceStateChangeEvent,,余额调整状态变更事件,当一个余额调整操作的状态发生变化时，系统发出的通知事件。
AdjustBalanceDeleteEventPayload,AdjustBalanceDeleteEventPayload generic structure,余额调整删除事件数据,余额调整删除事件所携带的具体数据内容。
AdjustBalanceDeleteEvent,,余额调整删除事件,当一个余额调整操作被删除时，系统发出的通知事件。
AdjustBalanceCreateEventPayload,AdjustBalanceCreateEventPayload generic structure,余额调整创建事件数据,余额调整创建事件所携带的具体数据内容。
AdjustBalanceCreateEvent,,余额调整创建事件,当一个余额调整操作被创建时，系统发出的通知事件。
AdjustBalanceAttributeValueChangeEventPayload,AdjustBalanceAttributeValueChangeEventPayload generic structure,余额调整属性值变更事件数据,余额调整属性值变更事件所携带的具体数据内容。
AdjustBalanceAttributeValueChangeEvent,,余额调整属性值变更事件,当一个余额调整操作的属性值发生变化时，系统发出的通知事件。
AdjustBalance,,余额调整,对账户余额进行一次手动的增加或减少操作。
AccumulatedBalance_RES,Response object for AccumulatedBalance,累计余额响应,对累计余额（AccumulatedBalance）请求的响应对象。
AccumulatedBalance,,累计余额,表示在特定时间段内累积的余额总量。
ServiceTestStateChangeEventPayload,ServiceTestStateChangeEventPayload generic structure,服务测试状态变更事件数据,服务测试状态变更事件所携带的具体数据内容。
BucketSpecificationAttributeValueChangeEventPayload,BucketSpecificationAttributeValueChangeEventPayload generic structure,资源桶规约属性值变更事件数据,资源桶规约属性值变更事件所携带的具体数据内容。
BucketSpecificationAttributeValueChangeEvent,,资源桶规约属性值变更事件,当一个资源桶规约的属性值发生变化时，系统发出的通知事件。
BucketSpecification,,资源桶规约,资源桶的模板，定义了其类型（如数据流量、通话分钟）、容量和规则。
BucketDeleteEventPayload,BucketDeleteEventPayload generic structure,资源桶删除事件数据,资源桶删除事件所携带的具体数据内容。
BucketDeleteEvent,,资源桶删除事件,当一个资源桶被删除时，系统发出的通知事件。
BucketCreateEventPayload,BucketCreateEventPayload generic structure,资源桶创建事件数据,资源桶创建事件所携带的具体数据内容。
BucketCreateEvent,,资源桶创建事件,当一个资源桶被创建时，系统发出的通知事件。
BucketAttributeValueChangeEventPayload,BucketAttributeValueChangeEventPayload generic structure,资源桶属性值变更事件数据,资源桶属性值变更事件所携带的具体数据内容。
BucketAttributeValueChangeEvent,,资源桶属性值变更事件,当一个资源桶的属性值发生变化时，系统发出的通知事件。
BalanceAction_RES,Response object for BalanceAction,余额操作响应,对余额操作（BalanceAction）请求的响应对象。
ImpactedBucketItem,,受影响的资源桶项,在一次操作中，资源桶内受影响的具体项目或计数器。
ImpactedBucket,,受影响的资源桶,在一次操作中，受到影响的资源桶。
Bucket_RES,Response object for Bucket,资源桶响应,对资源桶（Bucket）请求的响应对象。
BucketStateChangeEventPayload,BucketStateChangeEventPayload generic structure,资源桶状态变更事件数据,资源桶状态变更事件所携带的具体数据内容。
BucketStateChangeEvent,,资源桶状态变更事件,当一个资源桶的状态发生变化时，系统发出的通知事件。
BucketSpecification_RES,Response object for BucketSpecification,资源桶规约响应,对资源桶规约（BucketSpecification）请求的响应对象。
BucketSpecificationStateChangeEventPayload,BucketSpecificationStateChangeEventPayload generic structure,资源桶规约状态变更事件数据,资源桶规约状态变更事件所携带的具体数据内容。
BucketSpecificationStateChangeEvent,,资源桶规约状态变更事件,当一个资源桶规约的状态发生变化时，系统发出的通知事件。
BucketSpecificationRelationship,,资源桶规约关系,描述不同资源桶规约（模板）之间的关系。
BucketSpecificationDeleteEventPayload,BucketSpecificationDeleteEventPayload generic structure,资源桶规约删除事件数据,资源桶规约删除事件所携带的具体数据内容。
BucketSpecificationDeleteEvent,,资源桶规约删除事件,当一个资源桶规约被删除时，系统发出的通知事件。
BucketSpecificationCreateEventPayload,BucketSpecificationCreateEventPayload generic structure,资源桶规约创建事件数据,资源桶规约创建事件所携带的具体数据内容。
BucketSpecificationCreateEvent,,资源桶规约创建事件,当一个资源桶规约被创建时，系统发出的通知事件。
TopupBalanceCreateEvent,,余额充值创建事件,当一个余额充值操作被创建时，系统发出的通知事件。
TopupBalanceAttributeValueChangeEventPayload,TopupBalanceAttributeValueChangeEventPayload generic structure,余额充值属性值变更事件数据,余额充值属性值变更事件所携带的具体数据内容。
TopupBalanceAttributeValueChangeEvent,,余额充值属性值变更事件,当一个余额充值操作的属性值发生变化时，系统发出的通知事件。
TopupBalance,,余额充值,向账户余额中增加资金或单位（如流量）的操作。
ReserveBalance_RES,Response object for ReserveBalance,余额预留响应,对余额预留（ReserveBalance）请求的响应对象。
ReserveBalanceStateChangeEventPayload,ReserveBalanceStateChangeEventPayload generic structure,余额预留状态变更事件数据,余额预留状态变更事件所携带的具体数据内容。
ReserveBalanceStateChangeEvent,,余额预留状态变更事件,当一个余额预留操作的状态发生变化时，系统发出的通知事件。
ReserveBalanceDeleteEventPayload,ReserveBalanceDeleteEventPayload generic structure,余额预留删除事件数据,余额预留删除事件所携带的具体数据内容。
ReserveBalanceDeleteEvent,,余额预留删除事件,当一个余额预留操作被删除时，系统发出的通知事件。
ReserveBalanceCreateEventPayload,ReserveBalanceCreateEventPayload generic structure,余额预留创建事件数据,余额预留创建事件所携带的具体数据内容。
ReserveBalanceCreateEvent,,余额预留创建事件,当一个余额预留操作被创建时，系统发出的通知事件。
ReserveBalanceAttributeValueChangeEventPayload,ReserveBalanceAttributeValueChangeEventPayload generic structure,余额预留属性值变更事件数据,余额预留属性值变更事件所携带的具体数据内容。
ReserveBalanceAttributeValueChangeEvent,,余额预留属性值变更事件,当一个余额预留操作的属性值发生变化时，系统发出的通知事件。
ReserveBalance,,余额预留,为将来的交易预先冻结或保留一部分账户余额的操作。
TransferBalance_RES,Response object for TransferBalance,余额转移响应,对余额转移（TransferBalance）请求的响应对象。
TransferBalanceStateChangeEventPayload,TransferBalanceStateChangeEventPayload generic structure,余额转移状态变更事件数据,余额转移状态变更事件所携带的具体数据内容。
TransferBalanceStateChangeEvent,,余额转移状态变更事件,当一个余额转移操作的状态发生变化时，系统发出的通知事件。
TransferBalanceDeleteEventPayload,TransferBalanceDeleteEventPayload generic structure,余额转移删除事件数据,余额转移删除事件所携带的具体数据内容。
TransferBalanceDeleteEvent,,余额转移删除事件,当一个余额转移操作被删除时，系统发出的通知事件。
TransferBalanceCreateEventPayload,TransferBalanceCreateEventPayload generic structure,余额转移创建事件数据,余额转移创建事件所携带的具体数据内容。
TransferBalanceCreateEvent,,余额转移创建事件,当一个余额转移操作被创建时，系统发出的通知事件。
TransferBalanceAttributeValueChangeEventPayload,TransferBalanceAttributeValueChangeEventPayload generic structure,余额转移属性值变更事件数据,余额转移属性值变更事件所携带的具体数据内容。
TransferBalanceAttributeValueChangeEvent,,余额转移属性值变更事件,当一个余额转移操作的属性值发生变化时，系统发出的通知事件。
TransferBalance,,余额转移,将余额从一个账户/资源桶转移到另一个的操作。
TopupBalance_RES,Response object for TopupBalance,余额充值响应,对余额充值（TopupBalance）请求的响应对象。
TopupBalanceStateChangeEventPayload,TopupBalanceStateChangeEventPayload generic structure,余额充值状态变更事件数据,余额充值状态变更事件所携带的具体数据内容。
TopupBalanceStateChangeEvent,,余额充值状态变更事件,当一个余额充值操作的状态发生变化时，系统发出的通知事件。
TopupBalanceDeleteEventPayload,TopupBalanceDeleteEventPayload generic structure,余额充值删除事件数据,余额充值删除事件所携带的具体数据内容。
TopupBalanceDeleteEvent,,余额充值删除事件,当一个余额充值操作被删除时，系统发出的通知事件。
TopupBalanceCreateEventPayload,TopupBalanceCreateEventPayload generic structure,余额充值创建事件数据,余额充值创建事件所携带的具体数据内容。
ProblemGroupStateChangeEvent,,问题分组状态变更事件,当一个问题分组的状态发生变化时，系统发出的通知事件。
ProblemGroupDeleteEventPayload,ProblemGroupDeleteEventPayload generic structure,问题分组删除事件数据,问题分组删除事件所携带的具体数据内容。
ProblemGroupDeleteEvent,,问题分组删除事件,当一个问题分组被删除时，系统发出的通知事件。
ProblemGroupCreateEventPayload,ProblemGroupCreateEventPayload generic structure,问题分组创建事件数据,问题分组创建事件所携带的具体数据内容。
ProblemGroupCreateEvent,,问题分组创建事件,当一个问题分组被创建时，系统发出的通知事件。
ProblemGroup,,问题分组,将多个相关的服务问题分组在一起的操作或记录。
ProblemAcknowledgementStateChangeEventPayload,ProblemAcknowledgementStateChangeEventPayload generic structure,问题确认状态变更事件数据,问题确认状态变更事件所携带的具体数据内容。
ProblemAcknowledgementStateChangeEvent,,问题确认状态变更事件,当一个问题确认的状态发生变化时，系统发出的通知事件。
ProblemAcknowledgementDeleteEventPayload,ProblemAcknowledgementDeleteEventPayload generic structure,问题确认删除事件数据,问题确认删除事件所携带的具体数据内容。
ProblemAcknowledgementDeleteEvent,,问题确认删除事件,当一个问题确认被删除时，系统发出的通知事件。
ProblemAcknowledgementCreateEventPayload,ProblemAcknowledgementCreateEventPayload generic structure,问题确认创建事件数据,问题确认创建事件所携带的具体数据内容。
ProblemAcknowledgementCreateEvent,,问题确认创建事件,当一个问题确认被创建时，系统发出的通知事件。
ProblemAcknowledgement,,问题确认,对一个服务问题进行确认的操作或记录。
ImpactPattern,,影响模式,描述一个问题或事件可能产生的影响范围和模式，例如影响特定区域或特定类型的用户。
Any,,任意类型,一个通用的占位符，可以容纳任何数据结构或类型的值。
ResourceAlarmRef,,资源告警引用,用于简要引用一个与特定资源相关的告警。
ProblemUngroupStateChangeEventPayload,ProblemUngroupStateChangeEventPayload generic structure,问题取消分组状态变更事件数据,问题取消分组状态变更事件所携带的具体数据内容。
ProblemUngroupStateChangeEvent,,问题取消分组状态变更事件,当一个问题取消分组的状态发生变化时，系统发出的通知事件。
ProblemUngroupDeleteEventPayload,ProblemUngroupDeleteEventPayload generic structure,问题取消分组删除事件数据,问题取消分组删除事件所携带的具体数据内容。
ProblemUngroupDeleteEvent,,问题取消分组删除事件,当一个问题取消分组被删除时，系统发出的通知事件。
ProblemUngroupCreateEventPayload,ProblemUngroupCreateEventPayload generic structure,问题取消分组创建事件数据,问题取消分组创建事件所携带的具体数据内容。
ProblemUngroupCreateEvent,,问题取消分组创建事件,当一个问题取消分组被创建时，系统发出的通知事件。
ProblemUngroup,,问题取消分组,将已分组的问题取消分组的操作或记录。
ProblemUnacknowledgementStateChangeEventPayload,ProblemUnacknowledgementStateChangeEventPayload generic structure,问题取消确认状态变更事件数据,问题取消确认状态变更事件所携带的具体数据内容。
ProblemUnacknowledgementStateChangeEvent,,问题取消确认状态变更事件,当一个问题取消确认的状态发生变化时，系统发出的通知事件。
ProblemUnacknowledgementDeleteEventPayload,ProblemUnacknowledgementDeleteEventPayload generic structure,问题取消确认删除事件数据,问题取消确认删除事件所携带的具体数据内容。
ProblemUnacknowledgementDeleteEvent,,问题取消确认删除事件,当一个问题取消确认被删除时，系统发出的通知事件。
ProblemUnacknowledgementCreateEventPayload,ProblemUnacknowledgementCreateEventPayload generic structure,问题取消确认创建事件数据,问题取消确认创建事件所携带的具体数据内容。
ProblemUnacknowledgementCreateEvent,,问题取消确认创建事件,当一个问题取消确认被创建时，系统发出的通知事件。
ProblemUnacknowledgement,,问题取消确认,对一个已确认的问题进行取消确认的操作或记录。
ProblemGroupStateChangeEventPayload,ProblemGroupStateChangeEventPayload generic structure,问题分组状态变更事件数据,问题分组状态变更事件所携带的具体数据内容。
ServiceProblemStateType,Possible values for the state of the ServiceProblem,服务问题状态类型,定义了服务问题的生命周期状态，例如“已提交”、“处理中”、“已解决”。
ServiceProblemStateChangeEventPayload,ServiceProblemStateChangeEventPayload generic structure,服务问题状态变更事件数据,服务问题状态变更事件所携带的具体数据内容。
ServiceProblemStateChangeEvent,,服务问题状态变更事件,当一个服务问题的状态发生变化时，系统发出的通知事件。
ServiceProblemRef,,服务问题引用,用于简要引用一个服务问题。
ServiceProblemInformationRequiredEventPayload,ServiceProblemInformationRequiredEventPayload generic structure,服务问题需要补充信息事件数据,服务问题需要补充信息事件所携带的具体数据内容。
ServiceProblemInformationRequiredEvent,,服务问题需要补充信息事件,当服务问题处理流程因缺少信息而暂停时，系统发出的通知事件。
ServiceProblemEventRecord,,服务问题事件记录,记录与服务问题相关的某个具体事件。
ServiceProblemDeleteEventPayload,ServiceProblemDeleteEventPayload generic structure,服务问题删除事件数据,服务问题删除事件所携带的具体数据内容。
ServiceProblemDeleteEvent,,服务问题删除事件,当一个服务问题被删除时，系统发出的通知事件。
ServiceProblemCreateEventPayload,ServiceProblemCreateEventPayload generic structure,服务问题创建事件数据,服务问题创建事件所携带的具体数据内容。
ServiceProblemCreateEvent,,服务问题创建事件,当一个服务问题被创建时，系统发出的通知事件。
ServiceProblemAttributeValueChangeEventPayload,ServiceProblemAttributeValueChangeEventPayload generic structure,服务问题属性值变更事件数据,服务问题属性值变更事件所携带的具体数据内容。
ServiceProblemAttributeValueChangeEvent,,服务问题属性值变更事件,当一个服务问题的属性值发生变化时，系统发出的通知事件。
ServiceProblem,,服务问题,描述影响服务的根本性问题，它可能是多个客户故障单（Trouble Ticket）的根源。
SLAViolationRef,,SLA违约引用,用于简要引用一次服务等级协议（SLA）的违约事件记录。
EventTopic,Describes an event topic in a publish and subscribe environment and one or more event types that may be received via the event broker.,事件主题,在发布/订阅模式中，定义了一个用于分类和过滤事件的主题。
LoyaltyBurnStateChangeEvent,,忠诚度兑换状态变更事件,当一个忠诚度兑换交易的状态发生变化时，系统发出的通知事件。
LoyaltyBurnCreateEventPayload,LoyaltyBurnCreateEventPayload generic structure,忠诚度兑换创建事件数据,忠诚度兑换创建事件所携带的具体数据内容。
LoyaltyBurnCreateEvent,,忠诚度兑换创建事件,当一个忠诚度兑换交易被创建时，系统发出的通知事件。
LoyaltyBurn_RES,Response object for LoyaltyBurn,忠诚度兑换响应,对忠诚度兑换（LoyaltyBurn）请求的响应对象。
LoyaltyBurn,,忠诚度兑换,客户使用忠诚度积分（或里程等）来兑换商品或服务的交易。
LoyaltyAccountUpdateEventPayload,LoyaltyAccountUpdateEventPayload generic structure,忠诚度账户更新事件数据,忠诚度账户更新事件所携带的具体数据内容。
LoyaltyAccountUpdateEvent,,忠诚度账户更新事件,当一个忠诚度账户的信息发生更新时，系统发出的通知事件。
LoyaltyAccountStateChangeEventPayload,LoyaltyAccountStateChangeEventPayload generic structure,忠诚度账户状态变更事件数据,忠诚度账户状态变更事件所携带的具体数据内容。
LoyaltyAccountStateChangeEvent,,忠诚度账户状态变更事件,当一个忠诚度账户的状态发生变化时，系统发出的通知事件。
LoyaltyAccountDeleteEventPayload,LoyaltyAccountDeleteEventPayload generic structure,忠诚度账户删除事件数据,忠诚度账户删除事件所携带的具体数据内容。
LoyaltyAccountDeleteEvent,,忠诚度账户删除事件,当一个忠诚度账户被删除时，系统发出的通知事件。
LoyaltyAccountCreateEventPayload,LoyaltyAccountCreateEventPayload generic structure,忠诚度账户创建事件数据,忠诚度账户创建事件所携带的具体数据内容。
LoyaltyAccountCreateEvent,,忠诚度账户创建事件,当一个忠诚度账户被创建时，系统发出的通知事件。
LoyaltyAccount_RES,Response object for LoyaltyAccount,忠诚度账户响应,对忠诚度账户（LoyaltyAccount）请求的响应对象。
LoyaltyAccount,,忠诚度账户,用于记录和管理客户忠诚度积分（或里程等）的账户。
LoyaltyProgramMember,,忠诚度计划会员,描述一个加入了忠诚度计划的客户（参与方）。
LoyaltyExecutionPointUpdateEventPayload,LoyaltyExecutionPointUpdateEventPayload generic structure,忠诚度执行点更新事件数据,忠诚度执行点更新事件所携带的具体数据内容。
LoyaltyExecutionPointUpdateEvent,,忠诚度执行点更新事件,当一个忠诚度执行点的规则发生更新时，系统发出的通知事件。
LoyaltyExecutionPointDeleteEventPayload,LoyaltyExecutionPointDeleteEventPayload generic structure,忠诚度执行点删除事件数据,忠诚度执行点删除事件所携带的具体数据内容。
LoyaltyExecutionPointDeleteEvent,,忠诚度执行点删除事件,当一个忠诚度执行点被删除时，系统发出的通知事件。
LoyaltyExecutionPointCreateEventPayload,LoyaltyExecutionPointCreateEventPayload generic structure,忠誠度執行點創建事件數據,忠诚度执行点创建事件所携带的具体数据内容。
LoyaltyExecutionPointCreateEvent,,忠诚度执行点创建事件,当一个忠诚度执行点被创建时，系统发出的通知事件。
LoyaltyExecutionPoint_RES,Response object for LoyaltyExecutionPoint,忠诚度执行点响应,对忠诚度执行点（LoyaltyExecutionPoint）请求的响应对象。
LoyaltyExecutionPoint,,忠诚度执行点,定义了在业务流程中触发忠诚度累积或兑换操作的规则和节点。
LoyaltyEarnStateChangeEventPayload,LoyaltyEarnStateChangeEventPayload generic structure,忠诚度累积状态变更事件数据,忠诚度累积状态变更事件所携带的具体数据内容。
LoyaltyEarnStateChangeEvent,,忠诚度累积状态变更事件,当一个忠诚度累积交易的状态发生变化时，系统发出的通知事件。
LoyaltyEarnCreateEventPayload,LoyaltyEarnCreateEventPayload generic structure,忠诚度累积创建事件数据,忠诚度累积创建事件所携带的具体数据内容。
LoyaltyEarnCreateEvent,,忠诚度累积创建事件,当一个忠诚度累积交易被创建时，系统发出的通知事件。
LoyaltyEarn_RES,Response object for LoyaltyEarn,忠诚度累积响应,对忠诚度累积（LoyaltyEarn）请求的响应对象。
LoyaltyEarn,,忠诚度累积,客户通过购买或参与活动获得忠诚度积分（或里程等）的交易。
LoyaltyBurnStateChangeEventPayload,LoyaltyBurnStateChangeEventPayload generic structure,忠诚度兑换状态变更事件数据,忠诚度兑换状态变更事件所携带的具体数据内容。
LoyaltyProgramPartnerDeleteEventPayload,LoyaltyProgramPartnerDeleteEventPayload generic structure,忠诚度计划伙伴删除事件数据,忠诚度计划伙伴删除事件所携带的具体数据内容。
LoyaltyProgramPartnerDeleteEvent,,忠诚度计划伙伴删除事件,当一个忠诚度计划合作伙伴被删除时，系统发出的通知事件。
LoyaltyProgramPartnerCreateEventPayload,LoyaltyProgramPartnerCreateEventPayload generic structure,忠诚度计划伙伴创建事件数据,忠诚度计划伙伴创建事件所携带的具体数据内容。
LoyaltyProgramPartnerCreateEvent,,忠诚度计划伙伴创建事件,当一个忠诚度计划合作伙伴被创建时，系统发出的通知事件。
LoyaltyProgramPartner_RES,Response object for LoyaltyProgramPartner,忠诚度计划伙伴响应,对忠诚度计划伙伴（LoyaltyProgramPartner）请求的响应对象。
LoyaltyProgramPartner,,忠诚度计划伙伴,参与忠诚度计划的外部合作商家或机构。
LoyaltyProgramMemberUpdateEventPayload,LoyaltyProgramMemberUpdateEventPayload generic structure,忠诚度计划会员更新事件数据,忠诚度计划会员更新事件所携带的具体数据内容。
LoyaltyProgramMemberUpdateEvent,,忠诚度计划会员更新事件,当一个忠诚度计划会员的信息发生更新时，系统发出的通知事件。
LoyaltyProgramMemberStateChangeEventPayload,LoyaltyProgramMemberStateChangeEventPayload generic structure,忠诚度计划会员状态变更事件数据,忠诚度计划会员状态变更事件所携带的具体数据内容。
LoyaltyProgramMemberStateChangeEvent,,忠诚度计划会员状态变更事件,当一个忠诚度计划会员的状态发生变化时，系统发出的通知事件。
LoyaltyProgramMemberRef,Reference to a loyalty program member,忠诚度计划会员引用,用于简要引用一个忠诚度计划的会员。
LoyaltyProgramMemberDeleteEventPayload,LoyaltyProgramMemberDeleteEventPayload generic structure,忠诚度计划会员删除事件数据,忠诚度计划会员删除事件所携带的具体数据内容。
LoyaltyProgramMemberDeleteEvent,,忠诚度计划会员删除事件,当一个忠诚度计划会员被删除时，系统发出的通知事件。
LoyaltyProgramMemberCreateEventPayload,LoyaltyProgramMemberCreateEventPayload generic structure,忠诚度计划会员创建事件数据,忠诚度计划会员创建事件所携带的具体数据内容。
LoyaltyProgramMemberCreateEvent,,忠诚度计划会员创建事件,当一个忠诚度计划会员被创建时，系统发出的通知事件。
LoyaltyProgramMember_RES,Response object for LoyaltyProgramMember,忠诚度计划会员响应,对忠诚度计划会员（LoyaltyProgramMember）请求的响应对象。
LoyaltyProgramProductSpecificationDeleteEvent,,忠诚度计划产品规格删除事件,当一个忠诚度计划产品规格被删除时，系统发出的通知事件。
LoyaltyProgramProductSpecificationCreateEventPayload,LoyaltyProgramProductSpecificationCreateEventPayload generic structure,忠诚度计划产品规格创建事件数据,忠诚度计划产品规格创建事件所携带的具体数据内容。
LoyaltyProgramProductSpecificationCreateEvent,,忠诚度计划产品规格创建事件,当一个忠诚度计划产品规格被创建时，系统发出的通知事件。
LoyaltyProgramProductSpecification_RES,Response object for LoyaltyProgramProductSpecification,忠诚度计划产品规格响应,对忠诚度计划产品规格（LoyaltyProgramProductSpecification）请求的响应对象。
LoyaltyProgramProductSpecification,,忠诚度计划产品规格,忠诚度计划中可供兑换或累积的产品的模板或蓝图。
LoyaltyProgramProductRef,A reference to a loyalty product.,忠诚度计划产品引用,用于简要引用一个忠诚度计划中的产品。
LoyaltyProgramProductDeleteEventPayload,LoyaltyProgramProductDeleteEventPayload generic structure,忠诚度计划产品删除事件数据,忠诚度计划产品删除事件所携带的具体数据内容。
LoyaltyProgramProductDeleteEvent,,忠诚度计划产品删除事件,当一个忠诚度计划产品被删除时，系统发出的通知事件。
LoyaltyProgramProductCreateEventPayload,LoyaltyProgramProductCreateEventPayload generic structure,忠诚度计划产品创建事件数据,忠诚度计划产品创建事件所携带的具体数据内容。
LoyaltyProgramProductCreateEvent,,忠诚度计划产品创建事件,当一个忠诚度计划产品被创建时，系统发出的通知事件。
LoyaltyProgramProduct_RES,Response object for LoyaltyProgramProduct,忠诚度计划产品响应,对忠诚度计划产品（LoyaltyProgramProduct）请求的响应对象。
LoyaltyProgramProduct,,忠诚度计划产品,忠诚度计划中的一个具体产品实例，例如可兑换的“1GB流量包”。
LoyaltyProgramPartnerUpdateEventPayload,LoyaltyProgramPartnerUpdateEventPayload generic structure,忠诚度计划伙伴更新事件数据,忠诚度计划伙伴更新事件所携带的具体数据内容。
LoyaltyProgramPartnerUpdateEvent,,忠诚度计划伙伴更新事件,当一个忠诚度计划合作伙伴的信息发生更新时，系统发出的通知事件。
LoyaltyProgramPartnerStateChangeEventPayload,LoyaltyProgramPartnerStateChangeEventPayload generic structure,忠诚度计划伙伴状态变更事件数据,忠诚度计划伙伴状态变更事件所携带的具体数据内容。
LoyaltyProgramPartnerStateChangeEvent,,忠诚度计划伙伴状态变更事件,当一个忠诚度计划合作伙伴的状态发生变化时，系统发出的通知事件。
PaymentMethodRefOrValue,link to the resource that holds information about the payment mean used to complete the operation,支付方式引用或值,一个灵活的模型，既可以包含一个完整的支付方式信息（值），也可以只包含对一个已存在支付方式的引用。
PaymentItem,,支付项,一次支付（Payment）中所包含的具体项目或费用明细。
Payment,,支付,记录一次完整的支付交易信息。
LoyaltyProgramProductUpdateEventPayload,LoyaltyProgramProductUpdateEventPayload generic structure,忠诚度计划产品更新事件数据,忠诚度计划产品更新事件所携带的具体数据内容。
LoyaltyProgramProductUpdateEvent,,忠诚度计划产品更新事件,当一个忠诚度计划产品的信息发生更新时，系统发出的通知事件。
LoyaltyProgramProductStateChangeEventPayload,LoyaltyProgramProductStateChangeEventPayload generic structure,忠诚度计划产品状态变更事件数据,忠诚度计划产品状态变更事件所携带的具体数据内容。
LoyaltyProgramProductStateChangeEvent,,忠诚度计划产品状态变更事件,当一个忠诚度计划产品的状态发生变化时，系统发出的通知事件。
LoyaltyProgramProductSpecificationUpdateEventPayload,LoyaltyProgramProductSpecificationUpdateEventPayload generic structure,忠诚度计划产品规格更新事件数据,忠诚度计划产品规格更新事件所携带的具体数据内容。
LoyaltyProgramProductSpecificationUpdateEvent,,忠诚度计划产品规格更新事件,当一个忠诚度计划产品规格的信息发生更新时，系统发出的通知事件。
LoyaltyProgramProductSpecificationStateChangeEventPayload,LoyaltyProgramProductSpecificationStateChangeEventPayload generic structure,忠诚度计划产品规格状态变更事件数据,忠诚度计划产品规格状态变更事件所携带的具体数据内容。
LoyaltyProgramProductSpecificationStateChangeEvent,,忠诚度计划产品规格状态变更事件,当一个忠诚度计划产品规格的状态发生变化时，系统发出的通知事件。
LoyaltyProgramProductSpecificationDeleteEventPayload,LoyaltyProgramProductSpecificationDeleteEventPayload generic structure,忠诚度计划产品规格删除事件数据,忠诚度计划产品规格删除事件所携带的具体数据内容。
ShoppingCartCreateEvent,,购物车创建事件,当一个购物车被创建时，系统发出的通知事件。
ShoppingCartAttributeValueChangeEventPayload,ShoppingCartAttributeValueChangeEventPayload generic structure,购物车属性值变更事件数据,购物车属性值变更事件所携带的具体数据内容。
ShoppingCartAttributeValueChangeEvent,,购物车属性值变更事件,当一个购物车的属性值发生变化时，系统发出的通知事件。
ShoppingCart,,购物车,临时存放客户意向购买商品或服务的容器，是生成订单的前一步。
CartTerm,,购物车条款,与购物车中商品或服务相关的条款和条件。
CartPrice,,购物车价格,购物车中所有商品的总价，包括折扣、税费等。
CartItemStatusType,"Possible values for the status of the cart item, saveForLater items are not calculated in the cart prices",购物车项状态类型,定义购物车中项目的状态，例如“有效”或“暂存”（saveForLater）。
CartItemRelationship,,购物车项关系,描述购物车中不同项目之间的关系，例如捆绑关系。
CartItemActionType,action to be performed on the product,购物车项操作类型,定义了对购物车中项目可以执行的操作，如add（添加）、delete（删除）。
CartItem,,购物车项,购物车中的一个具体商品或服务。
BillPresentationMediaDeleteEvent,,账单呈现媒介删除事件,当一个账单呈现媒介被删除时，系统发出的通知事件。
BillPresentationMediaCreateEventPayload,BillPresentationMediaCreateEventPayload generic structure,账单呈现媒介创建事件数据,账单呈现媒介创建事件所携带的具体数据内容。
BillPresentationMediaCreateEvent,,账单呈现媒介创建事件,当一个账单呈现媒介被创建时，系统发出的通知事件。
BillPresentationMediaAttributeValueChangeEventPayload,BillPresentationMediaAttributeValueChangeEventPayload generic structure,账单呈现媒介属性值变更事件数据,账单呈现媒介属性值变更事件所携带的具体数据内容。
BillPresentationMediaAttributeValueChangeEvent,,账单呈现媒介属性值变更事件,当一个账单呈现媒介的属性值发生变化时，系统发出的通知事件。
BillFormatStateChangeEventPayload,BillFormatStateChangeEventPayload generic structure,账单格式状态变更事件数据,账单格式状态变更事件所携带的具体数据内容。
BillFormatStateChangeEvent,,账单格式状态变更事件,当一个账单格式的状态发生变化时，系统发出的通知事件。
BillFormatDeleteEventPayload,BillFormatDeleteEventPayload generic structure,账单格式删除事件数据,账单格式删除事件所携带的具体数据内容。
BillFormatDeleteEvent,,账单格式删除事件,当一个账单格式被删除时，系统发出的通知事件。
BillFormatCreateEventPayload,BillFormatCreateEventPayload generic structure,账单格式创建事件数据,账单格式创建事件所携带的具体数据内容。
BillFormatCreateEvent,,账单格式创建事件,当一个账单格式被创建时，系统发出的通知事件。
BillFormatAttributeValueChangeEventPayload,BillFormatAttributeValueChangeEventPayload generic structure,账单格式属性值变更事件数据,账单格式属性值变更事件所携带的具体数据内容。
BillFormatAttributeValueChangeEvent,,账单格式属性值变更事件,当一个账单格式的属性值发生变化时，系统发出的通知事件。
ShoppingCartDeleteEventPayload,ShoppingCartDeleteEventPayload generic structure,购物车删除事件数据,购物车删除事件所携带的具体数据内容。
ShoppingCartDeleteEvent,,购物车删除事件,当一个购物车被删除时，系统发出的通知事件。
ShoppingCartCreateEventPayload,ShoppingCartCreateEventPayload generic structure,购物车创建事件数据,购物车创建事件所携带的具体数据内容。
BillingCycleSpecificationCreateEventPayload,BillingCycleSpecificationCreateEventPayload generic structure,计费周期规约创建事件数据,计费周期规约创建事件所携带的具体数据内容。
BillingCycleSpecificationCreateEvent,,计费周期规约创建事件,当一个计费周期规约被创建时，系统发出的通知事件。
BillingCycleSpecificationAttributeValueChangeEventPayload,BillingCycleSpecificationAttributeValueChangeEventPayload generic structure,计费周期规约属性值变更事件数据,计费周期规约属性值变更事件所携带的具体数据内容。
BillingCycleSpecificationAttributeValueChangeEvent,,计费周期规约属性值变更事件,当一个计费周期规约的属性值发生变化时，系统发出的通知事件。
BillingAccountStateChangeEventPayload,BillingAccountStateChangeEventPayload generic structure,计费账户状态变更事件数据,计费账户状态变更事件所携带的具体数据内容。
BillingAccountStateChangeEvent,,计费账户状态变更事件,当一个计费账户的状态发生变化时，系统发出的通知事件。
BillingAccountDeleteEventPayload,BillingAccountDeleteEventPayload generic structure,计费账户删除事件数据,计费账户删除事件所携带的具体数据内容。
BillingAccountDeleteEvent,,计费账户删除事件,当一个计费账户被删除时，系统发出的通知事件。
BillingAccountCreateEventPayload,BillingAccountCreateEventPayload generic structure,计费账户创建事件数据,计费账户创建事件所携带的具体数据内容。
BillingAccountCreateEvent,,计费账户创建事件,当一个计费账户被创建时，系统发出的通知事件。
BillingAccountAttributeValueChangeEventPayload,BillingAccountAttributeValueChangeEventPayload generic structure,计费账户属性值变更事件数据,计费账户属性值变更事件所携带的具体数据内容。
BillingAccountAttributeValueChangeEvent,,计费账户属性值变更事件,当一个计费账户的属性值发生变化时，系统发出的通知事件。
BillingAccount,,计费账户,用于归集客户费用并生成账单的账户。
BillPresentationMediaStateChangeEventPayload,BillPresentationMediaStateChangeEventPayload generic structure,账单呈现媒介状态变更事件数据,账单呈现媒介状态变更事件所携带的具体数据内容。
BillPresentationMediaStateChangeEvent,,账单呈现媒介状态变更事件,当一个账单呈现媒介的状态发生变化时，系统发出的通知事件。
BillPresentationMediaDeleteEventPayload,BillPresentationMediaDeleteEventPayload generic structure,账单呈现媒介删除事件数据,账单呈现媒介删除事件所携带的具体数据内容。
PartyAccountCreateEvent,,参与方账户创建事件,当一个参与方账户被创建时，系统发出的通知事件。
PartyAccountAttributeValueChangeEventPayload,PartyAccountAttributeValueChangeEventPayload generic structure,参与方账户属性值变更事件数据,参与方账户属性值变更事件所携带的具体数据内容。
PartyAccountAttributeValueChangeEvent,,参与方账户属性值变更事件,当一个参与方账户的属性值发生变化时，系统发出的通知事件。
FinancialAccountStateChangeEventPayload,FinancialAccountStateChangeEventPayload generic structure,财务账户状态变更事件数据,财务账户状态变更事件所携带的具体数据内容。
FinancialAccountStateChangeEvent,,财务账户状态变更事件,当一个财务账户的状态发生变化时，系统发出的通知事件。
FinancialAccountDeleteEventPayload,FinancialAccountDeleteEventPayload generic structure,财务账户删除事件数据,财务账户删除事件所携带的具体数据内容。
FinancialAccountDeleteEvent,,财务账户删除事件,当一个财务账户被删除时，系统发出的通知事件。
FinancialAccountCreateEventPayload,FinancialAccountCreateEventPayload generic structure,财务账户创建事件数据,财务账户创建事件所携带的具体数据内容。
FinancialAccountCreateEvent,,财务账户创建事件,当一个财务账户被创建时，系统发出的通知事件。
FinancialAccountAttributeValueChangeEventPayload,FinancialAccountAttributeValueChangeEventPayload generic structure,财务账户属性值变更事件数据,财务账户属性值变更事件所携带的具体数据内容。
FinancialAccountAttributeValueChangeEvent,,财务账户属性值变更事件,当一个财务账户的属性值发生变化时，系统发出的通知事件。
FinancialAccount,An account of money owed by a party to another entity in exchange for goods or services that have been delivered or used. A financial (account receivable account/account payable) aggregates the amounts of one or more party accounts (billing or settlement) owned by a given party. It is a specialization of entity Account.,财务账户,用于管理应收或应付账款的账户，是更高层级的财务概念。
BillingCycleSpecificationStateChangeEventPayload,BillingCycleSpecificationStateChangeEventPayload generic structure,计费周期规约状态变更事件数据,计费周期规约状态变更事件所携带的具体数据内容。
BillingCycleSpecificationStateChangeEvent,,计费周期规约状态变更事件,当一个计费周期规约的状态发生变化时，系统发出的通知事件。
BillingCycleSpecificationDeleteEventPayload,BillingCycleSpecificationDeleteEventPayload generic structure,计费周期规约删除事件数据,计费周期规约删除事件所携带的具体数据内容。
BillingCycleSpecificationDeleteEvent,,计费周期规约删除事件,当一个计费周期规约被删除时，系统发出的通知事件。
AttachmentAttributeValueChangeEventPayload,AttachmentAttributeValueChangeEventPayload generic structure,附件属性值变更事件数据,附件属性值变更事件所携带的具体数据内容。
AttachmentAttributeValueChangeEvent,,附件属性值变更事件,当一个附件的属性值发生变化时，系统发出的通知事件。
SettlementAccountStateChangeEventPayload,SettlementAccountStateChangeEventPayload generic structure,结算账户状态变更事件数据,结算账户状态变更事件所携带的具体数据内容。
SettlementAccountStateChangeEvent,,结算账户状态变更事件,当一个结算账户的状态发生变化时，系统发出的通知事件。
SettlementAccountDeleteEventPayload,SettlementAccountDeleteEventPayload generic structure,结算账户删除事件数据,结算账户删除事件所携带的具体数据内容。
SettlementAccountDeleteEvent,,结算账户删除事件,当一个结算账户被删除时，系统发出的通知事件。
SettlementAccountCreateEventPayload,SettlementAccountCreateEventPayload generic structure,结算账户创建事件数据,结算账户创建事件所携带的具体数据内容。
SettlementAccountCreateEvent,,结算账户创建事件,当一个结算账户被创建时，系统发出的通知事件。
SettlementAccountAttributeValueChangeEventPayload,SettlementAccountAttributeValueChangeEventPayload generic structure,结算账户属性值变更事件数据,结算账户属性值变更事件所携带的具体数据内容。
SettlementAccountAttributeValueChangeEvent,,结算账户属性值变更事件,当一个结算账户的属性值发生变化时，系统发出的通知事件。
SettlementAccount,"A party account used for settlement purposes. It includes a description of the bill structure (frequency, presentation media, format and so on). It is a specialization of entity PartyAccount.",结算账户,用于合作方之间进行结算的账户，例如运营商之间的漫游费结算。
PartyAccountStateChangeEventPayload,PartyAccountStateChangeEventPayload generic structure,参与方账户状态变更事件数据,参与方账户状态变更事件所携带的具体数据内容。
PartyAccountStateChangeEvent,,参与方账户状态变更事件,当一个参与方账户的状态发生变化时，系统发出的通知事件。
PartyAccountDeleteEventPayload,PartyAccountDeleteEventPayload generic structure,参与方账户删除事件数据,参与方账户删除事件所携带的具体数据内容。
PartyAccountDeleteEvent,,参与方账户删除事件,当一个参与方账户被删除时，系统发出的通知事件。
PartyAccountCreateEventPayload,PartyAccountCreateEventPayload generic structure,参与方账户创建事件数据,参与方账户创建事件所携带的具体数据内容。
DocumentSpecificationDeleteEventPayload,DocumentSpecificationDeleteEventPayload generic structure,文档规约删除事件数据,文档规约删除事件所携带的具体数据内容。
DocumentSpecificationDeleteEvent,,文档规约删除事件,当一个文档规约被删除时，系统发出的通知事件。
DocumentSpecificationCreateEventPayload,DocumentSpecificationCreateEventPayload generic structure,文档规约创建事件数据,文档规约创建事件所携带的具体数据内容。
DocumentSpecificationCreateEvent,,文档规约创建事件,当一个文档规约被创建时，系统发出的通知事件。
DocumentSpecificationAttributeValueChangeEventPayload,DocumentSpecificationAttributeValueChangeEventPayload generic structure,文档规约属性值变更事件数据,文档规约属性值变更事件所携带的具体数据内容。
DocumentSpecificationAttributeValueChangeEvent,,文档规约属性值变更事件,当一个文档规约的属性值发生变化时，系统发出的通知事件。
DocumentDeleteEventPayload,DocumentDeleteEventPayload generic structure,文档删除事件数据,文档删除事件所携带的具体数据内容。
DocumentDeleteEvent,,文档删除事件,当一个文档被删除时，系统发出的通知事件。
DocumentCreateEventPayload,DocumentCreateEventPayload generic structure,文档创建事件数据,文档创建事件所携带的具体数据内容。
DocumentCreateEvent,,文档创建事件,当一个文档被创建时，系统发出的通知事件。
DocumentAttributeValueChangeEventPayload,DocumentAttributeValueChangeEventPayload generic structure,文档属性值变更事件数据,文档属性值变更事件所携带的具体数据内容。
DocumentAttributeValueChangeEvent,,文档属性值变更事件,当一个文档的属性值发生变化时，系统发出的通知事件。
AttachmentDeleteEventPayload,AttachmentDeleteEventPayload generic structure,附件删除事件数据,附件删除事件所携带的具体数据内容。
AttachmentDeleteEvent,,附件删除事件,当一个附件被删除时，系统发出的通知事件。
AttachmentCreateEventPayload,AttachmentCreateEventPayload generic structure,附件创建事件数据,附件创建事件所携带的具体数据内容。
AttachmentCreateEvent,,附件创建事件,当一个附件被创建时，系统发出的通知事件。
PartyRoleSpecificationCreateEvent,,参与方角色规约创建事件,当一个参与方角色规约被创建时，系统发出的通知事件。
PartyRoleSpecificationAttributeValueChangeEventPayload,PartyRoleSpecificationAttributeValueChangeEventPayload generic structure,参与方角色规约属性值变更事件数据,参与方角色规约属性值变更事件所携带的具体数据内容。
PartyRoleSpecificationAttributeValueChangeEvent,,参与方角色规约属性值变更事件,当一个参与方角色规约的属性值发生变化时，系统发出的通知事件。
PartyRoleSpecification,,参与方角色规约,参与方角色的模板或蓝图，定义了角色的名称、描述和通用规则。
PartyRoleDeleteEventPayload,PartyRoleDeleteEventPayload generic structure,参与方角色删除事件数据,参与方角色删除事件所携带的具体数据内容。
PartyRoleDeleteEvent,,参与方角色删除事件,当一个参与方角色被删除时，系统发出的通知事件。
PartyRoleCreateEventPayload,PartyRoleCreateEventPayload generic structure,参与方角色创建事件数据,参与方角色创建事件所携带的具体数据内容。
PartyRoleCreateEvent,,参与方角色创建事件,当一个参与方角色被创建时，系统发出的通知事件。
PartyRoleAttributeValueChangeEventPayload,PartyRoleAttributeValueChangeEventPayload generic structure,参与方角色属性值变更事件数据,参与方角色属性值变更事件所携带的具体数据内容。
PartyRoleAttributeValueChangeEvent,,参与方角色属性值变更事件,当一个参与方角色的属性值发生变化时，系统发出的通知事件。
DocumentStateChangeEventPayload,DocumentStateChangeEventPayload generic structure,文档状态变更事件数据,文档状态变更事件所携带的具体数据内容。
DocumentStateChangeEvent,,文档状态变更事件,当一个文档的状态发生变化时，系统发出的通知事件。
DocumentSpecificationStatusChangeEventPayload,DocumentSpecificationStatusChangeEventPayload generic structure,文档规约状态变更事件数据,文档规约状态变更事件所携带的具体数据内容。
DocumentSpecificationStatusChangeEvent,,文档规约状态变更事件,当一个文档规约的状态发生变化时，系统发出的通知事件。
DocumentSpecificationRefOrValue,,文档规约引用或值,一个灵活的模型，既可以包含一个完整的文档规约信息，也可以只包含对一个已存在规约的引用。
DocumentSpecificationRef,,文档规约引用,用于简要引用一个文档规约（模板）。
DigitalWallet,,数字钱包,一种支付方式，例如支付宝、微信支付、Apple Pay。
Check,,支票,一种支付方式，通过纸质支票进行支付。
Cash,,现金,一种支付方式，通过现金进行支付。
BankCard,,银行卡,一种支付方式，例如信用卡或借记卡。
BankAccountTransfer,,银行账户转账,一种支付方式，通过银行账户之间直接转账进行支付。
BankAccountDebit,,银行账户借记,一种支付方式，从银行账户直接扣款。
AttachmentValue,,附件值,表示附件的实际内容或数据，而不是一个链接或引用。
AccountPaymentMethod,,账户支付方式,一种支付方式，使用账户的预付余额或信用额度进行支付。
PartyRoleStateChangeEventPayload,PartyRoleStateChangeEventPayload generic structure,参与方角色状态变更事件数据,参与方角色状态变更事件所携带的具体数据内容。
PartyRoleStateChangeEvent,,参与方角色状态变更事件,当一个参与方角色的状态发生变化时，系统发出的通知事件。
PartyRoleSpecificationStateChangeEventPayload,PartyRoleSpecificationStateChangeEventPayload generic structure,参与方角色规约状态变更事件数据,参与方角色规约状态变更事件所携带的具体数据内容。
PartyRoleSpecificationStateChangeEvent,,参与方角色规约状态变更事件,当一个参与方角色规约的状态发生变化时，系统发出的通知事件。
PartyRoleSpecificationDeleteEventPayload,PartyRoleSpecificationDeleteEventPayload generic structure,参与方角色规约删除事件数据,参与方角色规约删除事件所携带的具体数据内容。
PartyRoleSpecificationDeleteEvent,,参与方角色规约删除事件,当一个参与方角色规约被删除时，系统发出的通知事件。
PartyRoleSpecificationCreateEventPayload,PartyRoleSpecificationCreateEventPayload generic structure,参与方角色规约创建事件数据,参与方角色规约创建事件所携带的具体数据内容。
PromotionAction,"Action of the promotion. When the customer meets the conditions in the promotion pattern, the customer can be given the benefits in the action.",促销动作,描述客户满足促销条件后可以获得的具体利益，例如“九折优惠”或“赠送1GB流量”。
Promotion,"Promotion Resource is used to provide additional discounts, vouchers, bonuses, or gifts to customers who meet predefined criteria. By using promotions, the enterprise can attract users and encourage more consumption, especially continuous purchases. Normally, promotions are not considered a specific type of product or product offering. They are often applied when customers purchase product offerings that exceed a certain price or amount limit.",促销活动,描述一项完整的营销促销活动，旨在通过优惠、赠品等方式吸引客户。
Voucher,,代金券 / 凭证,一种支付方式或优惠凭证，可以用于抵扣消费金额。
TokenizedCard,,令牌化银行卡,一种安全的支付方式，使用一个临时的、唯一的令牌来代替真实的银行卡号进行交易。
PaymentMethodStatusChangePayload,PaymentMethodStatusChangePayload generic structure,支付方式状态变更事件数据,支付方式状态变更事件所携带的具体数据内容。
PaymentMethodStatusChange,,支付方式状态变更事件,当一个支付方式的状态发生变化时，系统发出的通知事件。
PaymentMethodDeleteEventPayload,PaymentMethodDeleteEventPayload generic structure,支付方式删除事件数据,支付方式删除事件所携带的具体数据内容。
PaymentMethodDeleteEvent,,支付方式删除事件,当一个支付方式被删除时，系统发出的通知事件。
PaymentMethodCreateEventPayload,PaymentMethodCreateEventPayload generic structure,支付方式创建事件数据,支付方式创建事件所携带的具体数据内容。
PaymentMethodCreateEvent,,支付方式创建事件,当一个支付方式被创建时，系统发出的通知事件。
PaymentMethodAttributeValueChangeEventPayload,PaymentMethodAttributeValueChangeEventPayload generic structure,支付方式属性值变更事件数据,支付方式属性值变更事件所携带的具体数据内容。
PaymentMethodAttributeValueChangeEvent,,支付方式属性值变更事件,当一个支付方式的属性值发生变化时，系统发出的通知事件。
LoyaltyPaymentMethod,,忠诚度支付方式,一种支付方式，使用客户的忠诚度积分或里程来进行支付。
DirectDebit,,直接借记,一种支付方式，授权商家从银行账户中自动扣款。
CheckPermissionCreateEventPayload,CheckPermissionCreateEventPayload generic structure,检查权限创建事件数据,检查权限创建事件所携带的具体数据内容。
CheckPermissionCreateEvent,,检查权限创建事件,当一个检查权限的请求被创建时，系统发出的通知事件。
CheckPermission,,检查权限,用于检查某个用户或角色是否拥有执行特定操作的权限。
PromotionStateChangeEventPayload,PromotionStateChangeEventPayload generic structure,促销活动状态变更事件数据,促销活动状态变更事件所携带的具体数据内容。
PromotionStateChangeEvent,,促销活动状态变更事件,当一个促销活动的状态发生变化时，系统发出的通知事件。
PromotionPattern,Detailed pattern of the promotion.The pattern decides the conditions of promotion and the benefit of the promotion to be given to the eligible customer.,促销模式,定义了促销活动的详细规则：“如果”满足什么条件（Criteria），“那么”就执行什么动作（Action）。
PromotionDeleteEventPayload,PromotionDeleteEventPayload generic structure,促销活动删除事件数据,促销活动删除事件所携带的具体数据内容。
PromotionDeleteEvent,,促销活动删除事件,当一个促销活动被删除时，系统发出的通知事件。
PromotionCriteriaGroup,"Set of group criteria to promotion. Fulfilling these criteria, parties will receice benefits",促销标准组,一组必须同时满足的促销条件。
PromotionCriteria,Set of criteria to be followed by all parties.,促销标准,参与方需要满足的单个促销条件，例如“消费满100元”。
PromotionCreateEventPayload,PromotionCreateEventPayload generic structure,促销活动创建事件数据,促销活动创建事件所携带的具体数据内容。
PromotionCreateEvent,,促销活动创建事件,当一个促销活动被创建时，系统发出的通知事件。
PromotionAttributeValueChangeEventPayload,PromotionAttributeValueChangeEventPayload generic structure,促销活动属性值变更事件数据,促销活动属性值变更事件所携带的具体数据内容。
PromotionAttributeValueChangeEvent,,促销活动属性值变更事件,当一个促销活动的属性值发生变化时，系统发出的通知事件。
PermissionSpecification,,权限规约,定义一个具体权限的模板，描述该权限的名称、范围和约束。
PermissionSet_RES,Response object for PermissionSet,权限集响应,对权限集（PermissionSet）请求的响应对象。
PermissionSetDeleteEventPayload,PermissionSetDeleteEventPayload generic structure,权限集删除事件数据,权限集删除事件所携带的具体数据内容。
PermissionSetDeleteEvent,,权限集删除事件,当一个权限集被删除时，系统发出的通知事件。
PermissionSetCreateEventPayload,PermissionSetCreateEventPayload generic structure,权限集创建事件数据,权限集创建事件所携带的具体数据内容。
PermissionSetCreateEvent,,权限集创建事件,当一个权限集被创建时，系统发出的通知事件。
PermissionSetAttributeValueChangeEventPayload,PermissionSetAttributeValueChangeEventPayload generic structure,权限集属性值变更事件数据,权限集属性值变更事件所携带的具体数据内容。
PermissionSetAttributeValueChangeEvent,,权限集属性值变更事件,当一个权限集的属性值发生变化时，系统发出的通知事件。
PermissionSet,,权限集,一组权限的集合，可以方便地赋给某个角色。
Permission,,权限,描述一个允许执行的、单一的原子操作。
ListAssetGroup,,列表资产组,一种资产组，通过明确列出其成员的方式来定义。
JSONPathAssetGroup,,JSON路径资产组,一种资产组，通过JSONPath查询表达式来动态定义其成员。
FilterAssetGroup,,过滤资产组,一种资产组，通过一组过滤条件来定义其成员。
CheckPermission_RES,Response object for CheckPermission,检查权限响应,对检查权限（CheckPermission）请求的响应对象。
CheckPermissionStateChangeEventPayload,CheckPermissionStateChangeEventPayload generic structure,检查权限状态变更事件数据,检查权限状态变更事件所携带的具体数据内容。
CheckPermissionStateChangeEvent,,检查权限状态变更事件,当一个检查权限请求的状态发生变化时，系统发出的通知事件。
PermissionSpecificationSet_RES,Response object for PermissionSpecificationSet,权限规约集响应,对权限规约集（PermissionSpecificationSet）请求的响应对象。
PermissionSpecificationSetDeleteEventPayload,PermissionSpecificationSetDeleteEventPayload generic structure,权限规约集删除事件数据,权限规约集删除事件所携带的具体数据内容。
PermissionSpecificationSetDeleteEvent,,权限规约集删除事件,当一个权限规约集被删除时，系统发出的通知事件。
PermissionSpecificationSetCreateEventPayload,PermissionSpecificationSetCreateEventPayload generic structure,权限规约集创建事件数据,权限规约集创建事件所携带的具体数据内容。
PermissionSpecificationSetCreateEvent,,权限规约集创建事件,当一个权限规约集被创建时，系统发出的通知事件。
PermissionSpecificationSetAttributeValueChangeEventPayload,PermissionSpecificationSetAttributeValueChangeEventPayload generic structure,权限规约集属性值变更事件数据,权限规约集属性值变更事件所携带的具体数据内容。
PermissionSpecificationSetAttributeValueChangeEvent,,权限规约集属性值变更事件,当一个权限规约集的属性值发生变化时，系统发出的通知事件。
PermissionSpecificationSet,,权限规约集,一组权限规约的集合，可以方便地赋给某个角色规约。
PermissionSpecificationRefOrValue,"Related Entity reference. A related PermissionSpecification defines a PermissionSpecification described by reference or by value linked to a specific entity. The polymorphic attributes @type, @schemaLocation & @referredType are related to the PermissionSpecification entity and not the PermissionSpecificationRefOrValue class itself",权限规约引用或值,一个灵活的模型，既可以包含一个完整的权限规约信息，也可以只包含对一个已存在规约的引用。
PermissionSpecificationRef,"A PermissionSpecificationRef defines a permissible action (e.g. read, write) on some function, where a function can be an entity class name or some specific functionality.",权限规约引用,用于简要引用一个权限规约（模板）。
PermissionSpecificationDeleteEventPayload,PermissionSpecificationDeleteEventPayload generic structure,权限规约删除事件数据,权限规约删除事件所携带的具体数据内容。
PermissionSpecificationDeleteEvent,,权限规约删除事件,当一个权限规约被删除时，系统发出的通知事件。
PermissionSpecificationCreateEventPayload,PermissionSpecificationCreateEventPayload generic structure,权限规约创建事件数据,权限规约创建事件所携带的具体数据内容。
PermissionSpecificationCreateEvent,,权限规约创建事件,当一个权限规约被创建时，系统发出的通知事件。
PermissionSpecificationAttributeValueChangeEventPayload,PermissionSpecificationAttributeValueChangeEventPayload generic structure,权限规约属性值变更事件数据,权限规约属性值变更事件所携带的具体数据内容。
PermissionSpecificationAttributeValueChangeEvent,,权限规约属性值变更事件,当一个权限规约的属性值发生变化时，系统发出的通知事件。
GeographicSiteCreateEvent,,地理站点创建事件,当一个地理站点被创建时，系统发出的通知事件。
GeographicSiteAttributeValueChangeEventPayload,GeographicSiteAttributeValueChangeEventPayload generic structure,地理站点属性值变更事件数据,地理站点属性值变更事件所携带的具体数据内容。
GeographicSiteAttributeValueChangeEvent,,地理站点属性值变更事件,当一个地理站点的属性值发生变化时，系统发出的通知事件。
OpenGatewayProductOfferingAttributeValueChangeEventPayload,OpenGatewayProductOfferingAttributeValueChangeEventPayload,OGW产品目录属性值变更事件数据,Open Gateway产品目录属性值变更事件所携带的具体数据内容。
GeographicAddressValidationStateChangeEventPayload,GeographicAddressValidationStateChangeEventPayload generic structure,地理地址验证状态变更事件数据,地理地址验证状态变更事件所携带的具体数据内容。
GeographicAddressValidationStateChangeEvent,,地理地址验证状态变更事件,当一个地理地址验证请求的状态发生变化时，系统发出的通知事件。
GeographicAddressValidation,,地理地址验证,用于验证一个地理地址是否真实、准确、有效的操作请求。
GeographicAddressDeleteEventPayload,GeographicAddressDeleteEventPayload generic structure,地理地址删除事件数据,地理地址删除事件所携带的具体数据内容。
GeographicAddressDeleteEvent,,地理地址删除事件,当一个地理地址被删除时，系统发出的通知事件。
GeographicAddressCreateEventPayload,GeographicAddressCreateEventPayload generic structure,地理地址创建事件数据,地理地址创建事件所携带的具体数据内容。
GeographicAddressCreateEvent,,地理地址创建事件,当一个地理地址被创建时，系统发出的通知事件。
GeographicAddressAttributeValueChangeEventPayload,GeographicAddressAttributeValueChangeEventPayload generic structure,地理地址属性值变更事件数据,地理地址属性值变更事件所携带的具体数据内容。
GeographicAddressAttributeValueChangeEvent,,地理地址属性值变更事件,当一个地理地址的属性值发生变化时，系统发出的通知事件。
AlternateGeographicAddressValidation,,备选地理地址验证,当地址验证失败时，系统推荐的备选或修正后的地址建议。
SetAssetGroup,,集合资产组,一种资产组，通过数学集合的方式来定义其成员。
PermissionSpecification_RES,Response object for PermissionSpecification,权限规约响应,对权限规约（PermissionSpecification）请求的响应对象。
UsageConsumptionProductRef,,用量消耗产品引用,用于简要引用一个代表用量消耗的产品。
UsageVolumeProductSpecification,Specification for the Usage Volume Product.,用量产品规格,代表一定用量（如流量包）的产品的规格或模板。
QueryUsageConsumptionStateChangeEventPayload,QueryUsageConsumptionStateChangeEventPayload generic structure,查询用量消耗状态变更事件数据,查询用量消耗状态变更事件所携带的具体数据内容。
QueryUsageConsumptionStateChangeEvent,,查询用量消耗状态变更事件,当一个查询用量消耗请求的状态发生变化时，系统发出的通知事件。
QueryUsageConsumptionDeleteEventPayload,QueryUsageConsumptionDeleteEventPayload generic structure,查询用量消耗删除事件数据,查询用量消耗删除事件所携带的具体数据内容。
QueryUsageConsumptionDeleteEvent,,查询用量消耗删除事件,当一个查询用量消耗请求被删除时，系统发出的通知事件。
QueryUsageConsumptionCreateEventPayload,QueryUsageConsumptionCreateEventPayload generic structure,查询用量消耗创建事件数据,查询用量消耗创建事件所携带的具体数据内容。
QueryUsageConsumptionCreateEvent,,查询用量消耗创建事件,当一个查询用量消耗请求被创建时，系统发出的通知事件。
QueryUsageConsumption_RES,Response object for QueryUsageConsumption,查询用量消耗响应,对查询用量消耗（QueryUsageConsumption）请求的响应对象。
QueryUsageConsumption,,查询用量消耗,用于查询指定账户或用户的用量消耗数据的操作请求。
ConsumptionSummary,"The consumption counters (called ConsumptionSummary in the SID model) detail, for example, the different kinds of usage consumption.",消耗摘要,对不同类型的用量消耗的汇总信息。
GeographicSiteStatusChangeEventPayload,GeographicSiteStatusChangeEventPayload generic structure,地理站点状态变更事件数据,地理站点状态变更事件所携带的具体数据内容。
GeographicSiteStatusChangeEvent,,地理站点状态变更事件,当一个地理站点的状态发生变化时，系统发出的通知事件。
GeographicSiteDeleteEventPayload,GeographicSiteDeleteEventPayload generic structure,地理站点删除事件数据,地理站点删除事件所携带的具体数据内容。
GeographicSiteDeleteEvent,,地理站点删除事件,当一个地理站点被删除时，系统发出的通知事件。
GeographicSiteCreateEventPayload,GeographicSiteCreateEventPayload generic structure,地理站点创建事件数据,地理站点创建事件所携带的具体数据内容。
CustomerBillOnDemand,,按需客户账单,在常规计费周期之外，根据客户请求生成的账单。
CustomerBillCreateEventPayload,CustomerBillCreateEventPayload generic structure,客户账单创建事件数据,客户账单创建事件所携带的具体数据内容。
CustomerBillCreateEvent,,客户账单创建事件,当一个客户账单被创建时，系统发出的通知事件。
CustomerBill,,客户账单,向客户提供的、关于其产品和服务消费的正式费用清单。
BillCycleSpecificationRef,,计费周期规约引用,用于简要引用一个计费周期规约（模板）。
BillCycleRef,,计费周期引用,用于简要引用一个具体的计费周期实例。
BillCycle,,计费周期,一个具体的计费周期实例，例如“2025年9月账期”。
AppliedPayment,The applied payment is the result of lettering process. It enables to assign automatically or manually part of incoming payment amount to a bill.,已应用付款,记录一笔付款与账单或费用项进行核销匹配的结果。
AppliedCustomerBillingRate,,已应用客户计费费率,记录在计费过程中实际应用到客户账单上的费率。
AppliedBillingTaxRate,,已应用计费税率,记录在计费过程中实际应用到账单上的税率。
UsageConsumptionReportDeleteEventPayload,UsageConsumptionReportDeleteEventPayload generic structure,用量消耗报告删除事件数据,用量消耗报告删除事件所携带的具体数据内容。
UsageConsumptionReportDeleteEvent,,用量消耗报告删除事件,当一个用量消耗报告被删除时，系统发出的通知事件。
UsageConsumptionReportCreateEventPayload,UsageConsumptionReportCreateEventPayload generic structure,用量消耗报告创建事件数据,用量消耗报告创建事件所携带的具体数据内容。
UsageConsumptionReportCreateEvent,,用量消耗报告创建事件,当一个用量消耗报告被创建时，系统发出的通知事件。
UsageConsumptionReport_RES,Response object for UsageConsumptionReport,用量消耗报告响应,对用量消耗报告（UsageConsumptionReport）请求的响应对象。
UsageConsumptionReport,,用量消耗报告,详细记录特定时间段内用量消耗情况的报告。
CheckProductOfferingQualificationCreateEventPayload,CheckProductOfferingQualificationCreateEventPayload,检查产品可提供性资格创建事件数据,检查产品可提供性资格创建事件所携带的具体数据内容。
CheckProductOfferingQualificationCreateEvent,,检查产品可提供性资格创建事件,当一个检查产品可提供性资格的请求被创建时，系统发出的通知事件。
CheckProductOfferingQualificationAttributeValueChangePayload,CheckProductOfferingQualificationAttributeValueChangePayload generic structure,检查产品可提供性资格属性值变更事件数据,检查产品可提供性资格属性值变更事件所携带的具体数据内容。
CheckProductOfferingQualificationAttributeValueChangeEvent,,检查产品可提供性资格属性值变更事件,当一个检查产品可提供性资格请求的属性值发生变化时，系统发出的通知事件。
CheckProductOfferingQualification,,检查产品可提供性资格,（同步）检查某个产品目录是否能在特定条件下（如地点）提供给客户。
AlternateProductOfferingProposal,,备选产品建议,当客户请求的产品无法提供时，系统推荐的替代产品方案。
OpenGatewayProductOfferingDeleteEvent,,OGW产品目录删除事件,当一个Open Gateway产品目录被删除时，系统发出的通知事件。
CustomerBillStateChangeEventPayload,CustomerBillStateChangeEventPayload generic structure,客户账单状态变更事件数据,客户账单状态变更事件所携带的具体数据内容。
CustomerBillStateChangeEvent,,客户账单状态变更事件,当一个客户账单的状态发生变化时，系统发出的通知事件。
CustomerBillRunType,Recommended Enumeration Type (not formal forced in standard): Valid values for the runType of a bill. The bill could be produced in a regular bill cycle 'onCycle'. Otherwise the bill is produced on a request (e.g. customer request). This could be indicated by 'offCycle',客户账单生成类型,定义账单的生成方式：onCycle（周期性）或offCycle（按需）。
OpenGatewayProductRelationship,,OGW产品关系,Open Gateway产品之间的关系。
CustomerBillOnDemandStateType,"Recommended Enumeration Type (not formal forced in standard): Valid values for 'CustomerBillOnDemand': 'inProgress', 'rejected', 'done', 'terminatedWithError'",按需客户账单状态类型,定义了按需客户账单的生命周期状态，如“处理中”、“已完成”等。
CustomerBillOnDemandStateChangeEventPayload,CustomerBillOnDemandStateChangeEventPayload generic structure,按需客户账单状态变更事件数据,按需客户账单状态变更事件所携带的具体数据内容。
CustomerBillOnDemandStateChangeEvent,,按需客户账单状态变更事件,当一个按需客户账单的状态发生变化时，系统发出的通知事件。
CustomerBillOnDemandCreateEventPayload,CustomerBillOnDemandCreateEventPayload generic structure,按需客户账单创建事件数据,按需客户账单创建事件所携带的具体数据内容。
CustomerBillOnDemandCreateEvent,,按需客户账单创建事件,当一个按需客户账单请求被创建时，系统发出的通知事件。
QueryProductOfferingQualificationStateChangeEvent,,查询产品可提供性资格状态变更事件,当一个（异步）查询产品可提供性资格请求的状态发生变化时，系统发出的通知事件。
QueryProductOfferingQualificationItem,,查询产品可提供性资格项,（异步）查询产品可提供性资格请求中的一个具体查询项目。
QueryProductOfferingQualificationDeleteEventPayload,QueryProductOfferingQualification Delete event,查询产品可提供性资格删除事件数据,查询产品可提供性资格删除事件所携带的具体数据内容。
QueryProductOfferingQualificationDeleteEvent,,查询产品可提供性资格删除事件,当一个（异步）查询产品可提供性资格请求被删除时，系统发出的通知事件。
QueryProductOfferingQualificationCreateEventPayload,QueryProductOfferingQualificationCreateEventPayload,查询产品可提供性资格创建事件数据,查询产品可提供性资格创建事件所携带的具体数据内容。
QueryProductOfferingQualificationCreateEvent,,查询产品可提供性资格创建事件,当一个（异步）查询产品可提供性资格的请求被创建时，系统发出的通知事件。
QueryProductOfferingQualificationAttributeValueChangePayload,QueryProductOfferingQualificationAttributeValueChangePayload generic structure,查询产品可提供性资格属性值变更事件数据,查询产品可提供性资格属性值变更事件所携带的具体数据内容。
QueryProductOfferingQualificationAttributeValueChangeEvent,,查询产品可提供性资格属性值变更事件,当一个（异步）查询产品可提供性资格请求的属性值发生变化时，系统发出的通知事件。
QueryProductOfferingQualification,,查询产品可提供性资格,（异步）查询某个产品目录是否能在特定条件下提供，通常用于更复杂的场景。
PromotionRef,"Promotion reference. Promotion Resource is used to provide the additional discount, voucher, bonus or gift to the customer who meets the pre-defined criteria. Using promotion, the enterprise is able to attract the users and encourage more consumption, especially continuous purchases.",促销活动引用,用于简要引用一个促销活动。
ProductOfferingQualificationItemRelationship,,产品可提供性资格项关系,描述产品可提供性资格查询请求中不同查询项之间的关系。
CheckProductOfferingQualificationStateChangeEventPayload,CheckProductOfferingQualificationStateChangeEventPayload generic structure,检查产品可提供性资格状态变更事件数据,检查产品可提供性资格状态变更事件所携带的具体数据内容。
CheckProductOfferingQualificationStateChangeEvent,,检查产品可提供性资格状态变更事件,当一个检查产品可提供性资格请求的状态发生变化时，系统发出的通知事件。
CheckProductOfferingQualificationItem,,检查产品可提供性资格项,（同步）检查产品可提供性资格请求中的一个具体查询项目。
CheckProductOfferingQualificationDeleteEventPayload,CheckProductOfferingQualification Delete,检查产品可提供性资格删除事件数据,检查产品可提供性资格删除事件所携带的具体数据内容。
CheckProductOfferingQualificationDeleteEvent,,检查产品可提供性资格删除事件,当一个检查产品可提供性资格的请求被删除时，系统发出的通知事件。
AvailabilityCheck,,可用性检查,用于检查某个资源、服务或产品是否可用的通用操作。
ApplicableTimePeriod,,适用时间段,定义了某个规则、价格或配置生效的时间范围。
PartyInteractionStatusExampleType,"Possible values for the status of party interaction (for example: open,inProgress,completed)",参与方交互状态类型,定义了参与方交互记录的生命周期状态，例如“开启”、“进行中”、“已完成”。
PartyInteractionStatusChangePayload,PartyInteractionStatusChangePayload generic structure,参与方交互状态变更事件数据,参与方交互状态变更事件所携带的具体数据内容。
PartyInteractionStatusChange,,参与方交互状态变更事件,当一个参与方交互的状态发生变化时，系统发出的通知事件。
PartyInteractionDeleteEventPayload,PartyInteractionDeleteEventPayload generic structure,参与方交互删除事件数据,参与方交互删除事件所携带的具体数据内容。
PartyInteractionDeleteEvent,,参与方交互删除事件,当一个参与方交互记录被删除时，系统发出的通知事件。
PartyInteractionCreateEventPayload,PartyInteractionCreateEventPayload generic structure,参与方交互创建事件数据,参与方交互创建事件所携带的具体数据内容。
PartyInteractionCreateEvent,,参与方交互创建事件,当一个参与方交互记录被创建时，系统发出的通知事件。
PartyInteractionAttributeValueChangeEventPayload,PartyInteractionAttributeValueChangeEventPayload generic structure,参与方交互属性值变更事件数据,参与方交互属性值变更事件所携带的具体数据内容。
PartyInteractionAttributeValueChangeEvent,,参与方交互属性值变更事件,当一个参与方交互记录的属性值发生变化时，系统发出的通知事件。
PartyInteraction,,参与方交互,记录一次与参与方（如客户）的交互事件，例如一次电话、一封邮件或一次到店访问。
InteractionRelationship,,交互关系,描述不同交互记录之间的关系，例如一个交互是另一个的后续跟进。
InteractionItemRelationship,,交互项关系,描述同一次交互中不同交互项之间的关系。
InteractionItem,,交互项,一次交互中所涉及的具体项目或议题。
QueryProductOfferingQualificationStateChangeEventPayload,QueryProductOfferingQualificationStateChangeEventPayload generic structure,查询产品可提供性资格状态变更事件数据,（异步）查询产品可提供性资格请求的状态变更事件所携带的具体数据内容。
CapacityStatus,An indicator that specifies whether the capacity is planned or actual.,容量状态,表明容量是“计划中”的容量还是“实际”的容量。
CapacitySpecificationRef,"CapacitySpecification reference, for when CapacitySpecification is used by other entities.",容量规约引用,用于简要引用一个容量规约（模板）。
CapacitySpecificationDeleteEventPayload,CapacitySpecificationDeleteEventPayload generic structure,容量规约删除事件数据,容量规约删除事件所携带的具体数据内容。
CapacitySpecificationDeleteEvent,,容量规约删除事件,当一个容量规约被删除时，系统发出的通知事件。
CapacitySpecificationCreateEventPayload,CapacitySpecificationCreateEventPayload generic structure,容量规约创建事件数据,容量规约创建事件所携带的具体数据内容。
CapacitySpecificationCreateEvent,,容量规约创建事件,当一个容量规约被创建时，系统发出的通知事件。
CapacitySpecificationAttributeValueChangeEventPayload,CapacitySpecificationAttributeValueChangeEventPayload generic structure,容量规约属性值变更事件数据,容量规约属性值变更事件所携带的具体数据内容。
CapacitySpecificationAttributeValueChangeEvent,,容量规约属性值变更事件,当一个容量规约的属性值发生变化时，系统发出的通知事件。
CapacitySpecification,,容量规约,定义一类容量的模板，描述其通用属性和规则，例如带宽容量、存储容量。
Capacity,,容量,表示一个资源的承载能力，例如网络带宽、服务器存储空间等。
AvailabilityCheckStateChangeEventPayload,AvailabilityCheckStateChangeEventPayload generic structure,可用性检查状态变更事件数据,可用性检查状态变更事件所携带的具体数据内容。
AvailabilityCheckStateChangeEvent,,可用性检查状态变更事件,当一个可用性检查请求的状态发生变化时，系统发出的通知事件。
AvailabilityCheckDeleteEventPayload,AvailabilityCheckDeleteEventPayload generic structure,可用性检查删除事件数据,可用性检查删除事件所携带的具体数据内容。
AvailabilityCheckDeleteEvent,,可用性检查删除事件,当一个可用性检查请求被删除时，系统发出的通知事件。
AvailabilityCheckCreateEventPayload,AvailabilityCheckCreateEventPayload generic structure,可用性检查创建事件数据,可用性检查创建事件所携带的具体数据内容。
AvailabilityCheckCreateEvent,,可用性检查创建事件,当一个可用性检查请求被创建时，系统发出的通知事件。
ResourcePoolAttributeValueChangeEvent,,资源池属性值变更事件,当一个资源池的属性值发生变化时，系统发出的通知事件。
ResourcePool,,资源池,将一组同类资源（如IP地址、端口）汇集在一起进行统一管理和分配的集合。
PushStateChangeEventPayload,PushStateChangeEventPayload generic structure,推送任务状态变更事件数据,推送任务状态变更事件所携带的具体数据内容。
PushStateChangeEvent,,推送任务状态变更事件,当一个数据推送任务的状态发生变化时，系统发出的通知事件。
PushDeleteEventPayload,PushDeleteEventPayload generic structure,推送任务删除事件数据,推送任务删除事件所携带的具体数据内容。
PushDeleteEvent,,推送任务删除事件,当一个数据推送任务被删除时，系统发出的通知事件。
PushCreateEventPayload,PushCreateEventPayload generic structure,推送任务创建事件数据,推送任务创建事件所携带的具体数据内容。
PushCreateEvent,,推送任务创建事件,当一个数据推送任务被创建时，系统发出的通知事件。
Push,,推送任务,定义一个将数据从源系统推送到目标系统的任务。
ExtractStateChangeEventPayload,ExtractStateChangeEventPayload generic structure,提取任务状态变更事件数据,提取任务状态变更事件所携带的具体数据内容。
ExtractStateChangeEvent,,提取任务状态变更事件,当一个数据提取任务的状态发生变化时，系统发出的通知事件。
ExtractDeleteEventPayload,ExtractDeleteEventPayload generic structure,提取任务删除事件数据,提取任务删除事件所携带的具体数据内容。
ExtractDeleteEvent,,提取任务删除事件,当一个数据提取任务被删除时，系统发出的通知事件。
ExtractCreateEventPayload,ExtractCreateEventPayload generic structure,提取任务创建事件数据,提取任务创建事件所携带的具体数据内容。
ExtractCreateEvent,,提取任务创建事件,当一个数据提取任务被创建时，系统发出的通知事件。
Extract,,提取任务,定义一个从源系统中提取数据的任务。
ResourcePoolStatusChangeEventPayload,ResourcePoolStatusChangeEventPayload generic structure,资源池状态变更事件数据,资源池状态变更事件所携带的具体数据内容。
ResourcePoolStatusChangeEvent,,资源池状态变更事件,当一个资源池的状态发生变化时，系统发出的通知事件。
ResourcePoolSpecificationStatusChangeEventPayload,ResourcePoolSpecificationStatusChangeEventPayload generic structure,资源池规约状态变更事件数据,资源池规约状态变更事件所携带的具体数据内容。
ResourcePoolSpecificationStatusChangeEvent,,资源池规约状态变更事件,当一个资源池规约的状态发生变化时，系统发出的通知事件。
ResourcePoolSpecificationDeleteEventPayload,ResourcePoolSpecificationDeleteEventPayload generic structure,资源池规约删除事件数据,资源池规约删除事件所携带的具体数据内容。
ResourcePoolSpecificationDeleteEvent,,资源池规约删除事件,当一个资源池规约被删除时，系统发出的通知事件。
ResourcePoolSpecificationCreateEventPayload,ResourcePoolSpecificationCreateEventPayload generic structure,资源池规约创建事件数据,资源池规约创建事件所携带的具体数据内容。
ResourcePoolSpecificationCreateEvent,,资源池规约创建事件,当一个资源池规约被创建时，系统发出的通知事件。
ResourcePoolSpecificationAttributeValueChangeEventPayload,ResourcePoolSpecificationAttributeValueChangeEventPayload generic structure,资源池规约属性值变更事件数据,资源池规约属性值变更事件所携带的具体数据内容。
ResourcePoolSpecificationAttributeValueChangeEvent,,资源池规约属性值变更事件,当一个资源池规约的属性值发生变化时，系统发出的通知事件。
ResourcePoolSpecification,,资源池规约,资源池的模板或蓝图，定义了池中资源的类型、容量和管理策略。
ResourcePoolDeleteEventPayload,ResourcePoolDeleteEventPayload generic structure,资源池删除事件数据,资源池删除事件所携带的具体数据内容。
ResourcePoolDeleteEvent,,资源池删除事件,当一个资源池被删除时，系统发出的通知事件。
ResourcePoolCreateEventPayload,ResourcePoolCreateEventPayload generic structure,资源池创建事件数据,资源池创建事件所携带的具体数据内容。
ResourcePoolCreateEvent,,资源池创建事件,当一个资源池被创建时，系统发出的通知事件。
ResourcePoolAttributeValueChangeEventPayload,ResourcePoolAttributeValueChangeEventPayload generic structure,资源池属性值变更事件数据,资源池属性值变更事件所携带的具体数据内容。
PartyRoleRiskAssessmentStatusChangeEventPayload,PartyRoleRiskAssessmentStatusChangeEventPayload generic structure,参与方角色风险评估状态变更事件数据,参与方角色风险评估状态变更事件所携带的具体数据内容。
PartyRoleRiskAssessmentStatusChangeEvent,,参与方角色风险评估状态变更事件,当一个参与方角色风险评估的状态发生变化时，系统发出的通知事件。
PartyRoleRiskAssessmentDeleteEventPayload,PartyRoleRiskAssessmentDeleteEventPayload generic structure,参与方角色风险评估删除事件数据,参与方角色风险评估删除事件所携带的具体数据内容。
PartyRoleRiskAssessmentDeleteEvent,,参与方角色风险评估删除事件,当一个参与方角色风险评估被删除时，系统发出的通知事件。
PartyRoleRiskAssessmentCreateEventPayload,PartyRoleRiskAssessmentCreateEventPayload generic structure,参与方角色风险评估创建事件数据,参与方角色风险评估创建事件所携带的具体数据内容。
PartyRoleRiskAssessmentCreateEvent,,参与方角色风险评估创建事件,当一个参与方角色风险评估被创建时，系统发出的通知事件。
PartyRoleRiskAssessment,,参与方角色风险评估,对某个参与方角色（如新客户）进行的风险评估。
PartyRoleProductOfferingRiskAssessmentStatusChangeEventPayload,PartyRoleProductOfferingRiskAssessmentStatusChangeEventPayload generic structure,参与方角色产品目录风险评估状态变更事件数据,参与方角色产品目录风险评估状态变更事件所携带的具体数据内容。
PartyRoleProductOfferingRiskAssessmentStatusChangeEvent,,参与方角色产品目录风险评估状态变更事件,当一个参与方角色产品目录风险评估的状态发生变化时，系统发出的通知事件。
PartyRoleProductOfferingRiskAssessmentDeleteEventPayload,PartyRoleProductOfferingRiskAssessmentDeleteEventPayload generic structure,参与方角色产品目录风险评估删除事件数据,参与方角色产品目录风险评估删除事件所携带的具体数据内容。
PartyRoleProductOfferingRiskAssessmentDeleteEvent,,参与方角色产品目录风险评估删除事件,当一个参与方角色产品目录风险评估被删除时，系统发出的通知事件。
PartyRoleProductOfferingRiskAssessmentCreateEventPayload,PartyRoleProductOfferingRiskAssessmentCreateEventPayload generic structure,参与方角色产品目录风险评估创建事件数据,参与方角色产品目录风险评估创建事件所携带的具体数据内容。
PartyRoleProductOfferingRiskAssessmentCreateEvent,,参与方角色产品目录风险评估创建事件,当一个参与方角色产品目录风险评估被创建时，系统发出的通知事件。
PartyRoleProductOfferingRiskAssessment,,参与方角色产品目录风险评估,针对某个参与方角色与特定产品目录的交互进行的风险评估。
Userinfo,,用户信息,包含已认证用户的基本信息，通常遵循OpenID Connect标准。
PermissionSetRef,"Permission Reference. The PermissionSet is a set of Permissions granted to a user (party, party role or resource). The set may be granted explicitly by an authorized user or may be acquired implicitly due to the role that the user is playing.",权限集引用,用于简要引用一个授予用户或角色的权限集合。
RiskAssessmentResult,,风险评估结果,风险评估的最终产出，通常包括风险等级、评分和建议。
RiskAssessment,,风险评估,识别、分析和评估潜在风险的过程或记录。
ProductOrderRiskAssessmentStatusChangeEventPayload,ProductOrderRiskAssessmentStatusChangeEventPayload generic structure,产品订单风险评估状态变更事件数据,产品订单风险评估状态变更事件所携带的具体数据内容。
ProductOrderRiskAssessmentStatusChangeEvent,,产品订单风险评估状态变更事件,当一个产品订单风险评估的状态发生变化时，系统发出的通知事件。
ProductOrderRiskAssessmentDeleteEventPayload,ProductOrderRiskAssessmentDeleteEventPayload generic structure,产品订单风险评估删除事件数据,产品订单风险评估删除事件所携带的具体数据内容。
ProductOrderRiskAssessmentDeleteEvent,,产品订单风险评估删除事件,当一个产品订单风险评估被删除时，系统发出的通知事件。
ProductOrderRiskAssessmentCreateEventPayload,ProductOrderRiskAssessmentCreateEventPayload generic structure,产品订单风险评估创建事件数据,产品订单风险评估创建事件所携带的具体数据内容。
ProductOrderRiskAssessmentCreateEvent,,产品订单风险评估创建事件,当一个产品订单风险评估被创建时，系统发出的通知事件。
ProductOrderRiskAssessment,,产品订单风险评估,对一个产品订单进行的风险评估，例如欺诈风险检测。
ProductOfferingRiskAssessmentStatusChangeEventPayload,ProductOfferingRiskAssessmentStatusChangeEventPayload generic structure,产品目录风险评估状态变更事件数据,产品目录风险评估状态变更事件所携带的具体数据内容。
ProductOfferingRiskAssessmentStatusChangeEvent,,产品目录风险评估状态变更事件,当一个产品目录风险评估的状态发生变化时，系统发出的通知事件。
ProductOfferingRiskAssessmentDeleteEventPayload,ProductOfferingRiskAssessmentDeleteEventPayload generic structure,产品目录风险评估删除事件数据,产品目录风险评估删除事件所携带的具体数据内容。
ProductOfferingRiskAssessmentDeleteEvent,,产品目录风险评估删除事件,当一个产品目录风险评估被删除时，系统发出的通知事件。
ProductOfferingRiskAssessmentCreateEventPayload,ProductOfferingRiskAssessmentCreateEventPayload generic structure,产品目录风险评估创建事件数据,产品目录风险评估创建事件所携带的具体数据内容。
ProductOfferingRiskAssessmentCreateEvent,,产品目录风险评估创建事件,当一个产品目录风险评估被创建时，系统发出的通知事件。
ProductOfferingRiskAssessment,,产品目录风险评估,与特定可销售产品相关的风险评估。
CancelWorkOrderStateChangeEvent,,工单取消状态变更事件,当一个工单取消请求的状态发生变化时，系统发出的通知事件。
CancelWorkOrderInformationRequiredEventPayload,CancelWorkOrderInformationRequiredEventPayload,工单取消需要补充信息事件数据,工单取消流程需要补充信息事件所携带的具体数据内容。
CancelWorkOrderInformationRequiredEvent,,工单取消需要补充信息事件,当取消工单流程因缺少信息而暂停时，系统发出的通知事件。
CancelWorkOrderCreateEventPayload,CancelWorkOrderCreateEventPayload,工单取消创建事件数据,工单取消请求创建事件所携带的具体数据内容。
CancelWorkOrderCreateEvent,,工单取消创建事件,当一个取消工单的请求被创建时，系统发出的通知事件。
CancelWorkOrder,,取消工单,用于请求取消一个已下发的现场工单（Work Order）。
ShoppingCartRiskAssessmentStatusChangeEventPayload,ShoppingCartRiskAssessmentStatusChangeEventPayload generic structure,购物车风险评估状态变更事件数据,购物车风险评估状态变更事件所携带的具体数据内容。
ShoppingCartRiskAssessmentStatusChangeEvent,,购物车风险评估状态变更事件,当一个购物车风险评估的状态发生变化时，系统发出的通知事件。
ShoppingCartRiskAssessmentDeleteEventPayload,ShoppingCartRiskAssessmentDeleteEventPayload generic structure,购物车风险评估删除事件数据,购物车风险评估删除事件所携带的具体数据内容。
ShoppingCartRiskAssessmentDeleteEvent,,购物车风险评估删除事件,当一个购物车风险评估被删除时，系统发出的通知事件。
ShoppingCartRiskAssessmentCreateEventPayload,ShoppingCartRiskAssessmentCreateEventPayload generic structure,购物车风险评估创建事件数据,购物车风险评估创建事件所携带的具体数据内容。
ShoppingCartRiskAssessmentCreateEvent,,购物车风险评估创建事件,当一个购物车风险评估被创建时，系统发出的通知事件。
ShoppingCartRiskAssessment,,购物车风险评估,对购物车内容进行的风险评估，例如在结算前进行欺诈检测。
ShoppingCartRef,ShoppingCart (ShoppingCartRef) . The shopping cart which the recommendation is related with.,购物车引用,用于简要引用一个购物车。
RiskType,Types of risk that can be assessed,风险类型,对风险进行分类，例如“信用风险”、“欺诈风险”等。
RiskScore,,风险评分,风险评估后得出的量化分数。
WorkOrderStateChangeEvent,,工单状态变更事件,当一个工单的状态发生变化时，系统发出的通知事件。
WorkOrderRef,WorkOrder reference,工单引用,用于简要引用一个现场工单。
WorkOrderItemStateType,Possible values for the state of the order,工单项状态类型,定义了一个工单项在其生命周期中所处的各种状态。
WorkOrderItem,,工单项,现场工单中的一个具体任务或操作步骤。
WorkOrderCreateEventPayload,WorkOrderCreateEventPayload,工单创建事件数据,工单创建事件所携带的具体数据内容。
WorkOrderCreateEvent,,工单创建事件,当一个工单被创建时，系统发出的通知事件。
WorkOrderAttributeValueChangeEventPayload,WorkOrderAttributeValueChangeEventPayload,工单属性值变更事件数据,工单属性值变更事件所携带的具体数据内容。
WorkOrderAttributeValueChangeEvent,,工单属性值变更事件,当一个工单的属性值发生变化时，系统发出的通知事件。
WorkOrder,,(现场)工单,派发给现场技术人员执行具体任务（如安装、维修）的指令单，是服务订单的物理实现。
Work,,(工作)单元,构成工单的、一个独立的、需要被执行的工作任务。
TimeSlot,,时间槽,一个明确的、可预约的时间段，常用于现场服务预约。
RelatedWorkOrderItem,,关联工单项,描述工单中不同任务项之间的关系。
PriceType,"Describes the type of price (ex: oneTime, recurring, etc)",价格类型,描述价格的性质，例如oneTime（一次性）、recurring（周期性）或usage（按量）。
TargetProductOrderItemSchema,The reference object to the schema and type of target product order item which is described by product allowed action,目标产品订单项结构,描述目标产品订单项的结构（Schema）和类型（Type）。
OpenGatewayURLAttachment,,OGW URL附件,Open Gateway场景下的一种附件类型，其内容为一个URL。
CancelWorkOrderStateChangeEventPayload,CancelWorkOrderStateChangeEventPayload,工单取消状态变更事件数据,工单取消请求的状态变更事件所携带的具体数据内容。
GeographicSubAddressValue,,地理子地址值,一个完整的地理子地址信息（非引用）。
GeographicLocationValue,,地理位置值,一个完整的地理位置信息（非引用）。
GeographicAddressValue,,地理地址值,一个完整的地理地址信息（非引用）。
WorkforceEmployeeTravel,,员工差旅,记录现场服务人员为完成工单而出差或途中的相关信息。
WorkforceEmployeeAssignmentStateType,,员工派工状态类型,定义了员工派工单的生命周期状态。
WorkforceEmployeeAssignment,,员工派工,将某个员工指派到特定工单或任务的记录。
WorkStateType,,工作单元状态类型,定义了一个工作单元（Work）在其生命周期中所处的各种状态。
WorkSpecificationRefOrValue,"Related Entity reference. A related WorkSpecification defines a WorkSpecification described by reference or by value linked to a specific entity. The polymorphic attributes @type, @schemaLocation & @referredType are related to the WorkSpecification entity and not the WorkSpecificationRefOrValue class itself",工作单元规约引用或值,一个灵活的模型，既可以包含一个完整的工作单元规约，也可以只包含对一个已存在规约的引用。
WorkSpecificationRef,Work specification reference,工作单元规约引用,用于简要引用一个工作单元规约（模板）。
WorkSpecification,,工作单元规约,工作单元的模板或蓝图，定义了执行一项标准工作所需的人员、技能和物料。
WorkRelationship,,工作单元关系,描述不同工作单元之间的关系，例如依赖关系。
WorkRefOrValue,"A Unit of Work defined by value or existing defined by reference. The polymorphic attributes @type, @schemaLocation &amp; @referredType are related to the work entity and not the related WorkRefOrValue class itself",工作单元引用或值,一个灵活的模型，既可以包含一个完整的工作单元信息，也可以只包含对一个已存在工作单元的引用。
WorkRef,Unit of Work reference,工作单元引用,用于简要引用一个工作单元。
WorkPrice,,工作单元价格,描述完成一个工作单元所需的价格或成本。
WorkOrderStateType,Possible values for the state of the order,工单状态类型,定义了一个工单在其生命周期中所处的各种状态，如“已派发”、“进行中”、“已关闭”。
WorkOrderStateChangeEventPayload,WorkOrderStateChangeEventPayload generic structure,工单状态变更事件数据,工单状态变更事件所携带的具体数据内容。
SalesOpportunity,"An opportunity represents a confirmed interest on a product you plan to sale. Once the Opportunity is created, some salesTasks can be done by sales team members, in order to turn the opportunity into a sale ",销售机会,一个经过初步确认、有较高成交可能性的销售线索，销售团队会在此基础上跟进。
SalesLeadStateType,Valid values for the lifecycle state of a salesLead resource,销售线索状态类型,定义了销售线索的生命周期状态。
SalesLeadStateChangeEventPayload,SalesLeadStateChangeEventPayload generic structure,销售线索状态变更事件数据,销售线索状态变更事件所携带的具体数据内容。
SalesLeadStateChangeEvent,,销售线索状态变更事件,当一个销售线索的状态发生变化时，系统发出的通知事件。
SalesLeadRef,,销售线索引用,用于简要引用一个销售线索。
SalesLeadPriorityType,Urgency of working this salesLead,销售线索优先级,定义了跟进一个销售线索的紧急程度。
SalesLeadDeleteEventPayload,SalesLeadDeleteEventPayload generic structure,销售线索删除事件数据,销售线索删除事件所携带的具体数据内容。
SalesLeadDeleteEvent,,销售线索删除事件,当一个销售线索被删除时，系统发出的通知事件。
SalesLeadCreateEventPayload,SalesLeadCreateEventPayload generic structure,销售线索创建事件数据,销售线索创建事件所携带的具体数据内容。
SalesLeadCreateEvent,,销售线索创建事件,当一个销售线索被创建时，系统发出的通知事件。
SalesLeadAttributeValueChangeEventPayload,SalesLeadAttributeValueChangeEventPayload generic structure,销售线索属性值变更事件数据,销售线索属性值变更事件所携带的具体数据内容。
SalesLeadAttributeValueChangeEvent,,销售线索属性值变更事件,当一个销售线索的属性值发生变化时，系统发出的通知事件。
SalesLead,A Sales Lead is the identification of a person or organization that has an interest in the goods and/or services provided in the prospect of them becoming Customers with one or more Subscriptions.,销售线索,对产品或服务表现出兴趣的潜在客户（个人或组织）的初步信息记录。
RelatedPartyWithContactInfo,,带联系方式的关联方,一个关联方，其信息中包含了具体的联系方式。
ProductValue,,产品值,一个完整的产品实例信息（非引用）。
MarketingCampaignRef,MarketingCampaign reference. Marketing campaign represents the carrier-initiated marketing activity which aims at the better recognition about its brand and offerings by the market,营销活动引用,用于简要引用一个市场营销活动。
RelatedShipment,A related shipment addressable entity,关联货运,描述一个与当前实体相关的货运。
ProductStockRef,,产品库存引用,用于简要引用一个产品的库存记录。
SalesTaskRef,,销售任务引用,用于简要引用一个分配给销售人员的具体任务。
SalesOpportunityStateType,Valid values for the lifecycle state of a salesLead resource,销售机会状态类型,定义了销售机会的生命周期状态。
SalesOpportunityStateChangeEventPayload,SalesOpportunityStateChangeEventPayload generic structure,销售机会状态变更事件数据,销售机会状态变更事件所携带的具体数据内容。
SalesOpportunityStateChangeEvent,,销售机会状态变更事件,当一个销售机会的状态发生变化时，系统发出的通知事件。
SalesOpportunityRef,Sales Opportunity is an 'opportunity' to generate revenue from a Sales Account or Sales Lead. Opportunities are the pending deals that need to be tracked and on which Sales Team plans and executes Sales Activities (Events and Tasks). ,销售机会引用,用于简要引用一个销售机会。
SalesOpportunityPriorityType,Urgency of working this Sales Opportunity,销售机会优先级,定义了跟进一个销售机会的紧急程度。
SalesOpportunityItemStateType,Valid values for the lifecycle state of a salesLead resource,销售机会项状态类型,定义了销售机会中具体项目（产品）的生命周期状态。
SalesOpportunityItem,,销售机会项,销售机会中涉及的一个具体产品或服务。
SalesOpportunityDeleteEventPayload,SalesOpportunityDeleteEventPayload generic structure,销售机会删除事件数据,销售机会删除事件所携带的具体数据内容。
SalesOpportunityDeleteEvent,,销售机会删除事件,当一个销售机会被删除时，系统发出的通知事件。
SalesOpportunityCreateEventPayload,SalesOpportunityCreateEventPayload generic structure,销售机会创建事件数据,销售机会创建事件所携带的具体数据内容。
SalesOpportunityCreateEvent,,销售机会创建事件,当一个销售机会被创建时，系统发出的通知事件。
SalesOpportunityAttributeValueChangeEventPayload,SalesOpportunityAttributeValueChangeEventPayload generic structure,销售机会属性值变更事件数据,销售机会属性值变更事件所携带的具体数据内容。
SalesOpportunityAttributeValueChangeEvent,,销售机会属性值变更事件,当一个销售机会的属性值发生变化时，系统发出的通知事件。
ShippingOrderCreateEventPayload,ShippingOrderCreateEventPayload generic structure,发货单创建事件数据,发货单创建事件所携带的具体数据内容。
ShippingOrderCreateEvent,,发货单创建事件,当一个发货单被创建时，系统发出的通知事件。
ShippingOrderAttributeValueChangeEventPayload,ShippingOrderAttributeValueChangeEventPayload generic structure,发货单属性值变更事件数据,发货单属性值变更事件所携带的具体数据内容。
ShippingOrderAttributeValueChangeEvent,,发货单属性值变更事件,当一个发货单的属性值发生变化时，系统发出的通知事件。
ShippingOrder,,发货单,用于安排货物从源地运送到目的地的指令单。
ShippingInstruction,,发货指令,包含在发货单中的具体操作指示，例如“需冷藏”。
ShipmentTrackingRef,ShipmentTracking reference,货运跟踪引用,用于简要引用一个货运的跟踪信息（如快递单号）。
ShipmentSpecificationRelationship,,货运规约关系,描述不同货运规约（模板）之间的关系。
ShipmentSpecificationRefOrValue,"A shipment specification defined by value or existing defined by reference. The polymorphic attributes @type, @schemaLocation &amp; @referredType are related to the shipment specification entity and not the related ShipmentSpecificationRefOrValue class itself",货运规约引用或值,一个灵活的模型，既可以包含一个完整的货运规约，也可以只包含对一个已存在规约的引用。
ShipmentSpecificationRef,Shipment specification reference,货运规约引用,用于简要引用一个货运规约（模板）。
ShipmentSpecification,,货运规约,货运的模板或蓝图，定义了货运的类型、要求和标准流程。
ShipmentItemActionType,action to be performed on the shipment item,货运项操作类型,定义了对货运项可以执行的操作。
ShipmentItem,,货运项,一次货运中包含的一个具体物品。
Shipment,,货运,描述一次实际的货物运输活动。
ReserveProductStockRef,Product Stock Reservation reference,产品库存预留引用,用于简要引用一次产品库存的预留记录。
RelatedShippingOrder,,关联发货单,描述一个与当前实体相关的发货单。
ProcessFlowDeleteEventPayload,ProcessFlowDeleteEventPayload generic structure,流程删除事件数据,流程删除事件所携带的具体数据内容。
ProcessFlowDeleteEvent,,流程删除事件,当一个流程被删除时，系统发出的通知事件。
ProcessFlowCreateEventPayload,ProcessFlowCreateEventPayload generic structure,流程创建事件数据,流程创建事件所携带的具体数据内容。
ProcessFlowCreateEvent,,流程创建事件,当一个流程被创建时，系统发出的通知事件。
ProcessFlowAttributeValueChangeEventPayload,ProcessFlowAttributeValueChangeEventPayload generic structure,流程属性值变更事件数据,流程属性值变更事件所携带的具体数据内容。
ProcessFlowAttributeValueChangeEvent,,流程属性值变更事件,当一个流程的属性值发生变化时，系统发出的通知事件。
ProcessFlow,,流程,描述一个业务流程的步骤、顺序和逻辑。
TargetShipmentSchema,The reference object to the schema and type of target shipment which is described by shipment specification,目标货运结构,描述目标货运的结构（Schema）和类型（Type）。
SignatureRequiredByType,Possible values for the signature requirement upon receiving the shipment,签收要求类型,定义了货物签收时对签名的要求，例如“需要成人签名”。
ShippingOrderStateType,Possible values for the state of the order,发货单状态类型,定义了发货单在其生命周期中所处的各种状态。
ShippingOrderStateChangeEventPayload,ShippingOrderStateChangeEventPayload generic structure,发货单状态变更事件数据,发货单状态变更事件所携带的具体数据内容。
ShippingOrderStateChangeEvent,,发货单状态变更事件,当一个发货单的状态发生变化时，系统发出的通知事件。
ShippingOrderItemActionType,action to be performed on the shipping order item,发货单项操作类型,定义了对发货单中的项目可以执行的操作。
ShippingOrderItem,,发货单项,发货单中包含的一个具体的待运送物品。
ShippingOrderDeleteEventPayload,ShippingOrderDeleteEventPayload generic structure,发货单删除事件数据,发货单删除事件所携带的具体数据内容。
ShippingOrderDeleteEvent,,发货单删除事件,当一个发货单被删除时，系统发出的通知事件。
TaskFlowSpecificationRef,A reference to a TaskFlowSpecification defined design-time,任务流规约引用,用于简要引用一个预先定义好的任务流模板。
TaskFlowRelationship,Describes relationship between taskFlow,任务流关系,描述不同任务流之间的关系。
TaskFlowRef,,任务流引用,用于简要引用一个任务流。
TaskFlowInformationRequiredEventPayload,TaskFlowInformationRequiredEventPayload generic structure,任务流需要补充信息事件数据,任务流需要补充信息事件所携带的具体数据内容。
TaskFlowInformationRequiredEvent,,任务流需要补充信息事件,当任务流执行因缺少信息而暂停时，系统发出的通知事件。
TaskFlowDeleteEventPayload,TaskFlowDeleteEventPayload generic structure,任务流删除事件数据,任务流删除事件所携带的具体数据内容。
TaskFlowDeleteEvent,,任务流删除事件,当一个任务流被删除时，系统发出的通知事件。
TaskFlowCreateEventPayload,TaskFlowCreateEventPayload generic structure,任务流创建事件数据,任务流创建事件所携带的具体数据内容。
TaskFlowCreateEvent,,任务流创建事件,当一个任务流被创建时，系统发出的通知事件。
TaskFlowAttributeValueChangeEventPayload,TaskFlowAttributeValueChangeEventPayload generic structure,任务流属性值变更事件数据,任务流属性值变更事件所携带的具体数据内容。
TaskFlowAttributeValueChangeEvent,,任务流属性值变更事件,当一个任务流的属性值发生变化时，系统发出的通知事件。
TaskFlow,,任务流,构成一个业务流程的一系列自动化或人工任务的序列。
ProcessFlowStateType,Valid values for the lifecycle state of the processFlow,流程状态类型,定义了流程在其生命周期中所处的各种状态。
ProcessFlowStateChangeEventPayload,ProcessFlowStateChangeEventPayload generic structure,流程状态变更事件数据,流程状态变更事件所携带的具体数据内容。
ProcessFlowStateChangeEvent,,流程状态变更事件,当一个流程的状态发生变化时，系统发出的通知事件。
ProcessFlowSpecificationRef,A reference to a ProcessFlowSpecification defined design-time,流程规约引用,用于简要引用一个预先定义好的流程模板。
Customer360DeleteEvent,,客户360视图删除事件,当一个客户360视图被删除时，系统发出的通知事件。
Customer360CustomerVO,,客户360-客户基本信息,客户360视图中，用于展示客户基本信息的摘要部分。
Customer360CustomerBillVO,,客户360-客户账单,客户360视图中，用于展示客户账单信息的摘要部分。
Customer360CreateEventPayload,The event data structure,客户360视图创建事件数据,客户360视图创建事件所携带的具体数据内容。
Customer360CreateEvent,,客户360视图创建事件,当一个客户360视图被创建时，系统发出的通知事件。
Customer360AttributeValueChangeEventPayload,The event data structure,客户360视图属性值变更事件数据,客户360视图属性值变更事件所携带的具体数据内容。
Customer360AttributeValueChangeEvent,,客户360视图属性值变更事件,当一个客户360视图的属性值发生变化时，系统发出的通知事件。
Customer360AppointmentVO,,客户360-客户预约,客户360视图中，用于展示客户预约信息的摘要部分。
Customer360AgreementVO,,客户360-客户协议,客户360视图中，用于展示客户协议信息的摘要部分。
Customer360AccountVO,,客户360-客户账户,客户360视图中，用于展示客户账户信息的摘要部分。
Customer360,,客户360视图,聚合了客户所有相关信息（如订单、账单、交互）的一个全方位统一视图。
CalendarEventRef,Reference of a CalendarEvent,日历事件引用,用于简要引用一个日历中的事件。
AppointmentStateType,Valid values for the lifecycle state of the appointment,预约状态类型,定义了预约在其生命周期中所处的各种状态，例如“已确认”、“已取消”。
TaskFlowStateType,Valid values for the lifecycle state of the taskFlow,任务流状态类型,定义了任务流在其生命周期中所处的各种状态。
TaskFlowStateChangeEventPayload,TaskFlowStateChangeEventPayload generic structure,任务流状态变更事件数据,任务流状态变更事件所携带的具体数据内容。
TaskFlowStateChangeEvent,,任务流状态变更事件,当一个任务流的状态发生变化时，系统发出的通知事件。
CheckCredentialCreateEvent,,检查凭证创建事件,当一个检查凭证的请求被创建时，系统发出的通知事件。
CheckCredential_RES,Response object for CheckCredential,检查凭证响应,对检查凭证（CheckCredential）请求的响应对象。
CheckCredential,,检查凭证,用于验证一个用户凭证（如密码、令牌）是否有效的操作请求。
BiometricCredential,,生物特征凭证,一种凭证类型，使用生物特征进行认证，例如指纹、人脸识别。
LoyaltyAccountBalance,,忠诚度账户余额,描述忠诚度账户中的积分或里程余额。
Customer360TroubleTicketVO,,客户360-客户故障单,客户360视图中，用于展示客户故障单信息的摘要部分。
Customer360ServiceProblemVO,,客户360-服务问题,客户360视图中，用于展示与客户相关的服务问题信息的摘要部分。
Customer360RecommendationVO,,客户360-客户推荐,客户360视图中，用于展示向客户推荐的产品的摘要部分。
Customer360QuoteVO,,客户360-客户报价单,客户360视图中，用于展示客户报价单信息的摘要部分。
Customer360PromotionVO,,客户360-客户促销,客户360视图中，用于展示客户可参与的促销活动的摘要部分。
Customer360ProductVO,,客户360-客户产品,客户360视图中，用于展示客户已订购产品的摘要部分。
Customer360ProductOrderVO,,客户360-客户产品订单,客户360视图中，用于展示客户产品订单信息的摘要部分。
Customer360PaymentMethodVO,,客户360-客户支付方式,客户360视图中，用于展示客户支付方式信息的摘要部分。
Customer360PartyInteractionVO,,客户360-客户交互,客户360视图中，用于展示与客户交互记录的摘要部分。
Customer360LoyaltyAccountVO,,客户360-客户忠诚度账户,客户360视图中，用于展示客户忠诚度账户信息的摘要部分。
Customer360DeleteEventPayload,The event data structure,客户360视图删除事件数据,客户360视图删除事件所携带的具体数据内容。
DigitalIdentity,,数字身份,个人、组织或设备在网络世界中的数字化标识，用于交互和认证。
CredentialStateChangeEventPayload,CredentialStateChangeEventPayload generic structure,凭证状态变更事件数据,凭证状态变更事件所携带的具体数据内容。
CredentialStateChangeEvent,,凭证状态变更事件,当一个凭证的状态发生变化时，系统发出的通知事件。
CredentialRefOrValue,"The polymorphic attributes @type, @schemaLocation & @referredType are related to the Credential entity and not the CredentialRefOrValue class itself.",凭证引用或值,一个灵活的模型，既可以包含一个完整的凭证信息，也可以只包含对一个已存在凭证的引用。
CredentialRef,Credential reference.,凭证引用,用于简要引用一个凭证。
CredentialDeleteEventPayload,CredentialDeleteEventPayload generic structure,凭证删除事件数据,凭证删除事件所携带的具体数据内容。
CredentialDeleteEvent,,凭证删除事件,当一个凭证被删除时，系统发出的通知事件。
CredentialCreateEventPayload,CredentialCreateEventPayload generic structure,凭证创建事件数据,凭证创建事件所携带的具体数据内容。
CredentialCreateEvent,,凭证创建事件,当一个凭证被创建时，系统发出的通知事件。
CredentialAttributeValueChangeEventPayload,CredentialAttributeValueChangeEventPayload generic structure,凭证属性值变更事件数据,凭证属性值变更事件所携带的具体数据内容。
CredentialAttributeValueChangeEvent,,凭证属性值变更事件,当一个凭证的属性值发生变化时，系统发出的通知事件。
Credential_RES,Response object for Credential,凭证响应,对凭证（Credential）请求的响应对象。
Credential,,凭证,用于证明身份或权限的通用信息载体，如密码、令牌、证书等。
CheckCredentialStateChangeEventPayload,CheckCredentialStateChangeEventPayload generic structure,检查凭证状态变更事件数据,检查凭证状态变更事件所携带的具体数据内容。
CheckCredentialStateChangeEvent,,检查凭证状态变更事件,当一个检查凭证请求的状态发生变化时，系统发出的通知事件。
CheckCredentialCreateEventPayload,CheckCredentialCreateEventPayload generic structure,检查凭证创建事件数据,检查凭证创建事件所携带的具体数据内容。
ResourceRoleRef,,资源角色引用,用于简要引用一个资源所扮演的角色。
RelatedSecurityPrincipalRef,,关联安全主体引用,用于简要引用一个相关的安全主体（如用户、用户组）。
NetworkCredential,,网络凭证,一种凭证类型，用于访问网络资源。
LoginPasswordCredential,,登录密码凭证,一种凭证类型，由用户名和密码组成。
IndividualRef,,个人引用,用于简要引用一个个人（Individual）。
DongleCredential,,加密狗凭证,一种凭证类型，存储在物理硬件（加密狗）中。
DigitalIdentityStateChangeEventPayload,DigitalIdentityStateChangeEventPayload generic structure,数字身份状态变更事件数据,数字身份状态变更事件所携带的具体数据内容。
DigitalIdentityStateChangeEvent,,数字身份状态变更事件,当一个数字身份的状态发生变化时，系统发出的通知事件。
DigitalIdentityRef,DigitalIdentity reference.,数字身份引用,用于简要引用一个数字身份。
DigitalIdentityDeleteEventPayload,DigitalIdentityDeleteEventPayload generic structure,数字身份删除事件数据,数字身份删除事件所携带的具体数据内容。
DigitalIdentityDeleteEvent,,数字身份删除事件,当一个数字身份被删除时，系统发出的通知事件。
DigitalIdentityCreateEventPayload,DigitalIdentityCreateEventPayload generic structure,数字身份创建事件数据,数字身份创建事件所携带的具体数据内容。
DigitalIdentityCreateEvent,,数字身份创建事件,当一个数字身份被创建时，系统发出的通知事件。
DigitalIdentityAttributeValueChangeEventPayload,DigitalIdentityAttributeValueChangeEventPayload generic structure,数字身份属性值变更事件数据,数字身份属性值变更事件所携带的具体数据内容。
DigitalIdentityAttributeValueChangeEvent,,数字身份属性值变更事件,当一个数字身份的属性值发生变化时，系统发出的通知事件。
DigitalIdentity_RES,Response object for DigitalIdentity,数字身份响应,对数字身份（DigitalIdentity）请求的响应对象。
ManagedPolicyCondition,Managed PolicyCondition,受管策略条件,在受管策略中，用于触发策略执行的具体条件。
ManagedPolicyAttributeValueChangeEventPayload,ManagedPolicyAttributeValueChangeEventPayload generic structure,受管策略属性值变更事件数据,受管策略属性值变更事件所携带的具体数据内容。
ManagedPolicyAttributeValueChangeEvent,,受管策略属性值变更事件,当一个受管策略的属性值发生变化时，系统发出的通知事件。
ManagedPolicyActionStateChangeEventPayload,ManagedPolicyActionStateChangeEventPayload generic structure,受管策略动作状态变更事件数据,受管策略动作状态变更事件所携带的具体数据内容。
ManagedPolicyActionStateChangeEvent,,受管策略动作状态变更事件,当一个受管策略动作的状态发生变化时，系统发出的通知事件。
ManagedPolicyActionDeleteEventPayload,ManagedPolicyActionDeleteEventPayload generic structure,受管策略动作删除事件数据,受管策略动作删除事件所携带的具体数据内容。
ManagedPolicyActionDeleteEvent,,受管策略动作删除事件,当一个受管策略动作被删除时，系统发出的通知事件。
ManagedPolicyActionCreateEventPayload,ManagedPolicyActionCreateEventPayload generic structure,受管策略动作创建事件数据,受管策略动作创建事件所携带的具体数据内容。
ManagedPolicyActionCreateEvent,,受管策略动作创建事件,当一个受管策略动作被创建时，系统发出的通知事件。
ManagedPolicyActionAttributeValueChangeEventPayload,ManagedPolicyActionAttributeValueChangeEventPayload generic structure,受管策略动作属性值变更事件数据,受管策略动作属性值变更事件所携带的具体数据内容。
ManagedPolicyActionAttributeValueChangeEvent,,受管策略动作属性值变更事件,当一个受管策略动作的属性值发生变化时，系统发出的通知事件。
ManagedPolicyAction,Managed PolicyAction,受管策略动作,在受管策略中，当条件满足时需要执行的具体动作。
ManagedPolicy,Managed Policy,受管策略,一套由系统管理和执行的、包含条件和动作的规则集合。
Extensible_FVO,Base Extensible schema for use in TMForum Open-APIs - When used for in a schema it means that the Entity described by the schema  MUST be extended with the @type,可扩展实体(FVO),一个基础模型，允许在运行时通过@type字段动态指定其具体类型。_FVO通常表示这是一个扁平化的、适合前端展示的版本。
TokenCredential,,令牌凭证,一种凭证类型，使用安全令牌（Token）进行认证，例如OAuth令牌。
SecurityPrincipalRef,,安全主体引用,用于简要引用一个安全主体（如用户、服务账户）。
ManagedPolicyConstraintStateChangeEvent,,受管策略约束状态变更事件,当一个受管策略约束的状态发生变化时，系统发出的通知事件。
ManagedPolicyConstraintDeleteEventPayload,ManagedPolicyConstraintDeleteEventPayload generic structure,受管策略约束删除事件数据,受管策略约束删除事件所携带的具体数据内容。
ManagedPolicyConstraintDeleteEvent,,受管策略约束删除事件,当一个受管策略约束被删除时，系统发出的通知事件。
ManagedPolicyConstraintCreateEventPayload,ManagedPolicyConstraintCreateEventPayload generic structure,受管策略约束创建事件数据,受管策略约束创建事件所携带的具体数据内容。
ManagedPolicyConstraintCreateEvent,,受管策略约束创建事件,当一个受管策略约束被创建时，系统发出的通知事件。
ManagedPolicyConstraintAttributeValueChangeEventPayload,ManagedPolicyConstraintAttributeValueChangeEventPayload generic structure,受管策略约束属性值变更事件数据,受管策略约束属性值变更事件所携带的具体数据内容。
ManagedPolicyConstraintAttributeValueChangeEvent,,受管策略约束属性值变更事件,当一个受管策略约束的属性值发生变化时，系统发出的通知事件。
ManagedPolicyConstraint,Managed PolicyConstraint,受管策略约束,在受管策略中定义的一个必须满足的约束条件。
ManagedPolicyConditionStateChangeEventPayload,ManagedPolicyConditionStateChangeEventPayload generic structure,受管策略条件状态变更事件数据,受管策略条件状态变更事件所携带的具体数据内容。
ManagedPolicyConditionStateChangeEvent,,受管策略条件状态变更事件,当一个受管策略条件的状态发生变化时，系统发出的通知事件。
ManagedPolicyConditionDeleteEventPayload,ManagedPolicyConditionDeleteEventPayload generic structure,受管策略条件删除事件数据,受管策略条件删除事件所携带的具体数据内容。
ManagedPolicyConditionDeleteEvent,,受管策略条件删除事件,当一个受管策略条件被删除时，系统发出的通知事件。
ManagedPolicyConditionCreateEventPayload,ManagedPolicyConditionCreateEventPayload generic structure,受管策略条件创建事件数据,受管策略条件创建事件所携带的具体数据内容。
ManagedPolicyConditionCreateEvent,,受管策略条件创建事件,当一个受管策略条件被创建时，系统发出的通知事件。
ManagedPolicyConditionAttributeValueChangeEventPayload,ManagedPolicyConditionAttributeValueChangeEventPayload generic structure,受管策略条件属性值变更事件数据,受管策略条件属性值变更事件所携带的具体数据内容。
ManagedPolicyConditionAttributeValueChangeEvent,,受管策略条件属性值变更事件,当一个受管策略条件的属性值发生变化时，系统发出的通知事件。
ManagedPolicyExpressionAttributeValueChangeEvent,,受管策略表达式属性值变更事件,当一个受管策略表达式的属性值发生变化时，系统发出的通知事件。
ManagedPolicyExpression,Managed PolicyExpression,受管策略表达式,在受管策略中用于逻辑判断的表达式。
ManagedPolicyEventStateChangeEventPayload,ManagedPolicyEventStateChangeEventPayload generic structure,受管策略事件状态变更事件数据,受管策略事件状态变更事件所携带的具体数据内容。
ManagedPolicyEventStateChangeEvent,,受管策略事件状态变更事件,当一个受管策略事件的状态发生变化时，系统发出的通知事件。
ManagedPolicyEventDeleteEventPayload,ManagedPolicyEventDeleteEventPayload generic structure,受管策略事件删除事件数据,受管策略事件删除事件所携带的具体数据内容。
ManagedPolicyEventDeleteEvent,,受管策略事件删除事件,当一个受管策略事件被删除时，系统发出的通知事件。
ManagedPolicyEventCreateEventPayload,ManagedPolicyEventCreateEventPayload generic structure,受管策略事件创建事件数据,受管策略事件创建事件所携带的具体数据内容。
ManagedPolicyEventCreateEvent,,受管策略事件创建事件,当一个受管策略事件被创建时，系统发出的通知事件。
ManagedPolicyEventAttributeValueChangeEventPayload,ManagedPolicyEventAttributeValueChangeEventPayload generic structure,受管策略事件属性值变更事件数据,受管策略事件属性值变更事件所携带的具体数据内容。
ManagedPolicyEventAttributeValueChangeEvent,,受管策略事件属性值变更事件,当一个受管策略事件的属性值发生变化时，系统发出的通知事件。
ManagedPolicyEvent,Managed PolicyEvent,受管策略事件,与受管策略相关的事件。
ManagedPolicyDeleteEventPayload,ManagedPolicyDeleteEventPayload generic structure,受管策略删除事件数据,受管策略删除事件所携带的具体数据内容。
ManagedPolicyDeleteEvent,,受管策略删除事件,当一个受管策略被删除时，系统发出的通知事件。
ManagedPolicyCreateEventPayload,ManagedPolicyCreateEventPayload generic structure,受管策略创建事件数据,受管策略创建事件所携带的具体数据内容。
ManagedPolicyCreateEvent,,受管策略创建事件,当一个受管策略被创建时，系统发出的通知事件。
ManagedPolicyConstraintStateChangeEventPayload,ManagedPolicyConstraintStateChangeEventPayload generic structure,受管策略约束状态变更事件数据,受管策略约束状态变更事件所携带的具体数据内容。
ManagedPolicyOperatorStateChangeEventPayload,ManagedPolicyOperatorStateChangeEventPayload generic structure,受管策略操作符状态变更事件数据,受管策略操作符状态变更事件所携带的具体数据内容。
ManagedPolicyOperatorStateChangeEvent,,受管策略操作符状态变更事件,当一个受管策略操作符的状态发生变化时，系统发出的通知事件。
ManagedPolicyOperatorDeleteEventPayload,ManagedPolicyOperatorDeleteEventPayload generic structure,受管策略操作符删除事件数据,受管策略操作符删除事件所携带的具体数据内容。
ManagedPolicyOperatorDeleteEvent,,受管策略操作符删除事件,当一个受管策略操作符被删除时，系统发出的通知事件。
ManagedPolicyOperatorCreateEventPayload,ManagedPolicyOperatorCreateEventPayload generic structure,受管策略操作符创建事件数据,受管策略操作符创建事件所携带的具体数据内容。
ManagedPolicyOperatorCreateEvent,,受管策略操作符创建事件,当一个受管策略操作符被创建时，系统发出的通知事件。
ManagedPolicyOperatorAttributeValueChangeEventPayload,ManagedPolicyOperatorAttributeValueChangeEventPayload generic structure,受管策略操作符属性值变更事件数据,受管策略操作符属性值变更事件所携带的具体数据内容。
ManagedPolicyOperatorAttributeValueChangeEvent,,受管策略操作符属性值变更事件,当一个受管策略操作符的属性值发生变化时，系统发出的通知事件。
ManagedPolicyOperator,Managed PolicyOperator,受管策略操作符,在受管策略中使用的逻辑或比较操作符，例如AND、OR、大于、小于。
ManagedPolicyExpressionStateChangeEventPayload,ManagedPolicyExpressionStateChangeEventPayload generic structure,受管策略表达式状态变更事件数据,受管策略表达式状态变更事件所携带的具体数据内容。
ManagedPolicyExpressionStateChangeEvent,,受管策略表达式状态变更事件,当一个受管策略表达式的状态发生变化时，系统发出的通知事件。
ManagedPolicyExpressionDeleteEventPayload,ManagedPolicyExpressionDeleteEventPayload generic structure,受管策略表达式删除事件数据,受管策略表达式删除事件所携带的具体数据内容。
ManagedPolicyExpressionDeleteEvent,,受管策略表达式删除事件,当一个受管策略表达式被删除时，系统发出的通知事件。
ManagedPolicyExpressionCreateEventPayload,ManagedPolicyExpressionCreateEventPayload generic structure,受管策略表达式创建事件数据,受管策略表达式创建事件所携带的具体数据内容。
ManagedPolicyExpressionCreateEvent,,受管策略表达式创建事件,当一个受管策略表达式被创建时，系统发出的通知事件。
ManagedPolicyExpressionAttributeValueChangeEventPayload,ManagedPolicyExpressionAttributeValueChangeEventPayload generic structure,受管策略表达式属性值变更事件数据,受管策略表达式属性值变更事件所携带的具体数据内容。
PolicyActionBase,A superclass (set of shared properties) inherited by PolicyActionAtomic and PolicyActionComposite.,策略动作基类,包含了原子策略动作和组合策略动作共用属性的基础模型。
PolicyActionAtomic_FVO,,原子策略动作(FVO),单一、不可再分的策略动作的扁平化版本。
PolicyActionAtomic,,原子策略动作,一个单一的、不可再分的策略动作，例如“发送通知”。
PolicyAction,,策略动作,当策略规则的条件满足时，需要被执行的动作。
Policy,Policy is a set of rules that are used to manage and control the state and state transitions of one or more managed objects.,策略,用于管理和控制一个或多个对象状态及状态转换的一组规则。
ManagedPolicyVariableStateChangeEventPayload,ManagedPolicyVariableStateChangeEventPayload generic structure,受管策略变量状态变更事件数据,受管策略变量状态变更事件所携带的具体数据内容。
ManagedPolicyVariableStateChangeEvent,,受管策略变量状态变更事件,当一个受管策略变量的状态发生变化时，系统发出的通知事件。
ManagedPolicyVariableDeleteEventPayload,ManagedPolicyVariableDeleteEventPayload generic structure,受管策略变量删除事件数据,受管策略变量删除事件所携带的具体数据内容。
ManagedPolicyVariableDeleteEvent,,受管策略变量删除事件,当一个受管策略变量被删除时，系统发出的通知事件。
ManagedPolicyVariableCreateEventPayload,ManagedPolicyVariableCreateEventPayload generic structure,受管策略变量创建事件数据,受管策略变量创建事件所携带的具体数据内容。
ManagedPolicyVariableCreateEvent,,受管策略变量创建事件,当一个受管策略变量被创建时，系统发出的通知事件。
ManagedPolicyVariableAttributeValueChangeEventPayload,ManagedPolicyVariableAttributeValueChangeEventPayload generic structure,受管策略变量属性值变更事件数据,受管策略变量属性值变更事件所携带的具体数据内容。
ManagedPolicyVariableAttributeValueChangeEvent,,受管策略变量属性值变更事件,当一个受管策略变量的属性值发生变化时，系统发出的通知事件。
ManagedPolicyVariable,Managed PolicyVariable,受管策略变量,在受管策略中使用的变量。
ManagedPolicyStateChangeEventPayload,ManagedPolicyStateChangeEventPayload generic structure,受管策略状态变更事件数据,受管策略状态变更事件所携带的具体数据内容。
ManagedPolicyStateChangeEvent,,受管策略状态变更事件,当一个受管策略的状态发生变化时，系统发出的通知事件。
PolicyCatalogDeleteEventPayload,PolicyCatalogDeleteEventPayload generic structure,策略目录删除事件数据,策略目录删除事件所携带的具体数据内容。
PolicyCatalogDeleteEvent,,策略目录删除事件,当一个策略目录被删除时，系统发出的通知事件。
PolicyCatalogCreateEventPayload,PolicyCatalogCreateEventPayload generic structure,策略目录创建事件数据,策略目录创建事件所携带的具体数据内容。
PolicyCatalogCreateEvent,,策略目录创建事件,当一个策略目录被创建时，系统发出的通知事件。
PolicyCatalogAttributeValueChangeEventPayload,PolicyCatalogAttributeValueChangeEventPayload generic structure,策略目录属性值变更事件数据,策略目录属性值变更事件所携带的具体数据内容。
PolicyCatalogAttributeValueChangeEvent,,策略目录属性值变更事件,当一个策略目录的属性值发生变化时，系统发出的通知事件。
PolicyCatalog,,策略目录,存储和管理所有可用策略的集合。
PolicyBase_FVO,A superclass (set of shared properties) inherited by PolicyRule and PolicySet.,策略基类(FVO),策略规则和策略集的通用基础模型的扁平化版本。
PolicyBase,A superclass (set of shared properties) inherited by PolicyRule and PolicySet.,策略基类,包含了策略规则（PolicyRule）和策略集（PolicySet）共用属性的基础模型。
PolicyActionRelationship_FVO,Contains details of a PolicyActionRelationship,策略动作关系(FVO),描述策略动作之间关系的扁平化版本。
PolicyActionRelationship,Contains details of a PolicyActionRelationship,策略动作关系,描述不同策略动作之间的关系，例如执行顺序。
PolicyActionRef_FVO,,策略动作引用(FVO),用于简要引用一个策略动作的扁平化版本。
PolicyActionRefOrValue,Container for PolicyAction Reference or unmanaged PolicyAction object,策略动作引用或值,一个灵活的模型，既可以包含一个完整的策略动作信息，也可以只包含对一个已存在动作的引用。
OpenGatewayProductSpecificationRelationship,,OGW产品规格关系,Open Gateway场景下，不同产品规格之间的关系。
PolicyActionComposite_FVO,,组合策略动作(FVO),由多个策略动作组成的复杂动作的扁平化版本。
PolicyActionComposite,,组合策略动作,由多个原子或组合策略动作构成的复杂动作。
PolicyDomainCreateEvent,,策略域创建事件,当一个策略域被创建时，系统发出的通知事件。
PolicyDomainAttributeValueChangeEventPayload,PolicyDomainAttributeValueChangeEventPayload generic structure,策略域属性值变更事件数据,策略域属性值变更事件所携带的具体数据内容。
PolicyDomainAttributeValueChangeEvent,,策略域属性值变更事件,当一个策略域的属性值发生变化时，系统发出的通知事件。
PolicyDomain,,策略域,用于对策略进行逻辑分组的范畴，例如“安全策略域”、“计费策略域”。
PolicyConstraintRefOrValue,Container for PolicyConstraint Reference or unmanaged PolicyConstraint object,策略约束引用或值,一个灵活的模型，既可以包含一个完整的策略约束信息，也可以只包含对一个已存在约束的引用。
PolicyConstraintRef,,策略约束引用,用于简要引用一个策略约束。
PolicyConstraint,Any kind of condition that needs to be confirmed in order to proceed with next step,策略约束,为了继续执行下一步而必须满足的一种条件。
PolicyConditionRefOrValue,Container for PolicyCondition Reference or unmanaged PolicyCondition object,策略条件引用或值,一个灵活的模型，既可以包含一个完整的策略条件信息，也可以只包含对一个已存在条件的引用。
OpenGatewayProductSpecificationRef,,OGW产品规格引用,用于简要引用一个Open Gateway场景下的产品规格。
PolicyConditionComposite_FVO,"PolicyCondition that executes one or many PolicyConditions, applying condition combination logic",组合策略条件(FVO),由多个策略条件通过逻辑组合（如AND/OR）构成的复杂条件的扁平化版本。
PolicyConditionComposite,"PolicyCondition that executes one or many PolicyConditions, applying condition combination logic",组合策略条件,由多个原子或组合策略条件通过逻辑（如AND/OR）组合而成的复杂条件。
PolicyConditionAtomic_FVO,PolicyCondition that executes only one statement,原子策略条件(FVO),单一、不可再分的策略条件的扁平化版本。
PolicyConditionAtomic,PolicyCondition that executes only one statement,原子策略条件,一个单一的、不可再分的策略条件，例如“时间 > 5点”。
PolicyCondition,"A PolicyCondition clause is an aggregation of individual PolicyConditions, and is treated as an atomic object that is aggregated by a PolicyRule. It is represented as a Boolean expression, and defines the necessary state and/or prerequisites that define whether the actions aggregated by that same PolicyRule should be performed. If PolicyCondition is successfully resolved then it must hold value TRUE or FALSE. Non successfull resolution does not contain any boolean value",策略条件,一个布尔表达式，用于判断策略规则中的动作是否应该被执行。
PolicyCatalogStateChangeEventPayload,PolicyCatalogStateChangeEventPayload generic structure,策略目录状态变更事件数据,策略目录状态变更事件所携带的具体数据内容。
PolicyCatalogStateChangeEvent,,策略目录状态变更事件,当一个策略目录的状态发生变化时，系统发出的通知事件。
PolicyEventRelationship,Contains details of a PolicyEventRelationship,策略事件关系,描述不同策略事件之间的关系。
PolicyEventRef_FVO,Reference to PolicyEvent object,策略事件引用(FVO),用于简要引用一个策略事件的扁平化版本。
PolicyEventRefOrValue,Container for PolicyEvent Reference or PolicyEvent object,策略事件引用或值,一个灵活的模型，既可以包含一个完整的策略事件信息，也可以只包含对一个已存在事件的引用。
PolicyEventRef,Reference to PolicyEvent object,策略事件引用,用于简要引用一个策略事件。
PolicyEventConstraint_FVO,Constraint based on provided list of PolicyEvent references. If PolicyEvent type is found in the list then constraint is validated truthfully,策略事件约束(FVO),基于一个策略事件列表的约束条件的扁平化版本。
PolicyEventConstraint,Constraint based on provided list of PolicyEvent references. If PolicyEvent type is found in the list then constraint is validated truthfully,策略事件约束,一种约束条件，当发生的事件类型在预定义的事件列表中时，该约束条件即被满足。
PolicyEventComposite_FVO,A PolicyEventComposite is an event made of multiple PolicyEvents.,组合策略事件(FVO),由多个策略事件组成的复杂事件的扁平化版本。
PolicyEventComposite,A PolicyEventComposite is an event made of multiple PolicyEvents.,组合策略事件,由多个原子或组合策略事件构成的复杂事件。
PolicyEventAtomicBase_FVO,A PolicyEventAtomic is an occurrence of a single atomic event. It must be used as a abstract class overloaded by a particular event in TMF API domain for which Policy is defined,原子策略事件基类(FVO),单一、不可再分的策略事件基础模型的扁平化版本。
PolicyEventAtomicBase,A PolicyEventAtomic is an occurrence of a single atomic event. It must be used as a abstract class overloaded by a particular event in TMF API domain for which Policy is defined,原子策略事件基类,所有单一、不可再分的策略事件的通用基础模型。
PolicyEvent,"A PolicyEvent is an occurrence of an important event or multiple events, and can be used to trigger the evaluation of a Policy",策略事件,一个或多个重要事件的发生，可用于触发策略规则的评估。
PolicyDomainStateChangeEventPayload,PolicyDomainStateChangeEventPayload generic structure,策略域状态变更事件数据,策略域状态变更事件所携带的具体数据内容。
PolicyDomainStateChangeEvent,,策略域状态变更事件,当一个策略域的状态发生变化时，系统发出的通知事件。
PolicyDomainDeleteEventPayload,PolicyDomainDeleteEventPayload generic structure,策略域删除事件数据,策略域删除事件所携带的具体数据内容。
PolicyDomainDeleteEvent,,策略域删除事件,当一个策略域被删除时，系统发出的通知事件。
PolicyDomainCreateEventPayload,PolicyDomainCreateEventPayload generic structure,策略域创建事件数据,策略域创建事件所携带的具体数据内容。
PolicyManagedEntity...,,策略管理实体(及其FVO),指一个受策略规则管控的业务实体。_FVO后缀代表其不同层级的扁平化版本。
PolicyExpression...,,策略表达式(及其FVO),一段可由脚本语言（如JS）解析的文本表达式，用于策略中的复杂逻辑判断。_FVO后缀代表其不同层级的扁平化版本。
PolicyExpressionRefOrValue,Container for PolicyExpression Reference or unmanaged PolicyExpression object,策略表达式引用或值,一个灵活的模型，既可以包含一个完整的策略表达式信息，也可以只包含对一个已存在表达式的引用。
PolicyExpressionRef,,策略表达式引用,用于简要引用一个策略表达式。
PolicyExpression,"PolicyExpression is a constraint based on text expression and parsed by an Expression Language (SpEL, JS, Groovy, FEEL, ...)",策略表达式,一段可由脚本语言（如JS）解析的文本表达式，用于策略中的复杂逻辑判断。
PolicyEventRelationship_FVO,Contains details of a PolicyEventRelationship,策略事件关系(FVO),描述策略事件之间关系的扁平化版本。
PolicyVariableDynamic_FVO,"A PolicyVariableDynamic is a variable that is resolved from event, environment or subject",动态策略变量(FVO),在运行时从上下文（如事件、环境）中获取值的变量的扁平化版本。
PolicyVariableDynamic,"A PolicyVariableDynamic is a variable that is resolved from event, environment or subject",动态策略变量,一种策略变量，其值在运行时从事件、环境或主体等上下文中动态解析获得。
PolicyVariable,A PolicyVariable is an entity for modeling different types of variables that can be used to form a PolicyCondition statement. It can be static or dynamic.,策略变量,用于构成策略条件语句的变量，可以是静态的或动态的。
PolicyStatement,PolicyStatement is a definition of a: ,策略语句,策略中的一个通用语句定义。
PolicySet_FVO,,策略集(FVO),由多个策略规则或策略集组成的集合的扁平化版本。
PolicySet,,策略集,由多个策略规则或其他策略集组成的集合，并定义了如何组合评估这些规则。
PolicyRule_FVO,,策略规则(FVO),连接“条件”和“动作”的策略核心单元的扁平化版本。
PolicyRule,,策略规则,策略的核心单元，它将一组“条件”（IF）与一组“动作”（THEN）关联起来。
PolicyRelationship_FVO,Contains details of a PolicyRelationship,策略关系(FVO),描述不同策略组件之间关系的扁平化版本。
PolicyRelationship,Contains details of a PolicyRelationship,策略关系,描述不同策略或策略组件（如规则、集）之间的关系。
PolicyRef_FVO,,策略引用(FVO),用于简要引用一个策略的扁平化版本。
PolicyRefOrValue,Container for Policy Reference or unmanaged Policy object,策略引用或值,一个灵活的模型，既可以包含一个完整的策略信息，也可以只包含对一个已存在策略的引用。
PolicyOperatorRefOrValue,Container for PolicyOperator Reference or unmanaged PolicyOperator object,策略操作符引用或值,一个灵活的模型，既可以包含一个完整的策略操作符信息，也可以只包含对一个已存在操作符的引用。
PolicyOperatorRef,,策略操作符引用,用于简要引用一个策略操作符。
PolicyOperator,,策略操作符,在策略条件中使用的逻辑或比较操作符，例如 AND、OR、等于、大于。
ServiceUsageCreateEventPayload,The event data structure,服务使用量创建事件数据,服务使用量创建事件所携带的具体数据内容。
ServiceUsageCreateEvent,,服务使用量创建事件,当一条服务使用量记录被创建时，系统发出的通知事件。
ServiceUsageAttributeValueChangeEventPayload,The event data structure,服务使用量属性值变更事件数据,服务使用量属性值变更事件所携带的具体数据内容。
ServiceUsageAttributeValueChangeEvent,,服务使用量属性值变更事件,当一条服务使用量记录的属性值发生变化时，系统发出的通知事件。
ServiceUsage,,服务使用量,记录客户使用一次服务的详细情况，用于后续计费。
OpenGatewayProductSpecificationLifecycleStatus,Used to indicate the current ProductSpecification lifecycleStatus with limited enum values for Open Gateway context.,OGW产品规格生命周期状态,Open Gateway场景下，用于表示产品规格生命周期状态的枚举。
Reference...,,引用(及其FVO),通用的引用模型，包含ID和链接（href）。_FVO后缀代表其不同层级的扁平化版本。
PolicyVariableStatic_FVO,A PolicyVariableStatic is a variable that is ,静态策略变量(FVO),值为预先定义的固定值的策略变量的扁平化版本。
PolicyVariableStatic,A PolicyVariableStatic is a variable that is ,静态策略变量,一种策略变量，其值是预先定义的、固定的。
PolicyVariableResolver_FVO,A PolicyVariableResolver is a definition that describes from where is DynamicVariable fetched,策略变量解析器(FVO),定义如何获取动态策略变量值的解析规则的扁平化版本。
PolicyVariableResolver,A PolicyVariableResolver is a definition that describes from where is DynamicVariable fetched,策略变量解析器,定义了如何从特定来源获取动态策略变量值的规则。
PolicyVariableRefOrValue,Container for PolicyVariable Reference or unmanaged PolicyVariable object,策略变量引用或值,一个灵活的模型，既可以包含一个完整的策略变量信息，也可以只包含对一个已存在变量的引用。
OpenGatewayProductSpecification_RES,Response object for OpenGatewayProductSpecification,OGW产品规格响应,对Open Gateway产品规格请求的响应对象。
CdrDirectionType,Possible values for the Direction of the Cdr,通信详单方向类型,定义通信详单（CDR）的方向，例如“呼入”、“呼出”。
CdrCharacteristic,Provides the value of a given characteristic,通信详单特征,通信详单（CDR）中的一个具体特征属性及其值。
Cdr,An occurrence of employing a product for its intended purpose with all rating details,通信详单记录(CDR),对一次通信事件（如通话、短信、数据会话）的详细记录，是计费的原始依据。
ServiceUsageSpecificationStateChangeEventPayload,The event data structure,服务使用量规约状态变更事件数据,服务使用量规约状态变更事件所携带的具体数据内容。
ServiceUsageSpecificationStateChangeEvent,,服务使用量规约状态变更事件,当一个服务使用量规约的状态发生变化时，系统发出的通知事件。
OpenGatewayProductSpecification,,OGW产品规格,Open Gateway场景下的产品规格定义。
ServiceUsageSpecificationDeleteEventPayload,The event data structure,服务使用量规约删除事件数据,服务使用量规约删除事件所携带的具体数据内容。
ServiceUsageSpecificationDeleteEvent,,服务使用量规约删除事件,当一个服务使用量规约被删除时，系统发出的通知事件。
ServiceUsageSpecificationCreateEventPayload,The event data structure,服务使用量规约创建事件数据,服务使用量规约创建事件所携带的具体数据内容。
ServiceUsageSpecificationCreateEvent,,服务使用量规约创建事件,当一个服务使用量规约被创建时，系统发出的通知事件。
ServiceUsageSpecificationAttributeValueChangeEventPayload,The event data structure,服务使用量规约属性值变更事件数据,服务使用量规约属性值变更事件所携带的具体数据内容。
ServiceUsageSpecificationAttributeValueChangeEvent,,服务使用量规约属性值变更事件,当一个服务使用量规约的属性值发生变化时，系统发出的通知事件。
ServiceUsageSpecification,,服务使用量规约,服务使用量的模板，定义了如何衡量某一类服务的使用情况及其属性。
ServiceUsageSpecRelationship,,服务使用量规约关系,描述不同服务使用量规约（模板）之间的关系。
ServiceUsageDeleteEventPayload,ServiceUsageDeleteEventPayload generic structure,服务使用量删除事件数据,服务使用量删除事件所携带的具体数据内容。
ServiceUsageDeleteEvent,,服务使用量删除事件,当一条服务使用量记录被删除时，系统发出的通知事件。
PartyRevSharingAlgorithm,,参与方收入分成算法,定义了不同参与方（如合作伙伴）之间如何分配收入的算法或规则。
RatedCdr,An occurrence of employing a cdr for its intended purpose with all rating details,已计费通信详单,经过计费引擎处理后，带有费用信息的通信详单记录（CDR）。
CdrTransactionStateType,Possible values for the state of the Cdr transaction,通信详单交易状态类型,定义了通信详单交易的生命周期状态。
CdrTransactionStateChangeEventPayload,CdrTransactionStateChangeEventPayload generic structure,通信详单交易状态变更事件数据,通信详单交易状态变更事件所携带的具体数据内容。
CdrTransactionStateChangeEvent,,通信详单交易状态变更事件,当一个通信详单交易的状态发生变化时，系统发出的通知事件。
CdrTransactionItemStateType,Possible values for the state of the party revenue sharing transaction,通信详单交易项状态类型,定义了通信详单交易中具体项目（如收入分成项）的状态。
CdrTransactionItem,,通信详单交易项,通信详单交易中的一个具体项目，例如某个参与方的收入分成明细。
CdrTransactionInitialStateType,Possible values for the requested initial state of the transaction from client- by default created is considered,通信详单交易初始状态类型,客户端请求的通信详单交易的初始状态。
CdrTransactionDeleteEventPayload,CdrTransactionDeleteEventPayload generic structure,通信详单交易删除事件数据,通信详单交易删除事件所携带的具体数据内容。
CdrTransactionDeleteEvent,,通信详单交易删除事件,当一个通信详单交易被删除时，系统发出的通知事件。
CdrTransactionCreateEventPayload,CdrTransactionCreateEventPayload generic structure,通信详单交易创建事件数据,通信详单交易创建事件所携带的具体数据内容。
CdrTransactionCreateEvent,,通信详单交易创建事件,当一个通信详单交易被创建时，系统发出的通知事件。
CdrTransactionAttributeValueChangeEventPayload,CdrTransactionAttributeValueChangeEventPayload generic structure,通信详单交易属性值变更事件数据,通信详单交易属性值变更事件所携带的具体数据内容。
CdrTransactionAttributeValueChangeEvent,,通信详单交易属性值变更事件,当一个通信详单交易的属性值发生变化时，系统发出的通知事件。
CdrTransaction,,通信详单交易,与处理通信详单（CDR）相关的交易，通常用于合作方之间的结算。
CdrStatusType,Possible values for the status of the Cdr,通信详单状态类型,定义了通信详单（CDR）的状态，例如“未处理”、“已计费”、“错误”。
PartyRevSharingModelItemRef,Reference of a party revenue sharing model item.,参与方收入分成模型项引用,用于简要引用一个收入分成模型中的具体项目。
PartyRevSharingModelInvolPriceRef,,参与方收入分成模型相关价格引用,用于简要引用收入分成模型中涉及的价格。
OpenGatewayProductOfferingTermOrConditionSpecification,,OGW产品目录条款规约,Open Gateway场景下，产品目录条款的规格或模板。
CdrTransactionRef,A CdrTransactionRef reference,通信详单交易引用,用于简要引用一个通信详单交易。
CdrTransactionItemRef,Reference of Cdr transaction item.,通信详单交易项引用,用于简要引用一个通信详单交易中的具体项目。
PolicyEntityRef,,策略实体引用,用于简要引用一个与策略相关的通用实体。
PartyRevSharingPolicyConditionVariable,,参与方收入分成策略条件变量,在收入分成策略的条件判断中使用的变量。
PartyRevSharingPolicyActionVariable,,参与方收入分成策略动作变量,在收入分成策略的动作执行中使用的变量。
PartyRevSharingAlgorithmStateChangeEventPayload,PartyRevSharingAlgorithmStateChangeEventPayload generic structure,参与方收入分成算法状态变更事件数据,参与方收入分成算法状态变更事件所携带的具体数据内容。
PartyRevSharingAlgorithmStateChangeEvent,,参与方收入分成算法状态变更事件,当一个参与方收入分成算法的状态发生变化时，系统发出的通知事件。
PartyRevSharingAlgorithmDeleteEventPayload,PartyRevSharingAlgorithmDeleteEventPayload generic structure,参与方收入分成算法删除事件数据,参与方收入分成算法删除事件所携带的具体数据内容。
PartyRevSharingAlgorithmDeleteEvent,,参与方收入分成算法删除事件,当一个参与方收入分成算法被删除时，系统发出的通知事件。
PartyRevSharingAlgorithmCreateEventPayload,PartyRevSharingAlgorithmCreateEventPayload generic structure,参与方收入分成算法创建事件数据,参与方收入分成算法创建事件所携带的具体数据内容。
PartyRevSharingAlgorithmCreateEvent,,参与方收入分成算法创建事件,当一个参与方收入分成算法被创建时，系统发出的通知事件。
PartyRevSharingAlgorithmAttributeValueChangeEventPayload,PartyRevSharingAlgorithmAttributeValueChangeEventPayload generic structure,参与方收入分成算法属性值变更事件数据,参与方收入分成算法属性值变更事件所携带的具体数据内容。
PartyRevSharingAlgorithmAttributeValueChangeEvent,,参与方收入分成算法属性值变更事件,当一个参与方收入分成算法的属性值发生变化时，系统发出的通知事件。
PartyRevSharingModelCreateEvent,,参与方收入分成模型创建事件,当一个参与方收入分成模型被创建时，系统发出的通知事件。
PartyRevSharingModelAttributeValueChangeEventPayload,PartyRevSharingModelAttributeValueChangeEventPayload generic structure,参与方收入分成模型属性值变更事件数据,参与方收入分成模型属性值变更事件所携带的具体数据内容。
PartyRevSharingModelAttributeValueChangeEvent,,参与方收入分成模型属性值变更事件,当一个参与方收入分成模型的属性值发生变化时，系统发出的通知事件。
PartyRevSharingModel,,参与方收入分成模型,基于分成算法的一个具体实例，定义了特定场景下各方的收入分成方案。
PartyRevSharingReportStateChangeEventPayload,PartyRevSharingReportStateChangeEventPayload generic structure,参与方收入分成报告状态变更事件数据,参与方收入分成报告状态变更事件所携带的具体数据内容。
PartyRevSharingReportStateChangeEvent,,参与方收入分成报告状态变更事件,当一个参与方收入分成报告的状态发生变化时，系统发出的通知事件。
PartyRevSharingReportItemDetail,,参与方收入分成报告项详情,收入分成报告中，某个分成项的详细数据。
PartyRevSharingReportItem,,参与方收入分成报告项,收入分成报告中的一个具体分成项目。
PartyRevSharingReportDeleteEventPayload,PartyRevSharingReportDeleteEventPayload generic structure,参与方收入分成报告删除事件数据,参与方收入分成报告删除事件所携带的具体数据内容。
PartyRevSharingReportDeleteEvent,,参与方收入分成报告删除事件,当一个参与方收入分成报告被删除时，系统发出的通知事件。
PartyRevSharingReportCreateEventPayload,PartyRevSharingReportCreateEventPayload generic structure,参与方收入分成报告创建事件数据,参与方收入分成报告创建事件所携带的具体数据内容。
PartyRevSharingReportCreateEvent,,参与方收入分成报告创建事件,当一个参与方收入分成报告被创建时，系统发出的通知事件。
PartyRevSharingReportAttributeValueChangeEventPayload,PartyRevSharingReportAttributeValueChangeEventPayload generic structure,参与方收入分成报告属性值变更事件数据,参与方收入分成报告属性值变更事件所携带的具体数据内容。
PartyRevSharingReportAttributeValueChangeEvent,,参与方收入分成报告属性值变更事件,当一个参与方收入分成报告的属性值发生变化时，系统发出的通知事件。
PartyRevSharingReport,,参与方收入分成报告,详细记录了按照分成模型计算出的各方收入分成结果的报告。
PartyRevSharingModelRef,A PartyRevSharingModelRef reference,参与方收入分成模型引用,用于简要引用一个参与方收入分成模型。
ClosedLoopActivityCreateEventPayload,ClosedLoopActivityCreateEventPayload generic structure,闭环活动创建事件数据,闭环活动创建事件所携带的具体数据内容。
ClosedLoopActivityCreateEvent,,闭环活动创建事件,当一个闭环活动被创建时，系统发出的通知事件。
ClosedLoopActivityAttributeValueChangeEventPayload,ClosedLoopActivityAttributeValueChangeEventPayload generic structure,闭环活动属性值变更事件数据,闭环活动属性值变更事件所携带的具体数据内容。
ClosedLoopActivityAttributeValueChangeEvent,,闭环活动属性值变更事件,当一个闭环活动的属性值发生变化时，系统发出的通知事件。
ClosedLoopActivity,,闭环活动,在一个闭环流程中执行的具体活动或任务，例如“调整网络参数”。
ClosedLoop,,闭环,描述一个完整的自动化闭环流程实例（监控-分析-决策-执行）。
ActivityRelationship,,活动关系,描述不同活动之间的关系，例如依赖关系。
Activity,,活动,一个通用的、需要被执行的活动或任务。
PartyRevSharingModelStateChangeEventPayload,PartyRevSharingModelStateChangeEventPayload generic structure,参与方收入分成模型状态变更事件数据,参与方收入分成模型状态变更事件所携带的具体数据内容。
PartyRevSharingModelStateChangeEvent,,参与方收入分成模型状态变更事件,当一个参与方收入分成模型的状态发生变化时，系统发出的通知事件。
PartyRevSharingModelItemInvolvement,,参与方收入分成模型项参与,描述模型项中涉及到的具体参与方及其角色。
PartyRevSharingModelItem,,参与方收入分成模型项,收入分成模型中的一个具体规则或条款。
PartyRevSharingModelInvolPrice,,参与方收入分成模型相关价格,收入分成模型中涉及到的价格或费率。
PartyRevSharingModelDeleteEventPayload,PartyRevSharingModelDeleteEventPayload generic structure,参与方收入分成模型删除事件数据,参与方收入分成模型删除事件所携带的具体数据内容。
PartyRevSharingModelDeleteEvent,,参与方收入分成模型删除事件,当一个参与方收入分成模型被删除时，系统发出的通知事件。
PartyRevSharingModelCreateEventPayload,PartyRevSharingModelCreateEventPayload generic structure,参与方收入分成模型创建事件数据,参与方收入分成模型创建事件所携带的具体数据内容。
ClosedLoopBusinessRuleAttributeValueChangeEventPayload,ClosedLoopBusinessRuleAttributeValueChangeEventPayload generic structure,闭环业务规则属性值变更事件数据,闭环业务规则属性值变更事件所携带的具体数据内容。
ClosedLoopBusinessRuleAttributeValueChangeEvent,,闭环业务规则属性值变更事件,当一个闭环业务规则的属性值发生变化时，系统发出的通知事件。
ClosedLoopBusinessRule,,闭环业务规则,用于指导闭环流程决策和行为的具体业务规则。
ClosedLoopAttributeValueChangeEventPayload,ClosedLoopAttributeValueChangeEventPayload generic structure,闭环属性值变更事件数据,闭环属性值变更事件所携带的具体数据内容。
ClosedLoopAttributeValueChangeEvent,,闭环属性值变更事件,当一个闭环实例的属性值发生变化时，系统发出的通知事件。
ClosedLoopActivityStateChangeEventPayload,ClosedLoopActivityStateChangeEventPayload generic structure,闭环活动状态变更事件数据,闭环活动状态变更事件所携带的具体数据内容。
ClosedLoopActivityStateChange,,闭环活动状态变更事件,当一个闭环活动的状态发生变化时，系统发出的通知事件。
ClosedLoopActivitySpecificationDeleteEventPayload,ClosedLoopActivitySpecificationDeleteEventPayload generic structure,闭环活动规约删除事件数据,闭环活动规约删除事件所携带的具体数据内容。
ClosedLoopActivitySpecificationDeleteEvent,,闭环活动规约删除事件,当一个闭环活动规约被删除时，系统发出的通知事件。
ClosedLoopActivitySpecificationCreateEventPayload,ClosedLoopActivitySpecificationCreateEventPayload generic structure,闭环活动规约创建事件数据,闭环活动规约创建事件所携带的具体数据内容。
ClosedLoopActivitySpecificationCreateEvent,,闭环活动规约创建事件,当一个闭环活动规约被创建时，系统发出的通知事件。
ClosedLoopActivitySpecificationAttributeValueChangeEventPayload,ClosedLoopActivitySpecificationAttributeValueChangeEventPayload generic structure,闭环活动规约属性值变更事件数据,闭环活动规约属性值变更事件所携带的具体数据内容。
ClosedLoopActivitySpecificationAttributeValueChangeEvent,,闭环活动规约属性值变更事件,当一个闭环活动规约的属性值发生变化时，系统发出的通知事件。
ClosedLoopActivitySpecification,,闭环活动规约,闭环活动的模板或蓝图，定义了一类活动的通用属性和规则。
ClosedLoopActivityDeleteEventPayload,ClosedLoopActivityDeleteEventPayload generic structure,闭环活动删除事件数据,闭环活动删除事件所携带的具体数据内容。
ClosedLoopActivityDeleteEvent,,闭环活动删除事件,当一个闭环活动被删除时，系统发出的通知事件。
ClosedLoopDeleteEvent,,闭环删除事件,当一个闭环实例被删除时，系统发出的通知事件。
ClosedLoopCreateEventPayload,ClosedLoopCreateEventPayload generic structure,闭环创建事件数据,闭环创建事件所携带的具体数据内容。
ClosedLoopCreateEvent,,闭环创建事件,当一个闭环实例被创建时，系统发出的通知事件。
ClosedLoopBusinessRuleStatusChangePayload,ClosedLoopBusinessRuleStatusChangePayload generic structure,闭环业务规则状态变更事件数据,闭环业务规则状态变更事件所携带的具体数据内容。
ClosedLoopBusinessRuleStatusChange,,闭环业务规则状态变更事件,当一个闭环业务规则的状态发生变化时，系统发出的通知事件。
ClosedLoopBusinessRuleSpecificationDeleteEventPayload,ClosedLoopBusinessRuleSpecificationDeleteEventPayload generic structure,闭环业务规则规约删除事件数据,闭环业务规则规约删除事件所携带的具体数据内容。
ClosedLoopBusinessRuleSpecificationDeleteEvent,,闭环业务规则规约删除事件,当一个闭loop业务规则规约被删除时，系统发出的通知事件。
ClosedLoopBusinessRuleSpecificationCreateEventPayload,ClosedLoopBusinessRuleSpecificationCreateEventPayload generic structure,闭环业务规则规约创建事件数据,闭环业务规则规约创建事件所携带的具体数据内容。
ClosedLoopBusinessRuleSpecificationCreateEvent,,闭环业务规则规约创建事件,当一个闭loop业务规则规约被创建时，系统发出的通知事件。
ClosedLoopBusinessRuleSpecificationAttributeValueChangeEventPayload,ClosedLoopBusinessRuleSpecificationAttributeValueChangeEventPayload generic structure,闭环业务规则规约属性值变更事件数据,闭环业务规则规约属性值变更事件所携带的具体数据内容。
ClosedLoopBusinessRuleSpecificationAttributeValueChangeEvent,,闭环业务规则规约属性值变更事件,当一个闭环业务规则规约的属性值发生变化时，系统发出的通知事件。
ClosedLoopBusinessRuleSpecification,,闭环业务规则规约,闭环业务规则的模板或蓝图，定义了一类规则的通用属性。
ClosedLoopBusinessRuleDeleteEventPayload,ClosedLoopBusinessRuleDeleteEventPayload generic structure,闭环业务规则删除事件数据,闭环业务规则删除事件所携带的具体数据内容。
ClosedLoopBusinessRuleDeleteEvent,,闭环业务规则删除事件,当一个闭环业务规则被删除时，系统发出的通知事件。
ClosedLoopBusinessRuleCreateEventPayload,ClosedLoopBusinessRuleCreateEventPayload generic structure,闭环业务规则创建事件数据,闭环业务规则创建事件所携带的具体数据内容。
ClosedLoopBusinessRuleCreateEvent,,闭环业务规则创建事件,当一个闭环业务规则被创建时，系统发出的通知事件。
ClosedLoopGoalSpecificationDeleteEventPayload,ClosedLoopGoalSpecificationDeleteEventPayload generic structure,闭环目标规约删除事件数据,闭环目标规约删除事件所携带的具体数据内容。
ClosedLoopGoalSpecificationDeleteEvent,,闭环目标规约删除事件,当一个闭环目标规约被删除时，系统发出的通知事件。
ClosedLoopGoalSpecificationCreateEventPayload,ClosedLoopGoalSpecificationCreateEventPayload generic structure,闭环目标规约创建事件数据,闭环目标规约创建事件所携带的具体数据内容。
ClosedLoopGoalSpecificationCreateEvent,,闭环目标规约创建事件,当一个闭环目标规约被创建时，系统发出的通知事件。
ClosedLoopGoalSpecificationAttributeValueChangeEventPayload,ClosedLoopGoalSpecificationAttributeValueChangeEventPayload generic structure,闭环目标规约属性值变更事件数据,闭环目标规约属性值变更事件所携带的具体数据内容。
ClosedLoopGoalSpecificationAttributeValueChangeEvent,,闭环目标规约属性值变更事件,当一个闭环目标规约的属性值发生变化时，系统发出的通知事件。
ClosedLoopGoalSpecification,,闭环目标规约,闭环目标的模板或蓝图，定义了一类目标的通用属性和衡量标准。
ClosedLoopGoalRef,A reference to the representation that captures the target  ambition of a closed loop.,闭环目标引用,用于简要引用一个闭环目标。
ClosedLoopGoalDeleteEventPayload,ClosedLoopGoalDeleteEventPayload generic structure,闭环目标删除事件数据,闭环目标删除事件所携带的具体数据内容。
ClosedLoopGoalDeleteEvent,,闭环目标删除事件,当一个闭环目标被删除时，系统发出的通知事件。
ClosedLoopGoalCreateEventPayload,ClosedLoopGoalCreateEventPayload generic structure,闭环目标创建事件数据,闭环目标创建事件所携带的具体数据内容。
ClosedLoopGoalCreateEvent,,闭环目标创建事件,当一个闭环目标被创建时，系统发出的通知事件。
ClosedLoopGoalAttributeValueChangeEventPayload,ClosedLoopGoalAttributeValueChangeEventPayload generic structure,闭环目标属性值变更事件数据,闭环目标属性值变更事件所携带的具体数据内容。
ClosedLoopGoalAttributeValueChangeEvent,,闭环目标属性值变更事件,当一个闭环目标的属性值发生变化时，系统发出的通知事件。
ClosedLoopGoal,,闭环目标,闭环流程期望达到的目标状态或业务指标，例如“网络延迟低于20ms”。
ClosedLoopDeleteEventPayload,ClosedLoopDeleteEventPayload generic structure,闭环删除事件数据,闭环删除事件所携带的具体数据内容。
ClosedLoopWorkflow,,闭环工作流,闭环流程中各个活动执行的顺序和逻辑。
ClosedLoopType,The possible values to represent the type of Closed Loop,闭环类型,定义闭环的类型，例如“性能优化闭环”或“故障恢复闭环”。
ClosedLoopStatusType,The possible values to represent the state of the Closed Loop over the lifecycle and during active operation,闭环状态类型,定义了闭环实例在其生命周期中所处的各种状态。
ClosedLoopStateChangeEventPayload,ClosedLoopStateChangeEventPayload generic structure,闭环状态变更事件数据,闭环状态变更事件所携带的具体数据内容。
ClosedLoopStateChange,,闭环状态变更事件,当一个闭环实例的状态发生变化时，系统发出的通知事件。
ClosedLoopSpecificationDeleteEventPayload,ClosedLoopSpecificationDeleteEventPayload generic structure,闭环规约删除事件数据,闭环规约删除事件所携带的具体数据内容。
ClosedLoopSpecificationDeleteEvent,,闭环规约删除事件,当一个闭环规约被删除时，系统发出的通知事件。
ClosedLoopSpecificationCreateEventPayload,ClosedLoopSpecificationCreateEventPayload generic structure,闭环规约创建事件数据,闭环规约创建事件所携带的具体数据内容。
ClosedLoopSpecificationCreateEvent,,闭环规约创建事件,当一个闭环规约被创建时，系统发出的通知事件。
ClosedLoopSpecificationAttributeValueChangeEventPayload,ClosedLoopSpecificationAttributeValueChangeEventPayload generic structure,闭环规约属性值变更事件数据,闭环规约属性值变更事件所携带的具体数据内容。
ClosedLoopSpecificationAttributeValueChangeEvent,,闭环规约属性值变更事件,当一个闭环规约的属性值发生变化时，系统发出的通知事件。
ClosedLoopSpecification,,闭环规约,闭环流程的模板或蓝图，定义了其目标、规则、活动和工作流。
ClosedLoopRef,A reference to the representation that captures the object of ambition of a closed loop.,闭环引用,用于简要引用一个闭环实例。
ClosedLoopGroup,,闭环组,用于对相关的闭环实例进行分组管理。
ClosedLoopGoalStateChangeEventPayload,ClosedLoopGoalStateChangeEventPayload generic structure,闭环目标状态变更事件数据,闭环目标状态变更事件所携带的具体数据内容。
ClosedLoopGoalStateChange,,闭环目标状态变更事件,当一个闭环目标的状态发生变化时，系统发出的通知事件。
ClosedLoopWorkflowDeleteEvent,,闭环工作流删除事件,当一个闭环工作流被删除时，系统发出的通知事件。
ClosedLoopWorkflowCreateEventPayload,ClosedLoopWorkflowCreateEventPayload generic structure,闭环工作流创建事件数据,闭环工作流创建事件所携带的具体数据内容。
ClosedLoopWorkflowCreateEvent,,闭环工作流创建事件,当一个闭环工作流被创建时，系统发出的通知事件。
ClosedLoopWorkflowAttributeValueChangeEventPayload,ClosedLoopWorkflowAttributeValueChangeEventPayload generic structure,闭环工作流属性值变更事件数据,闭环工作流属性值变更事件所携带的具体数据内容。
ClosedLoopWorkflowAttributeValueChangeEvent,,闭环工作流属性值变更事件,当一个闭环工作流的属性值发生变化时，系统发出的通知事件。
ClosedLoopWorkflowActivityStateChangeEventPayload,ClosedLoopWorkflowActivityStateChangeEventPayload generic structure,闭环工作流活动状态变更事件数据,闭环工作流活动状态变更事件所携带的具体数据内容。
ClosedLoopWorkflowActivityStateChange,,闭环工作流活动状态变更事件,当一个闭环工作流活动的状态发生变化时，系统发出的通知事件。
ClosedLoopWorkflowActivitySpecification,,闭环工作流活动规约,闭环工作流中具体活动的模板或蓝图。
ClosedLoopWorkflowActivityRef,A reference to the representation that captures activity of a workflow in a closed loop.,闭环工作流活动引用,用于简要引用一个闭环工作流中的活动。
ClosedLoopWorkflowActivityDeleteEventPayload,ClosedLoopWorkflowActivityDeleteEventPayload generic structure,闭环工作流活动删除事件数据,闭环工作流活动删除事件所携带的具体数据内容。
ClosedLoopWorkflowActivityDeleteEvent,,闭环工作流活动删除事件,当一个闭环工作流活动被删除时，系统发出的通知事件。
ClosedLoopWorkflowActivityCreateEventPayload,ClosedLoopWorkflowActivityCreateEventPayload generic structure,闭环工作流活动创建事件数据,闭环工作流活动创建事件所携带的具体数据内容。
ClosedLoopWorkflowActivityCreateEvent,,闭环工作流活动创建事件,当一个闭环工作流活动被创建时，系统发出的通知事件。
ClosedLoopWorkflowActivityAttributeValueChangeEventPayload,ClosedLoopWorkflowActivityAttributeValueChangeEventPayload generic structure,闭环工作流活动属性值变更事件数据,闭环工作流活动属性值变更事件所携带的具体数据内容。
ClosedLoopWorkflowActivityAttributeValueChangeEvent,,闭环工作流活动属性值变更事件,当一个闭环工作流活动的属性值发生变化时，系统发出的通知事件。
ClosedLoopWorkflowActivity,,闭环工作流活动,闭环工作流中的一个具体活动或任务实例。
CloudApplicationSpecification,"This is a derived class of LogicalResourceSpecification, and is used to define the invariant characteristics and behavior (attributes, methods, constraints, and relationships) of a CloudApplication.",云应用规约,云应用（作为一种逻辑资源）的模板或蓝图，定义了其通用特征和行为。
CloudApplicationDeleteEventPayload,CloudApplicationDeleteEventPayload generic structure,云应用删除事件数据,云应用删除事件所携带的具体数据内容。
CloudApplicationDeleteEvent,,云应用删除事件,当一个云应用被删除时，系统发出的通知事件。
CloudApplicationCreateEventPayload,CloudApplicationCreateEventPayload generic structure,云应用创建事件数据,云应用创建事件所携带的具体数据内容。
CloudApplicationCreateEvent,,云应用创建事件,当一个云应用被创建时，系统发出的通知事件。
CloudApplicationAttributeValueChangeEventPayload,CloudApplicationAttributeValueChangeEventPayload generic structure,云应用属性值变更事件数据,云应用属性值变更事件所携带的具体数据内容。
CloudApplicationAttributeValueChangeEvent,,云应用属性值变更事件,当一个云应用的属性值发生变化时，系统发出的通知事件。
CloudApplication,Cloud Application is a type of resource that describes the cloud application part of a binding in TMF759.,云应用,描述一个云应用资源实例。
BindingFeature,Configuration feature for binding in TMF759.,绑定特征,用于资源绑定（TMF759）场景下的配置特征。
Trigger,Trigger between Event or Monitor,触发器,定义了在某个事件或监控条件满足时，触发相应动作的机制。
RoleTypeRef,,角色类型引用,用于简要引用一个角色类型。
ClosedLoopWorkflowStateChangeEventPayload,ClosedLoopWorkflowStateChangeEventPayload generic structure,闭环工作流状态变更事件数据,闭环工作流状态变更事件所携带的具体数据内容。
ClosedLoopWorkflowStateChange,,闭环工作流状态变更事件,当一个闭环工作流的状态发生变化时，系统发出的通知事件。
ClosedLoopWorkflowSpecification,,闭环工作流规约,闭环工作流的模板或蓝图，定义了其包含的活动和执行逻辑。
ClosedLoopWorkflowPriorityRef,A reference to the representation that captures the priority of a workflow of a closed loop.,闭环工作流优先级引用,用于简要引用一个闭环工作流的优先级。
ClosedLoopWorkflowDeleteEventPayload,ClosedLoopWorkflowDeleteEventPayload generic structure,闭环工作流删除事件数据,闭环工作流删除事件所携带的具体数据内容。
UserEquipmentSpecification,,用户设备规约,用户设备（如路由器、机顶盒）的模板或蓝图，定义了其通用技术规格。
UserEquipmentDeleteEventPayload,UserEquipmentDeleteEventPayload generic structure,用户设备删除事件数据,用户设备删除事件所携带的具体数据内容。
UserEquipmentDeleteEvent,,用户设备删除事件,当一个用户设备被删除时，系统发出的通知事件。
UserEquipmentCreateEventPayload,UserEquipmentCreateEventPayload generic structure,用户设备创建事件数据,用户设备创建事件所携带的具体数据内容。
UserEquipmentCreateEvent,,用户设备创建事件,当一个用户设备被创建时，系统发出的通知事件。
UserEquipmentAttributeValueChangeEventPayload,UserEquipmentAttributeValueChangeEventPayload generic structure,用户设备属性值变更事件数据,用户设备属性值变更事件所携带的具体数据内容。
UserEquipmentAttributeValueChangeEvent,,用户设备属性值变更事件,当一个用户设备的属性值发生变化时，系统发出的通知事件。
UserEquipment,UserEquipment is a type of physical resource that describes any type of end user equipment in TMF759 binding.,用户设备(UE),描述一个终端用户设备资源实例，例如调制解调器、机顶盒等。
CloudApplicationStateChangeEventPayload,CloudApplicationStateChangeEventPayload generic structure,云应用状态变更事件数据,云应用状态变更事件所携带的具体数据内容。
CloudApplicationStateChangeEvent,,云应用状态变更事件,当一个云应用的状态发生变化时，系统发出的通知事件。
CloudApplicationSpecificationDeleteEventPayload,CloudApplicationSpecificationDeleteEventPayload generic structure,云应用规约删除事件数据,云应用规约删除事件所携带的具体数据内容。
CloudApplicationSpecificationDeleteEvent,,云应用规约删除事件,当一个云应用规约被删除时，系统发出的通知事件。
CloudApplicationSpecificationCreateEventPayload,CloudApplicationSpecificationCreateEventPayload generic structure,云应用规约创建事件数据,云应用规约创建事件所携带的具体数据内容。
CloudApplicationSpecificationCreateEvent,,云应用规约创建事件,当一个云应用规约被创建时，系统发出的通知事件。
CloudApplicationSpecificationAttributeValueChangeEventPayload,CloudApplicationSpecificationAttributeValueChangeEventPayload generic structure,云应用规约属性值变更事件数据,云应用规约属性值变更事件所携带的具体数据内容。
CloudApplicationSpecificationAttributeValueChangeEvent,,云应用规约属性值变更事件,当一个云应用规约的属性值发生变化时，系统发出的通知事件。
CheckProductConfigurationItem,,检查产品配置项,（同步）检查产品配置请求中的一个具体项目。
CheckProductConfigurationDeleteEventPayload,CheckProductConfigurationDeleteEventPayload generic structure,检查产品配置删除事件数据,检查产品配置删除事件所携带的具体数据内容。
CheckProductConfigurationDeleteEvent,,检查产品配置删除事件,当一个（同步）检查产品配置的请求被删除时，系统发出的通知事件。
CheckProductConfigurationCreateEventPayload,CheckProductConfigurationCreateEventPayload generic structure,检查产品配置创建事件数据,检查产品配置创建事件所携带的具体数据内容。
CheckProductConfigurationCreateEvent,,检查产品配置创建事件,当一个（同步）检查产品配置的请求被创建时，系统发出的通知事件。
CheckProductConfigurationAttributeValueChangeEventPayload,CheckProductConfigurationAttributeValueChangeEventPayload generic structure,检查产品配置属性值变更事件数据,检查产品配置属性值变更事件所携带的具体数据内容。
CheckProductConfigurationAttributeValueChangeEvent,,检查产品配置属性值变更事件,当一个（同步）检查产品配置请求的属性值发生变化时，系统发出的通知事件。
CheckProductConfiguration,,检查产品配置,（同步）用于检查和验证一个产品配置是否有效的操作请求。
UserEquipmentStateChangeEventPayload,UserEquipmentStateChangeEventPayload generic structure,用户设备状态变更事件数据,用户设备状态变更事件所携带的具体数据内容。
UserEquipmentStateChangeEvent,,用户设备状态变更事件,当一个用户设备的状态发生变化时，系统发出的通知事件。
UserEquipmentSpecificationDeleteEventPayload,UserEquipmentSpecificationDeleteEventPayload generic structure,用户设备规约删除事件数据,用户设备规约删除事件所携带的具体数据内容。
UserEquipmentSpecificationDeleteEvent,,用户设备规约删除事件,当一个用户设备规约被删除时，系统发出的通知事件。
UserEquipmentSpecificationCreateEventPayload,UserEquipmentSpecificationCreateEventPayload generic structure,用户设备规约创建事件数据,用户设备规约创建事件所携带的具体数据内容。
UserEquipmentSpecificationCreateEvent,,用户设备规约创建事件,当一个用户设备规约被创建时，系统发出的通知事件。
UserEquipmentSpecificationAttributeValueChangeEventPayload,UserEquipmentSpecificationAttributeValueChangeEventPayload generic structure,用户设备规约属性值变更事件数据,用户设备规约属性值变更事件所携带的具体数据内容。
UserEquipmentSpecificationAttributeValueChangeEvent,,用户设备规约属性值变更事件,当一个用户设备规约的属性值发生变化时，系统发出的通知事件。
QueryProductConfigurationCreateEventPayload,QueryProductConfigurationCreateEventPayload generic structure,查询产品配置创建事件数据,查询产品配置创建事件所携带的具体数据内容。
QueryProductConfigurationCreateEvent,,查询产品配置创建事件,当一个（异步）查询产品配置的请求被创建时，系统发出的通知事件。
QueryProductConfigurationAttributeValueChangeEventPayload,QueryProductConfigurationAttributeValueChangeEventPayload generic structure,查询产品配置属性值变更事件数据,查询产品配置属性值变更事件所携带的具体数据内容。
QueryProductConfigurationAttributeValueChangeEvent,,查询产品配置属性值变更事件,当一个（异步）查询产品配置请求的属性值发生变化时，系统发出的通知事件。
QueryProductConfiguration,,查询产品配置,（异步）用于查询或验证一个产品配置的操作请求，通常用于更复杂的场景。
ProductConfigurationItemRelationship,,产品配置项关系,描述产品配置中不同配置项之间的关系。
ProductConfiguration,,产品配置,为某个客户定制的一套完整的产品属性、规则和服务的组合。
ItemRef,,项目引用,一个通用的、用于简要引用某个项目的模型。
ConfigurationTerm,,配置条款,与某个特定产品配置相关的条款和条件。
ConfigurationPrice,,配置价格,某个特定产品配置的价格信息。
ConfigurationCharacteristicValue,,配置特征值,某个配置特征的具体取值。
ConfigurationCharacteristicRelationship,,配置特征关系,描述配置中不同特征之间的关系。
ConfigurationCharacteristic,,配置特征,产品配置中的一个具体特征或属性。
ConfigurationAction,,配置动作,在产品配置过程中需要执行的动作。
CheckProductConfigurationStateChangeEventPayload,CheckProductConfigurationStateChangeEventPayload generic structure,检查产品配置状态变更事件数据,检查产品配置状态变更事件所携带的具体数据内容。
CheckProductConfigurationStateChangeEvent,,检查产品配置状态变更事件,当一个（同步）检查产品配置请求的状态发生变化时，系统发出的通知事件。
ActualCostItemStateType,Possible values for the state of the actual cost item.,实际成本项状态类型,定义了一个实际成本项在其生命周期中所处的各种状态。
ActualCostItem,,实际成本项,构成总实际成本的一个具体成本项目。
ActualCostDeleteEventPayload,ActualCostDeleteEventPayload generic structure,实际成本删除事件数据,实际成本删除事件所携带的具体数据内容。
ActualCostDeleteEvent,,实际成本删除事件,当一个实际成本记录被删除时，系统发出的通知事件。
ActualCostCreateEventPayload,ActualCostCreateEventPayload generic structure,实际成本创建事件数据,实际成本创建事件所携带的具体数据内容。
ActualCostCreateEvent,,实际成本创建事件,当一个实际成本记录被创建时，系统发出的通知事件。
ActualCostAttributeValueChangeEventPayload,ActualCostAttributeValueChangeEventPayload generic structure,实际成本属性值变更事件数据,实际成本属性值变更事件所携带的具体数据内容。
ActualCostAttributeValueChangeEvent,,实际成本属性值变更事件,当一个实际成本记录的属性值发生变化时，系统发出的通知事件。
ActualCost_RES,Response object for ActualCost,实际成本响应,对实际成本（ActualCost）请求的响应对象。
ActualCost,,实际成本,为提供某项产品、服务或完成某项操作所发生的实际成本记录。
StateReason,,状态原因,为某个特定状态提供更详细的原因说明或代码。
QueryProductConfigurationStateChangeEventPayload,QueryProductConfigurationStateChangeEventPayload generic structure,查询产品配置状态变更事件数据,查询产品配置状态变更事件所携带的具体数据内容。
QueryProductConfigurationStateChangeEvent,,查询产品配置状态变更事件,当一个（异步）查询产品配置请求的状态发生变化时，系统发出的通知事件。
QueryProductConfigurationItem,,查询产品配置项,（异步）查询产品配置请求中的一个具体项目。
QueryProductConfigurationDeleteEventPayload,QueryProductConfigurationDeleteEventPayload generic structure,查询产品配置删除事件数据,查询产品配置删除事件所携带的具体数据内容。
QueryProductConfigurationDeleteEvent,,查询产品配置删除事件,当一个（异步）查询产品配置的请求被删除时，系统发出的通知事件。
ProjectedCostAttributeValueChangeEventPayload,ProjectedCostAttributeValueChangeEventPayload generic structure,预计成本属性值变更事件数据,预计成本属性值变更事件所携带的具体数据内容。
ProjectedCostAttributeValueChangeEvent,,预计成本属性值变更事件,当一个预计成本记录的属性值发生变化时，系统发出的通知事件。
ProjectedCost_RES,Response object for ProjectedCost,预计成本响应,对预计成本（ProjectedCost）请求的响应对象。
ProjectedCost,,预计成本,对未来某项活动或资源使用的成本估算。
CostRelationship,,成本关系,描述不同成本记录之间的关系。
CostRef,Reference to a Cost entity,成本引用,用于简要引用一个成本实体。
CostRate,"To represent a cost per unit. e.g. $1/hr, 33 pence/min",成本费率,表示单位成本，例如“10美元/小时”或“0.5元/分钟”。
CostItemType,Possible values for the cost item.,成本项类型,定义了成本项的类型，例如“人力成本”、“物料成本”。
CostItemRelationship,,成本项关系,描述不同成本项之间的关系。
CostItemRef,,成本项引用,用于简要引用一个成本项。
CostItemAllocation,,成本项分摊,描述一个成本项如何在不同部门或项目之间进行分摊。
CostItem,,成本项,构成总成本的一个具体项目。
Cost,,成本,一个通用的成本模型，可以是预计成本或实际成本。
ActualCostStateType,Possible values for the state of the actual cost.,实际成本状态类型,定义了实际成本记录在其生命周期中所处的各种状态。
ActualCostStateChangeEventPayload,ActualCostStateChangeEventPayload generic structure,实际成本状态变更事件数据,实际成本状态变更事件所携带的具体数据内容。
ActualCostStateChangeEvent,,实际成本状态变更事件,当一个实际成本记录的状态发生变化时，系统发出的通知事件。
ProductUsageSpecRelationship,,产品使用量规约关系,描述不同产品使用量规约（模板）之间的关系。
ProductUsageDeleteEventPayload,ProductUsageDeleteEventPayload generic structure,产品使用量删除事件数据,产品使用量删除事件所携带的具体数据内容。
ProductUsageDeleteEvent,,产品使用量删除事件,当一条产品使用量记录被删除时，系统发出的通知事件。
ProductUsageCreateEventPayload,ProductUsageCreateEventPayload generic structure,产品使用量创建事件数据,产品使用量创建事件所携带的具体数据内容。
ProductUsageCreateEvent,,产品使用量创建事件,当一条产品使用量记录被创建时，系统发出的通知事件。
ProductUsageAttributeValueChangeEventPayload,ProductUsageAttributeValueChangeEventPayload generic structure,产品使用量属性值变更事件数据,产品使用量属性值变更事件所携带的具体数据内容。
ProductUsageAttributeValueChangeEvent,,产品使用量属性值变更事件,当一条产品使用量记录的属性值发生变化时，系统发出的通知事件。
ProjectedCostStateType,Possible values for the state of the projected cost.,预计成本状态类型,定义了预计成本记录在其生命周期中所处的各种状态。
ProjectedCostStateChangeEventPayload,ProjectedCostStateChangeEventPayload generic structure,预计成本状态变更事件数据,预计成本状态变更事件所携带的具体数据内容。
ProjectedCostStateChangeEvent,,预计成本状态变更事件,当一个预计成本记录的状态发生变化时，系统发出的通知事件。
ProjectedCostItemStateType,Possible values for the state of the projected cost item.,预计成本项状态类型,定义了预计成本项在其生命周期中所处的各种状态。
ProjectedCostItem,,预计成本项,构成总预计成本的一个具体项目。
ProjectedCostDeleteEventPayload,ProjectedCostDeleteEventPayload generic structure,预计成本删除事件数据,预计成本删除事件所携带的具体数据内容。
ProjectedCostDeleteEvent,,预计成本删除事件,当一个预计成本记录被删除时，系统发出的通知事件。
ProjectedCostCreateEventPayload,ProjectedCostCreateEventPayload generic structure,预计成本创建事件数据,预计成本创建事件所携带的具体数据内容。
ProjectedCostCreateEvent,,预计成本创建事件,当一个预计成本记录被创建时，系统发出的通知事件。
ResourceRoleAttributeValueChangeEvent,,资源角色属性值变更事件,当一个资源角色的属性值发生变化时，系统发出的通知事件。
ResourceRole,,资源角色,描述一个具体资源在特定场景下扮演的角色，例如“主用路由器”。
EntityRoleSpecificationRef,,实体角色规约引用,用于简要引用一个通用的实体角色规约（模板）。
EntityRoleSpecification,,实体角色规约,一个通用实体角色的模板或蓝图。
EntityRole,,实体角色,一个通用实体所扮演的角色。
ProductUsageStateChangeEventPayload,ProductUsageStateChangeEventPayload generic structure,产品使用量状态变更事件数据,产品使用量状态变更事件所携带的具体数据内容。
ProductUsageStateChangeEvent,,产品使用量状态变更事件,当一条产品使用量记录的状态发生变化时，系统发出的通知事件。
ProductUsageSpecificationStateChangeEventPayload,ProductUsageSpecificationStateChangeEventPayload generic structure,产品使用量规约状态变更事件数据,产品使用量规约状态变更事件所携带的具体数据内容。
ProductUsageSpecificationStateChangeEvent,,产品使用量规约状态变更事件,当一个产品使用量规约的状态发生变化时，系统发出的通知事件。
ProductUsageSpecificationDeleteEventPayload,ProductUsageSpecificationDeleteEventPayload generic structure,产品使用量规约删除事件数据,产品使用量规约删除事件所携带的具体数据内容。
ProductUsageSpecificationDeleteEvent,,产品使用量规约删除事件,当一个产品使用量规约被删除时，系统发出的通知事件。
ProductUsageSpecificationCreateEventPayload,ProductUsageSpecificationCreateEventPayload generic structure,产品使用量规约创建事件数据,产品使用量规约创建事件所携带的具体数据内容。
ProductUsageSpecificationCreateEvent,,产品使用量规约创建事件,当一个产品使用量规约被创建时，系统发出的通知事件。
ProductUsageSpecificationAttributeValueChangeEventPayload,ProductUsageSpecificationAttributeValueChangeEventPayload generic structure,产品使用量规约属性值变更事件数据,产品使用量规约属性值变更事件所携带的具体数据内容。
ProductUsageSpecificationAttributeValueChangeEvent,,产品使用量规约属性值变更事件,当一个产品使用量规约的属性值发生变化时，系统发出的通知事件。
ProductUsageSpecification,,产品使用量规约,产品使用量的模板，定义了如何衡量某一类产品的使用情况及其属性。
ResourceRoleStatusChangeEvent,,资源角色状态变更事件,当一个资源角色的状态发生变化时，系统发出的通知事件。
ResourceRoleSpecification_RES,Response object for ResourceRoleSpecification,资源角色规约响应,对资源角色规约（ResourceRoleSpecification）请求的响应对象。
ResourceRoleSpecificationStatusChangeEventPayload,ResourceRoleSpecificationStatusChangeEventPayload generic structure,资源角色规约状态变更事件数据,资源角色规约状态变更事件所携带的具体数据内容。
ResourceRoleSpecificationStatusChangeEvent,,资源角色规约状态变更事件,当一个资源角色规约的状态发生变化时，系统发出的通知事件。
ResourceRoleSpecificationDeleteEventPayload,ResourceRoleSpecificationDeleteEventPayload generic structure,资源角色规约删除事件数据,资源角色规约删除事件所携带的具体数据内容。
ResourceRoleSpecificationDeleteEvent,,资源角色规约删除事件,当一个资源角色规约被删除时，系统发出的通知事件。
ResourceRoleSpecificationCreateEventPayload,ResourceRoleSpecificationCreateEventPayload generic structure,资源角色规约创建事件数据,资源角色规约创建事件所携带的具体数据内容。
ResourceRoleSpecificationCreateEvent,,资源角色规约创建事件,当一个资源角色规约被创建时，系统发出的通知事件。
ResourceRoleSpecificationAttributeValueChangeEventPayload,ResourceRoleSpecificationAttributeValueChangeEventPayload generic structure,资源角色规约属性值变更事件数据,资源角色规约属性值变更事件所携带的具体数据内容。
ResourceRoleSpecificationAttributeValueChangeEvent,,资源角色规约属性值变更事件,当一个资源角色规约的属性值发生变化时，系统发出的通知事件。
ResourceRoleSpecification,Resource role specification.,资源角色规约,资源角色的模板或蓝图，定义了一类资源角色的通用属性和规则。
ResourceRoleDeleteEventPayload,ResourceRoleDeleteEventPayload generic structure,资源角色删除事件数据,资源角色删除事件所携带的具体数据内容。
ResourceRoleDeleteEvent,,资源角色删除事件,当一个资源角色被删除时，系统发出的通知事件。
ResourceRoleCreateEventPayload,ResourceRoleCreateEventPayload generic structure,资源角色创建事件数据,资源角色创建事件所携带的具体数据内容。
ResourceRoleCreateEvent,,资源角色创建事件,当一个资源角色被创建时，系统发出的通知事件。
ResourceRoleAttributeValueChangeEventPayload,ResourceRoleAttributeValueChangeEventPayload generic structure,资源角色属性值变更事件数据,资源角色属性值变更事件所携带的具体数据内容。
ProductTestSpecificationDeleteEventPayload,ProductTestSpecificationDeleteEventPayload generic structure,产品测试规约删除事件数据,产品测试规约删除事件所携带的具体数据内容。
ProductTestSpecificationDeleteEvent,,产品测试规约删除事件,当一个产品测试规约被删除时，系统发出的通知事件。
ProductTestSpecificationCreateEventPayload,ProductTestSpecificationCreateEventPayload generic structure,产品测试规约创建事件数据,产品测试规约创建事件所携带的具体数据内容。
ProductTestSpecificationCreateEvent,,产品测试规约创建事件,当一个产品测试规约被创建时，系统发出的通知事件。
ProductTestSpecificationAttributeValueChangeEventPayload,ProductTestSpecificationAttributeValueChangeEventPayload generic structure,产品测试规约属性值变更事件数据,产品测试规约属性值变更事件所携带的具体数据内容。
ProductTestSpecificationAttributeValueChangeEvent,,产品测试规约属性值变更事件,当一个产品测试规约的属性值发生变化时，系统发出的通知事件。
ProductTestSpecification,,产品测试规约,产品测试的模板或蓝图，定义了测试的目标、方法和参数。
ProductTestSpecRelationship,,产品测试规约关系,描述不同产品测试规约（模板）之间的关系。
ProductTestCreateEventPayload,ProductTestCreateEventPayload generic structure,产品测试创建事件数据,产品测试创建事件所携带的具体数据内容。
ProductTestCreateEvent,,产品测试创建事件,当一个产品测试被创建时，系统发出的通知事件。
ProductTestAttributeValueChangeEventPayload,ProductTestAttributeValueChangeEventPayload generic structure,产品测试属性值变更事件数据,产品测试属性值变更事件所携带的具体数据内容。
ProductTestAttributeValueChangeEvent,,产品测试属性值变更事件,当一个产品测试的属性值发生变化时，系统发出的通知事件。
ProductTest,,产品测试,描述在某个产品实例上执行的一次具体测试活动。
OpenGatewayProductOfferingStateChangeEventPayload,OpenGatewayProductOfferingStateChangeEventPayload,OGW产品目录状态变更事件数据,Open Gateway产品目录状态变更事件所携带的具体数据内容。
ResourceRole_RES,Response object for ResourceRole,资源角色响应,对资源角色（ResourceRole）请求的响应对象。
ResourceRoleStatusChangeEventPayload,ResourceRoleStatusChangeEventPayload generic structure,资源角色状态变更事件数据,资源角色状态变更事件所携带的具体数据内容。
ResourceUsageSpecificationAttributeValueChangeEventPayload,ResourceUsageSpecificationAttributeValueChangeEventPayload generic structure,资源使用量规约属性值变更事件数据,资源使用量规约属性值变更事件所携带的具体数据内容。
ResourceUsageSpecificationAttributeValueChangeEvent,,资源使用量规约属性值变更事件,当一个资源使用量规约的属性值发生变化时，系统发出的通知事件。
ResourceUsageSpecification,,资源使用量规约,资源使用量的模板，定义了如何衡量某一类资源的使用情况及其属性。
ResourceUsageSpecRelationship,,资源使用量规约关系,描述不同资源使用量规约（模板）之间的关系。
ResourceUsageDeleteEventPayload,ResourceUsageDeleteEventPayload generic structure,资源使用量删除事件数据,资源使用量删除事件所携带的具体数据内容。
ResourceUsageDeleteEvent,,资源使用量删除事件,当一条资源使用量记录被删除时，系统发出的通知事件。
ResourceUsageCreateEventPayload,ResourceUsageCreateEventPayload generic structure,资源使用量创建事件数据,资源使用量创建事件所携带的具体数据内容。
ResourceUsageCreateEvent,,资源使用量创建事件,当一条资源使用量记录被创建时，系统发出的通知事件。
ResourceUsageAttributeValueChangeEventPayload,ResourceUsageAttributeValueChangeEventPayload generic structure,资源使用量属性值变更事件数据,资源使用量属性值变更事件所携带的具体数据内容。
ResourceUsageAttributeValueChangeEvent,,资源使用量属性值变更事件,当一条资源使用量记录的属性值发生变化时，系统发出的通知事件。
ResourceUsage,,资源使用量,记录一次具体资源（如CPU、带宽）的使用情况，是服务使用量的基础。
ProductTestStateChangeEventPayload,ProductTestStateChangeEventPayload generic structure,产品测试状态变更事件数据,产品测试状态变更事件所携带的具体数据内容。
ProductTestStateChangeEvent,,产品测试状态变更事件,当一个产品测试的状态发生变化时，系统发出的通知事件。
ProductTestSpecificationStateChangeEventPayload,ProductTestSpecificationStateChangeEventPayload generic structure,产品测试规约状态变更事件数据,产品测试规约状态变更事件所携带的具体数据内容。
ProductTestSpecificationStateChangeEvent,,产品测试规约状态变更事件,当一个产品测试规約的状态发生变化时，系统发出的通知事件。
ProductTestSpecificationRef,Product Test specification reference: ProductTestSpecification(s) required to realize a Test Specification.,产品测试规约引用,用于简要引用一个产品测试规约（模板）。
OutageStateChangeEventPayload,OutageStateChangeEventPayload generic structure,中断状态变更事件数据,服务或资源中断状态变更事件所携带的具体数据内容。
OutageStateChangeEvent,,(服务)中断状态变更事件,当一个服务或资源中断的状态发生变化时，系统发出的通知事件。
OutageDeleteEventPayload,OutageDeleteEventPayload generic structure,中断删除事件数据,中断删除事件所携带的具体数据内容。
OutageDeleteEvent,,中断删除事件,当一个中断记录被删除时，系统发出的通知事件。
OutageCreateEventPayload,OutageCreateEventPayload generic structure,中断创建事件数据,中断创建事件所携带的具体数据内容。
OutageCreateEvent,,中断创建事件,当一个中断记录被创建时，系统发出的通知事件。
OutageAttributeValueChangeEventPayload,OutageAttributeValueChangeEventPayload generic structure,中断属性值变更事件数据,中断属性值变更事件所携带的具体数据内容。
OutageAttributeValueChangeEvent,,中断属性值变更事件,当一个中断记录的属性值发生变化时，系统发出的通知事件。
Outage_RES,Response object for Outage,中断响应,对中断（Outage）请求的响应对象。
Outage,,(服务)中断,描述一次服务或资源的中断事件及其影响范围。
ImpactType,Possible values for the impact of an Incident,影响类型,定义一次事件（如中断）造成的影响类型，例如“服务降级”、“完全中断”。
ChangeRequestRef,,变更请求引用,用于简要引用一个正式的变更请求。
ResourceUsageSpecificationDeleteEventPayload,ResourceUsageSpecificationDeleteEventPayload generic structure,资源使用量规约删除事件数据,资源使用量规约删除事件所携带的具体数据内容。
ResourceUsageSpecificationDeleteEvent,,资源使用量规约删除事件,当一个资源使用量规约被删除时，系统发出的通知事件。
ResourceUsageSpecificationCreateEventPayload,ResourceUsageSpecificationCreateEventPayload generic structure,资源使用量规约创建事件数据,资源使用量规约创建事件所携带的具体数据内容。
ResourceUsageSpecificationCreateEvent,,资源使用量规约创建事件,当一个资源使用量规约被创建时，系统发出的通知事件。
IntentSpecification,,意图规约,意图的模板或蓝图，定义了一类意图的参数、目标和约束。
IntentReportDeleteEventPayload,IntentReportDeleteEventPayload generic structure,意图报告删除事件数据,意图报告删除事件所携带的具体数据内容。
IntentReportDeleteEvent,,意图报告删除事件,当一个意图报告被删除时，系统发出的通知事件。
IntentReportCreateEventPayload,IntentReportCreateEventPayload generic structure,意图报告创建事件数据,意图报告创建事件所携带的具体数据内容。
IntentReportCreateEvent,,意图报告创建事件,当一个意图报告被创建时，系统发出的通知事件。
IntentReportAttributeValueChangePayload,IntentReportAttributeValueChangePayload generic structure,意图报告属性值变更事件数据,意图报告属性值变更事件所携带的具体数据内容。
IntentReportAttributeValueChange,,意图报告属性值变更事件,当一个意图报告的属性值发生变化时，系统发出的通知事件。
IntentReport,,意图报告,关于某个意图执行状态和结果的报告。
IntentDeleteEventPayload,IntentDeleteEventPayload generic structure,意图删除事件数据,意图删除事件所携带的具体数据内容。
IntentDeleteEvent,,意图删除事件,当一个意图被删除时，系统发出的通知事件。
IntentCreateEventPayload,IntentCreateEventPayload generic structure,意图创建事件数据,意图创建事件所携带的具体数据内容。
IntentCreateEvent,,意图创建事件,当一个意图被创建时，系统发出的通知事件。
IntentAttributeValueChangeEventPayload,IntentAttributeValueChangeEventPayload generic structure,意图属性值变更事件数据,意图属性值变更事件所携带的具体数据内容。
IntentAttributeValueChangeEvent,,意图属性值变更事件,当一个意图的属性值发生变化时，系统发出的通知事件。
ExpressionSpecification,,表达式规约,用于定义意图表达式的模板。
OutageStateType,Possible values for the state of an Outage,中断状态类型,定义了中断在其生命周期中所处的各种状态，例如“已诊断”、“已解决”。
OpenGatewayProductOfferingStateChangeEvent,,OGW产品目录状态变更事件,当一个Open Gateway产品目录的状态发生变化时，系统发出的通知事件。
ApiDigitalIdentity,,API数字身份,与API交互相关的数字身份信息。
ApiConsumerPermission,,API消费者权限,描述API消费者（应用）所拥有的权限。
ApiAuthorization,,API授权,描述一次API访问的授权信息。
ProbeIntent,"An Probe Intent instance is the formal description of all expectations including requirements, goals, and constraints given to a technical system",探测意图,一种特殊的意图，用于探测或测试系统的状态和能力。
IntentStatusChangeEventPayload,IntentStatusChangeEventPayload generic structure,意图状态变更事件数据,意图状态变更事件所携带的具体数据内容。
IntentStatusChangeEvent,,意图状态变更事件,当一个意图的状态发生变化时，系统发出的通知事件。
IntentSpecificationStatusChangeEventPayload,IntentSpecificationStatusChangeEventPayload generic structure,意图规约状态变更事件数据,意图规约状态变更事件所携带的具体数据内容。
IntentSpecificationStatusChangeEvent,,意图规约状态变更事件,当一个意图规约的状态发生变化时，系统发出的通知事件。
IntentSpecificationRelationship,,意图规约关系,描述不同意图规约（模板）之间的关系。
IntentSpecificationDeleteEventPayload,IntentSpecificationDeleteEventPayload generic structure,意图规约删除事件数据,意图规约删除事件所携带的具体数据内容。
IntentSpecificationDeleteEvent,,意图规约删除事件,当一个意图规约被删除时，系统发出的通知事件。
IntentSpecificationCreateEventPayload,IntentSpecificationCreateEventPayload generic structure,意图规约创建事件数据,意图规约创建事件所携带的具体数据内容。
IntentSpecificationCreateEvent,,意图规约创建事件,当一个意图规约被创建时，系统发出的通知事件。
IntentSpecificationAttributeValueChangeEventPayload,IntentSpecificationAttributeValueChangeEventPayload generic structure,意图规约属性值变更事件数据,意图规约属性值变更事件所携带的具体数据内容。
IntentSpecificationAttributeValueChangeEvent,,意图规约属性值变更事件,当一个意图规约的属性值发生变化时，系统发出的通知事件。
ApiProductOrderCreateEventPayload,ApiProductOrderCreateEventPayload,API产品订单创建事件数据,API产品订单创建事件所携带的具体数据内容。
ApiProductOrderCreateEvent,,API产品订单创建事件,当一个API产品订单被创建时，系统发出的通知事件。
ApiProductOrderAttributeValueChangeEventPayload,ApiProductOrderAttributeValueChangeEventPayload,API产品订单属性值变更事件数据,API产品订单属性值变更事件所携带的具体数据内容。
ApiProductOrderAttributeValueChangeEvent,,API产品订单属性值变更事件,当一个API产品订单的属性值发生变化时，系统发出的通知事件。
ApiProductOrder_RES,Response object for ApiProductOrder,API产品订单响应,对API产品订单（ApiProductOrder）请求的响应对象。
ApiProductOrder,,API产品订单,用于订购API产品的订单。
ApiProductLocationVerificationAntifraud,,API产品-位置验证反欺诈,一种API产品，提供基于位置验证的反欺诈服务。
ApiProductDeviceLocationVerification,,API产品-设备位置验证,一种API产品，提供验证设备地理位置的服务。
ApiProductActionModifyDeviceLocationVerification,,API产品动作-修改设备位置验证,修改设备位置验证API产品的配置动作。
ApiProductActionModify,,API产品修改动作,修改API产品的通用配置动作。
ApiProductActionAddDeviceLocationVerificationBundled,,API产品动作-添加组合设备位置验证,添加组合式的设备位置验证API产品的配置动作。
ApiProductActionAddDeviceLocationVerification,,API产品动作-添加设备位置验证,添加设备位置验证API产品的配置动作。
ApiProductActionAdd,,API产品添加动作,添加API产品的通用配置动作。
ApiProduct_RES,Response object for ApiProduct,API产品响应,对API产品（ApiProduct）请求的响应对象。
ApiProduct,,API产品,将一组API能力打包成可供订购和管理的产品。
ApiPermissionSet,,API权限集,专门用于API访问控制的一组权限集合。
ApplicationOwner_RES,Response object for ApplicationOwner,应用所有者响应,对应用所有者（ApplicationOwner）请求的响应对象。
ApplicationOwner,,应用所有者,拥有某个应用（Application）的个人或组织。
ApplicationCreateEventPayload,ApplicationCreateEventPayload,应用创建事件数据,应用创建事件所携带的具体数据内容。
ApplicationCreateEvent,,应用创建事件,当一个应用被创建时，系统发出的通知事件。
ApplicationCategoryType,Valid values for the category of the Application. Please refer to main Application stores in order to retrieve a more precise definition of the categories.,应用分类类型,定义了应用的类别，例如“金融”、“游戏”等。
ApplicationAttributeValueChangeEventPayload,ApplicationAttributeValueChangeEventPayload,应用属性值变更事件数据,应用属性值变更事件所携带的具体数据内容。
ApplicationAttributeValueChangeEvent,,应用属性值变更事件,当一个应用的属性值发生变化时，系统发出的通知事件。
ApplicationApprovalStatusChangeEventPayload,ApplicationApprovalStatusChangeEventPayload,应用审批状态变更事件数据,应用审批状态变更事件所携带的具体数据内容。
ApplicationApprovalStatusChangeEvent,,应用审批状态变更事件,当一个应用的审批状态发生变化时，系统发出的通知事件。
Application_RES,Response object for Application,应用响应,对应用（Application）请求的响应对象。
Application,,应用,描述一个软件应用，它通常是API的消费者。
ApiVersionDetails,,API版本详情,描述一个API特定版本的详细信息。
ApiProductOrderStateChangeEventPayload,ApiProductOrderStateChangeEventPayload,API产品订单状态变更事件数据,API产品订单状态变更事件所携带的具体数据内容。
ApiProductOrderStateChangeEvent,,API产品订单状态变更事件,当一个API产品订单的状态发生变化时，系统发出的通知事件。
ApiProductOrderItemModify,,API产品订单项-修改,API产品订单中用于修改现有产品的订单项。
ApiProductOrderItemAdd,,API产品订单项-新增,API产品订单中用于新增产品的订单项。
DCSProductOrderItem,An identified part of the order. A product order is decomposed into one or more order items.,DCS产品订单项,数字化客户自服务（DCS）场景下的产品订单项。
DataExportCountry,,数据导出国家,在数据导出操作中，指定目标国家，通常与数据主权法规相关。
ApprovalStatusType,Valid values for an ApprovalStatus in the context of an approval process.,审批状态类型,定义了审批流程中的各种状态，例如“待审批”、“已批准”、“已拒绝”。
ApplicationRef,Reference to an Application.,应用引用,用于简要引用一个应用。
ApplicationOwnerStatusType,Used to track the lifecycle status of the ApplicationOwner in Channel Partner IT. So this attribute is allowed to be contributed by the Channel Partner and patchable.,应用所有者状态类型,应用所有者在渠道合作IT系统中的生命周期状态。
ApplicationOwnerRelatedOrganization,,应用所有者关联组织,与应用所有者相关的组织信息。
ApplicationOwnerRelatedLocalRepresentative,,应用所有者关联本地代表,与应用所有者相关的本地代表信息。
ApplicationOwnerRelatedIndividual,,应用所有者关联个人,与应用所有者相关的个人信息。
ApplicationOwnerPartyOrPartyRole,Schema that permits to identify an Individual or an Organisation in the Open Gateway context.,应用所有者(参与方或角色),在Open Gateway场景下，用于标识作为应用所有者的个人或组织。
ApplicationOwnerOrganization,,应用所有者(组织),当应用所有者是一个组织时的详细信息。
ApplicationOwnerCreateEventPayload,ApplicationOwnerCreateEventPayload,应用所有者创建事件数据,应用所有者创建事件所携带的具体数据内容。
ApplicationOwnerCreateEvent,,应用所有者创建事件,当一个应用所有者被创建时，系统发出的通知事件。
ApplicationOwnerAttributeValueChangeEventPayload,ApplicationOwnerAttributeValueChangeEventPayload,应用所有者属性值变更事件数据,应用所有者属性值变更事件所携带的具体数据内容。
ApplicationOwnerAttributeValueChangeEvent,,应用所有者属性值变更事件,当一个应用所有者的属性值发生变化时，系统发出的通知事件。
ApplicationOwnerApprovalStatusChangeEventPayload,ApplicationOwnerApprovalStatusChangeEventPayload,应用所有者审批状态变更事件数据,应用所有者审批状态变更事件所携带的具体数据内容。
ApplicationOwnerApprovalStatusChangeEvent,,应用所有者审批状态变更事件,当一个应用所有者的审批状态发生变化时，系统发出的通知事件。
OpenGatewayOrderItemRelationship,,OGW订单项关系,Open Gateway场景下，订单项之间的关系。
OAuth2ClientCredential,,OAuth2客户端凭证,客户端应用在OAuth 2.0授权流程中用于向授权服务器进行身份验证的凭证。
LogicalResourceRole,A logical Resource Role is a role given to a logical resource in a given context.,逻辑资源角色,一个逻辑资源在特定上下文中扮演的角色。
LightGeographicSubAddress,,轻量地理子地址,一个简化的地理子地址模型，只包含最核心的字段。
LightGeographicAddress,,轻量地理地址,一个简化的地理地址模型，只包含最核心的字段。
ISO31661Alpha2StandardIdentifier,,ISO 3166-1 Alpha-2国家代码,一种标准标识符，用于表示符合ISO 3166-1 Alpha-2标准的两位字母国家代码，例如'CN'代表中国。
GCProductOrderItem,General Context ProductOrderItem that can be used as a Domain Specialization Order Item or as a non-specialised OrderItem.,通用产品订单项,一种通用的产品订单项，既可以作为特定领域的订单项基类，也可以直接用作非专业化的订单项。
OpenGatewayProductOfferingPriceType,Used to indicate the ProductOfferingPrice priceType with limited enum values for Open Gateway context. Kept for base schema ProductOfferingPrice backward compatibility reason.,OGW产品价格类型,Open Gateway场景下，用于表示产品价格类型的枚举，取值范围比标准模型更简化。
DpvProcessingOperationType,Valid values for the data processing operation based on W3C Data Privacy Vocabulary v2 https://w3c.github.io/dpv/2./dpv/.,DPV-处理操作类型,W3C数据隐私词汇表中定义的数据处理操作类型，例如“收集”、“使用”、“存储”。
DpvProcessingContextType,Valid values for the data processing context classes based on W3C Data Privacy Vocabulary v2 https://w3c.github.io/dpv/2./dpv/,DPV-处理上下文类型,W3C数据隐私词汇表中定义的数据处理上下文类型。
DpvProcess,,DPV-处理过程,W3C数据隐私词汇表中定义的、描述一次完整数据处理过程的模型。
DpvOrganizationType,Valid values for a type of organization based on W3C Data Privacy Vocabulary v2 https://w3c.github.io/dpv/2./dpv.,DPV-组织类型,W3C数据隐私词汇表中定义的组织类型。
OpenGatewayProductOfferingPriceLifecycleStatus,Used to indicate the current ProductOfferingPrice lifecyclestatus with limited enum values for Open Gateway context.,OGW产品价格生命周期状态,Open Gateway场景下，用于表示产品价格生命周期状态的枚举。
DpvFrequencyType,Valid values for the data processing frequency based on W3C Data Privacy Vocabulary v2 https://w3c.github.io/dpv/2./dpv/,DPV-处理频率类型,W3C数据隐私词汇表中定义的数据处理频率类型，例如“每日一次”、“持续处理”。
DpvDurationType,Valid values for the data processing duration based on W3C Data Privacy Vocabulary v2 https://w3c.github.io/dpv/2./dpv/,DPV-处理时长类型,W3C数据隐私词汇表中定义的数据处理时长类型，例如“处理30天”。
DpvContext,,DPV-上下文,W3C数据隐私词汇表中定义的、描述数据处理相关背景信息的模型。
DcsProductOfferingPrice,,DCS-产品价格,数字化客户自服务（DCS）场景下的产品价格模型，通常是标准模型的简化版。
DcsProductOffering,,DCS-产品目录,数字化客户自服务（DCS）场景下的可销售产品模型。
DcsCategoryRef,"Reference to a category in the catalog. This DCS schema is a subset of the standard CategoryRef schema, that can be extended for specific contexts. This must be done reusing existing attributes in the standard CategoryRef schema or adding specific attributes.",DCS-分类引用,数字化客户自服务（DCS）场景下的分类引用，是标准模型的子集。
DcsAllowedProductAction,,DCS-允许的产品动作,数字化客户自服务（DCS）场景下，定义了对产品允许执行的操作。
ApiVersionInformation,,API版本信息,包含API的版本号及相关详情。
OpenGatewayProductOfferingCreateEventPayload,OpenGatewayProductOfferingCreateEventPayload,OGW产品目录创建事件数据,Open Gateway产品目录创建事件所携带的具体数据内容。
OpenGatewayProductOfferingAttributeValueChangeEvent,,OGW产品目录属性值变更事件,当一个Open Gateway产品目录的属性值发生变化时，系统发出的通知事件。
OpenGatewayProductOffering_RES,Response object for OpenGatewayProductOffering,OGW产品目录响应,对Open Gateway产品目录（OpenGatewayProductOffering）请求的响应对象。
OpenGatewayProductOffering,,OGW产品目录,Open Gateway场景下的可销售产品模型。
OpenGatewayFileAttachment,,OGW文件附件,Open Gateway场景下的文件附件模型。
OpenGatewayAttachmentType,Used to indicate the Attachment attachmentType with limited enum values for Open Gateway context.,OGW附件类型,Open Gateway场景下，用于表示附件类型的枚举。
OpenGatewayAttachment,,OGW附件,Open Gateway场景下的附件模型。
OpenGatewayAllowedProductActionType,Used to indicate the AllowedProductAction action with limited enum values for Open Gateway context.,OGW允许的产品动作类型,Open Gateway场景下，用于表示允许的产品动作的枚举。
OpenGatewayAllowedProductAction,,OGW允许的产品动作,Open Gateway场景下，定义了对产品允许执行的操作。
DcsProductSpecificationRelationship,,DCS-产品规格关系,数字化客户自服务（DCS）场景下，产品规格之间的关系。
OpenGatewayProductOfferingPrice,,OGW产品价格,Open Gateway场景下的产品价格模型。
OpenGatewayProductOfferingLifecycleStatusType,Used to indicate the ProductOffering lifecycleStatus with limited enum values for Open Gateway context.,OGW产品目录生命周期状态类型,Open Gateway场景下，用于表示产品目录生命周期状态的枚举。
OpenGatewayProductOfferingDeleteEventPayload,OpenGatewayProductOfferingDeleteEventPayload,OGW产品目录删除事件数据,Open Gateway产品目录删除事件所携带的具体数据内容。
CategoryDeleteEventPayload,CategoryDeleteEventPayload generic structure,分类删除事件数据,分类删除事件所携带的具体数据内容。
CategoryDeleteEvent,,分类删除事件,当一个分类被删除时，系统发出的通知事件。
CategoryCreateEventPayload,CategoryCreateEventPayload generic structure,分类创建事件数据,分类创建事件所携带的具体数据内容。
ApiStandardNameType,Valid values for the name of standard organization of project that is responsible of the API specification.,API标准名称类型,定义了负责API规范的标准组织或项目的名称。
ApiProductSpecification,,API产品规格,API产品的模板或蓝图，定义了API的技术特性和业务规则。
WebFormContactMedium,,网页表单联系方式,一种联系方式，通过提交网页表单进行联系。
UsageVolumeProductLocationVerification,,用量产品-位置验证,与位置验证相关的用量产品。
UsageVolume,Usage Volume for Open Gateway context.,用量,Open Gateway场景下，表示一次使用的量。
SimpleAttachment,,简单附件,标准附件（Attachment）模型的一个简化版本。
ProductOrderItemDelete,,删除产品订单项,用于表示删除一个产品订单项的动作或请求。
ProductOfferingTermOrConditionSpecRef,,产品目录条款规约引用,用于简要引用一个产品目录条款的规约（模板）。
DcsProductSpecificationRef,"ProductSpecification reference. A product specification represents entities that are orderable from the provider of the catalog. This DCS schema is a subset of the standard ProductSpecificationRef schema, that can be extended for specific contexts. This must be done reusing existing attributes in the standard ProductSpecificationRef schema or adding specific attributes.",DCS-产品规格引用,数字化客户自服务（DCS）场景下的产品规格引用。
DcsProductSpecification,,DCS-产品规格,数字化客户自服务（DCS）场景下的产品规格模型。
DcsProductOfferingTermOrConditionSpecification,,DCS-产品目录条款规约,数字化客户自服务（DCS）场景下的产品目录条款规约。
AllowedProductAction,,允许的产品动作,定义了对一个给定产品所允许执行的操作，例如“新增”、“修改”、“删除”。
OpenGatewayProductOfferingCreateEvent,,OGW产品目录创建事件,当一个Open Gateway产品目录被创建时，系统发出的通知事件。
CategoryCreateEvent,,分类创建事件,当一个分类被创建时，系统发出的通知事件。
ProductOfferingTermOrConditionApproval,Approval entity for the ProductOfferingTermOrCondition. Exists when Terms or Conditions are approved.,产品目录条款审批,对产品目录条款的审批记录。
ProductOfferingTermOrCondition,,产品目录条款,与某个可销售产品（Product Offering）相关的具体条款和条件。
PolicyManagedEntity (及其FVO),,策略管理实体(及其FVO),指一个受策略规则管控的业务实体。_FVO后缀代表其扁平化版本。
PolicyExpression (及其FVO),,策略表达式(及其FVO),一段可由脚本语言解析的文本表达式，用于策略中的复杂逻辑判断。_FVO后缀代表其扁平化版本。
Reference_FVO,Reference schema .,引用(FVO),通用的引用模型，包含ID和链接（href）的扁平化版本。
EventSubscriptionInput,Sets the communication endpoint address the service instance must use to deliver notification information,事件订阅输入,创建一个新的事件订阅时，客户端需要提供的数据，主要包含回调地址（callback）和查询条件（query）。
EventSubscription,Sets the communication endpoint address the service instance must use to deliver notification information,事件订阅,代表一个已创建的事件订阅实例，包含了订阅ID、回调地址和查询条件等信息。
MediumCharacteristic,Describes the contact medium characteristics that could be used to contact a party (an individual or an organization),媒介特征,描述联系方式（Contact Medium）的具体特征，例如“首选电话”、“工作邮箱”等。
CharacteristicSpecificationBase,This class defines a characteristic specification.,特征规约基类,定义了特征规约（模板）的通用基础属性。
RelatedProductOrderItem,RelatedProductOrderItem (ProductOrder item) .The product order item which triggered product creation/change/termination.,关联产品订单项,指向那个触发了产品创建、变更或终止的产品订单项的引用。
EntityValue,Base entity value  schema for use in TMForum Open-APIs,实体值,在API中用于表示一个实体的完整信息（值），而不是一个指向该实体的引用。
ResourceEntity,Base schema for REST Resources,资源实体,所有REST资源的基础模型，提供了id、href等通用属性。
FeatureSpecificationCharacteristicRelationship,"An aggregation, migration, substitution, dependency or exclusivity relationship between/among FeatureSpecificationCharacteristics.",功能规约特征关系,功能规约特征之间的聚合、迁移、替代、依赖或排他关系。
ManagedArtifactStateType,"Possible values for the state of a managed artifact: 'incomplete', 'beta', 'stable', 'deprecated'",受管工件状态类型,定义了受管工件（如API文档、规格）的生命周期状态，例如“不完整”、“测试版”、“稳定”、“已弃用”。
ManagedArtifact,General information about a managed artifact,受管工件,关于一个受管理工件（如API文档、规格）的通用信息。
TestAgreement,,测试协议,与测试相关的协议。
Attribute,,属性,一个通用的属性模型。
FeatureSpecificationCharacteristic,Configuration feature characteristic specification.,功能规约特征,配置功能特征的规约（模板）。
ServiceSpecRelationship,"A dependency, substitution or exclusivity relationship between/among service specifications.",服务规约关系,服务规约（模板）之间的依赖、替代或排他关系。
AlarmedObject,Identifies the managed object instance associated with the alarm.,受影响对象,标识与告警关联的、受影响的管理对象实例。
RelatedPartyRef,RelatedParty reference. A related party defines party or party role linked to a specific entity.,关联参与方引用,用于简要引用一个与特定实体关联的参与方或其角色。
AffectedService,,受影响的服务,受事件影响的服务。
Rule,,规则,一个通用的规则模型。
ResourceSpecificationChangeEvent,The notification data structure,资源规约变更事件,当一个资源规约发生变更时，系统发出的通知事件。
ResourceSpecificationChangeEventPayload,The event data structure,资源规约变更事件数据,资源规约变更事件所携带的具体数据内容。
ServiceCatalogChangeEvent,The notification data structure,服务目录变更事件,当一个服务目录发生变更时，系统发出的通知事件。
ServiceCatalogChangeEventPayload,The event data structure,服务目录变更事件数据,服务目录变更事件所携带的具体数据内容。
ServiceCatalogBatchEvent,The notification data structure,服务目录批处理事件,当对服务目录进行批量操作时，系统发出的通知事件。
ServiceCatalogBatchEventPayload,The event data structure,服务目录批处理事件数据,服务目录批处理事件所携带的具体数据内容。
ServiceCategoryChangeEvent,The notification data structure,服务分类变更事件,当一个服务分类发生变更时，系统发出的通知事件。
ServiceCategoryChangeEventPayload,The event data structure,服务分类变更事件数据,服务分类变更事件所携带的具体数据内容。
ServiceCandidateChangeEvent,The notification data structure,服务候选变更事件,当一个服务候选发生变更时，系统发出的通知事件。
ServiceCandidateChangeEventPayload,The event data structure,服务候选变更事件数据,服务候选变更事件所携带的具体数据内容。
ServiceEligibilityUnavailabilityReason,Reason for eligibility result if the ServiceQualification result is no (meaning the Service is not available),服务资格不可用原因,当服务资格查询结果为“否”（即服务不可用）时的原因说明。
SpecificationCharacteristicValue,A number or text that can be assigned to a SpecificationCharacteristic,规约特征值,可分配给规约特征的一个数值或文本。
RoleSpecification,A RoleSpecification represents a specification of a role.,角色规约,角色的规约（模板），定义了一类角色的通用属性和规则。
ProductSpecificationCharacteristicRelationship,"An aggregation, migration, substitution, dependency or exclusivity relationship between/among productSpecificationCharacteristics.",产品规格特征关系,产品规格特征之间的聚合、迁移、替代、依赖或排他关系。
ProductSpecificationCharacteristic,"A characteristic quality or distinctive feature of a ProductSpecification.  The characteristic can be take on a discrete value, such as color, can take on a range of values, (for example, sensitivity of 1-24 mV), or can be derived from a formula (for example, usage time (hrs) = 3 - talk time *3). Certain characteristics, such as color, may be configured during the ordering or some other process.",产品规格特征,产品规格的一个特征或独特属性，其值可以是离散值、范围或公式计算结果。
NetworkProductRef,Reference of a product,网络产品引用,用于简要引用一个网络产品。
NetworkProduct,An instantiated network product (specialization of a product) subscribed by a customer.,网络产品,客户已订购的一个实例化的网络产品（是Product的特化），例如一条具体的手机线路。
TestSuiteRef,A reference to a managed test suite resource,测试套件引用,用于简要引用一个受管理的测试套件资源。
TopicDeleteEventPayload,The event data structure,主题删除事件数据,主题删除事件所携带的具体数据内容。
ServiceSpecificationChangeEvent,The notification data structure,服务规格变更事件,当一个服务规格发生变更时，系统发出的通知事件。
ServiceSpecificationChangeEventPayload,The event data structure,服务规格变更事件数据,服务规格变更事件所携带的具体数据内容。
ResourceSpecificationCharacteristicRelationship,"An aggregation, migration, substitution, dependency or exclusivity relationship between/among ResourceSpecificationCharacteristics. The specification characteristic is embedded within the specification whose ID and href are in this entity, and identified by its ID.",资源规约特征关系,资源规约特征之间的聚合、迁移、替代、依赖或排他关系。
ResourceSpecificationCharacteristic,"This class defines the characteristic features of a resource specification. Every ResourceSpecification has a variety of important attributes, methods, constraints, and",资源规约特征,定义了资源规约的特征，包括其属性、方法、约束等。
Partner,The part played by a party in a given context.,合作伙伴,一个参与方（Party）在特定上下文中扮演的角色。
UsageStatusType,Possible values for the status of the Usage,用量状态类型,定义了用量的状态。
UsageSpecificationRef,"UsageSpecification reference. UsageSpecification is a detailed description of a usage event that are of interest to the business and can have charges applied to it. It is comprised of characteristics, which define all attributes known for a particular type of usage.",用量规约引用,用于简要引用一个用量规约（模板），该规约详细描述了一类可计费的用量事件。
UsageCharacteristic,Provides the value of a given characteristic,用量特征,描述一次用量事件的具体特征值。
Usage,"An occurrence of employing a Product, Service, or Resource for its intended purpose, which is of interest to the business and can have charges applied to it. It is comprised of characteristics, which represent attributes of usage.",用量,对产品、服务或资源的一次使用事件的记录，是计费的基础。
TopicChangeEvent,The notification data structure,主题变更事件,当一个主题发生变更时，系统发出的通知事件。
TopicCreateEventPayload,The event data structure,主题创建事件数据,主题创建事件所携带的具体数据内容。
TopicCreateEvent,The notification data structure,主题创建事件,当一个主题被创建时，系统发出的通知事件。
Topic,Is a event channel provided by the Event Streaming API,主题,事件流API提供的一个事件频道。
EntityCategoryRef,Reference to Entity Category object. The (entity) category resource is used to group entity catalog items in logical containers. Categories can contain other categories.,实体分类引用,用于简要引用一个实体分类。实体分类用于将实体目录项分组到逻辑容器中。
AssociationRole,This embedded object represents the role and type of each entity involved in a relationship.,关联角色,描述在关联关系中，每个实体所扮演的角色和类型。
Association,Association is the class that describes a relationship between two or more entities or entity specifications based on a given association specification. The role of each endpoint in the relationship is given by an association role. The type of endpoints in the relationship should match the ones as defined in the corresponding association role specification. A relationship between entity specifications may be governed by conditions and rules which are addressed by constraint references in this resource. Constraints for a relationship may include new rules and conditions in addition to those defined for the corresponding association specification,关联,描述两个或多个实体或实体规约之间关系的类。
AgreementSpecCharacteristicValue,A number or text that can be assigned to an agreement specification characteristic.,协议规约特征值,可分配给协议规约特征的一个数值或文本。
AgreementSpecCharacteristic,A characteristic quality or distinctive feature of an agreement.,协议规约特征,协议的一个特征或独特属性。
ThresholdRule,ThresholdRule A base entity for concrete definition of thresholds.This datatype  is  abstract,阈值规则,定义阈值的具体规则的基础模型。
PerformanceConsequence,A Consequence can be applied as a result of a threshold crossing or a threshold ceasing to be crossed,性能后果,因阈值穿越或穿越停止而应用的后果。
PerformanceAlarmSpecification,The specification of how to populate the alarm fields when generating a threshold crossing alarm.,性能告警规约,定义了当生成阈值穿越告警时，如何填充告警字段的规则。
Consequence,A threshold crossing or a threshold ceased to be crossing results in a Performance consequence.,后果,阈值穿越或穿越停止所导致的结果。
GeneralTestArtifactRef,A reference to a managed general test artifact resource,通用测试工件引用,用于简要引用一个受管理的通用测试工件资源。
Execution,The base for all Execution resources,执行,所有执行（Execution）资源的基类。
ConcreteResourceMapping,Individual mapping from an abstract resource to a list of concrete resources,具体资源映射,从一个抽象资源到一组具体资源的单个映射关系。
ConcreteResource,,具体资源,一个具体的、非抽象的资源。
AbstractEnvironmentRef,A reference to a managed test abstract environment resource,抽象环境引用,用于简要引用一个受管理的测试抽象环境资源。
UserRoleRef,A UserRoleRef is a detailed information concerning an individual access entitlement.,用户角色引用,关于个人访问权限的详细信息。
ScheduleRef,Schedule reference.,计划引用,用于简要引用一个计划。
ResourceGraphRelationship,Describes links between resource graphs.,资源图关系,描述资源图之间的链接。
ResourceGraphRef,Resource graph reference.,资源图引用,用于简要引用一个资源图。
ResourceGraph,Resource graph,资源图,描述资源及其相互连接关系的图谱。
ResourceFunction,A ResourceFunction is a behavior to transform inputs of any nature into outputs of any nature independently from the way it is provided.,资源功能,一种将输入转换为输出的行为，独立于其实现方式。
EndpointRef,A vertex in a resource graph.,端点引用 (顶点),资源图中的一个顶点。
ConnectionPointRef,Connection point reference. A connection point provides a service access point (SAP) for input and/or output of the resource function.,连接点引用,用于简要引用一个连接点，连接点是资源功能的输入/输出服务接入点。
Connection,An edge in a resource graph.,连接 (边),资源图中的一条边。
AssociationDeleteEventPayload,The event data structure,关联删除事件数据,关联删除事件所携带的具体数据内容。
AssociationDeleteEvent,The notification data structure,关联删除事件,当一个关联被删除时，系统发出的通知事件。
AssociationCreateEventPayload,The event data structure,关联创建事件数据,关联创建事件所携带的具体数据内容。
AssociationCreateEvent,The notification data structure,关联创建事件,当一个关联被创建时，系统发出的通知事件。
TopicDeleteEvent,The notification data structure,主题删除事件,当一个主题被删除时，系统发出的通知事件。
TopicChangeEventPayload,The event data structure,主题变更事件数据,主题变更事件所携带的具体数据内容。
TestSuiteExecution,REST resource for the test suite execution lifecycle,测试套件执行,用于管理测试套件执行生命周期的REST资源。
TestScenarioRef,A reference to a managed test scenario resource,测试场景引用,用于简要引用一个受管理的测试场景资源。
TestExecutionRef,A reference to an execution of a test activity,测试执行引用,用于简要引用一次测试活动的执行。
TestExecution,The base for all Test Execution resources,测试执行,所有测试执行（Test Execution）资源的基类。
TestEnvironmentProvisioningExecution,REST resource for test environment provisioning lifecycle,测试环境部署执行,用于管理测试环境部署生命周期的REST资源。
TestEnvironmentAllocationExecution,REST resource for test environment allocation lifecycle,测试环境分配执行,用于管理测试环境分配生命周期的REST资源。
TestDataInstanceRef,A reference to a managed test data instance resource,测试数据实例引用,用于简要引用一个受管理的测试数据实例资源。
TestCaseRef,A reference to a managed test case artifact,测试用例引用,用于简要引用一个受管理的测试用例工件。
TestCaseExecution,REST resource for the test case execution lifecycle,测试用例执行,用于管理测试用例执行生命周期的REST资源。
ProvisioningArtifactRef,A reference to a managed provisioning artifact resource,部署工件引用,用于简要引用一个受管理的部署工件资源。
NonFunctionalTestModelRef,A reference to a managed non-functional test model resource,非功能性测试模型引用,用于简要引用一个受管理的非功能性测试模型资源。
NonFunctionalTestExecution,REST resource for the non-functional test execution lifecycle,非功能性测试执行,用于管理非功能性测试执行生命周期的REST资源。
Entitlement,An Entitlement defines access levels to operate over a given function that can be included in an asset.,权益/授权,定义了在资产中包含的、操作某个功能的访问级别。
RelatedEntitySpecification,"A reference to an entity specification, where the type of the entity specification is not known in advance.",关联实体规约,对一个实体规约的引用，其实体类型预先未知。
RecommendationItem,A list of recommendation items. Every item is a product offering and its rank.,推荐项,推荐项目列表，每个项目是一个可销售产品及其排名。
EligibilityUnavailabilityReason,Reason for eligibility result if the productOfferingQualification result is no (meaning the productOffering or productSpec is not available).,资格不可用原因,当产品可提供性资格查询结果为“否”时的原因说明。
UsageConsumptionReportRef,Reference of an usage consumption report,用量消耗报告引用,用于简要引用一个用量消耗报告。
ServiceQualificationRelationship,,服务资格关系,服务资格查询中的关系。
UsageConsumptionReportRequest,An UsageConsumptionReportRequest allows to manage the calculation request of an usage consumption report,用量消耗报告请求,用于管理用量消耗报告计算请求。
UsageVolumeBalance,"The balance (called UsageVolumeBalance in the SID model) defines the remaining allowed product usage quantity in terms of volume, time, currency or events. It corresponds to the initial allowed usage quantity minus the usage consumed on the bucket.",用量余额,定义了剩余可用的产品使用量（以容量、时间、货币或事件计）。
UsageVolumeProduct,"A bucket (called UsageVolumeProduct in the SID model) represents a quantity of usage, as 2 hours national calls or 5 sms for example. It could be either a quantity or an amount in a currency (i.e. It could represent a fixed number of SMS, MMS, minutes of calls, quantity of data, number of events as well as a specific amount in a given currency). It requires one or more network products from which usages will debit the bucket.",用量产品,一个“桶”（Bucket）的概念，代表一定量的使用额度，例如“2小时国内通话”或“50条短信”。
UsageVolumeProductRef,Reference of a bucket,用量产品引用,用于简要引用一个用量产品，即一个“桶”（Bucket）的使用额度。
UsageConsumptionReportRequestStateChangeEvent,The notification data structure,用量消耗报告请求状态变更事件,当一个用量消耗报告请求的状态发生变化时，系统发出的通知事件。
UsageConsumptionReportRequestStateChangeEventPayload,The event data structure,用量消耗报告请求状态变更事件数据,用量消耗报告请求状态变更事件所携带的具体数据内容。
5GSliceService,5G Slice Service,5G切片服务,代表一个5G网络切片的服务。
EventCreateEvent,The notification data structure,事件创建事件,当一个通用事件被创建时，系统发出的通知事件。
EventCreateEventPayload,The event data structure,事件创建事件数据,事件创建事件所携带的具体数据内容。
BestIntent,"An Best Intent instance is the formal description of all expectations including requirements, goals, and constraints given to a technical system",最佳意图,对技术系统所有期望（包括需求、目标和约束）的正式描述。
RuleCreateEventPayload,The event data structure,规则创建事件数据,规则创建事件所携带的具体数据内容。
RuleCreateEvent,The notification data structure,规则创建事件,当一个规则被创建时，系统发出的通知事件。
AiContractViolationDeleteEventPayload,The event data structure,AI合同违约删除事件数据,AI合同违约删除事件所携带的具体数据内容。
AiContractViolationDeleteEvent,The notification data structure,AI合同违约删除事件,当一个AI合同违约记录被删除时，系统发出的通知事件。
AiContractViolationAttributeValueChangeEventPayload,The event data structure,AI合同违约属性值变更事件数据,AI合同违约属性值变更事件所携带的具体数据内容。
AiContractViolationAttributeValueChangeEvent,The notification data structure,AI合同违约属性值变更事件,当一个AI合同违约记录的属性值发生变化时，系统发出的通知事件。
AiContractViolationCreateEventPayload,The event data structure,AI合同违约创建事件数据,AI合同违约创建事件所携带的具体数据内容。
AiContractViolationCreateEvent,The notification data structure,AI合同违约创建事件,当一个AI合同违约记录被创建时，系统发出的通知事件。
AiContractDeleteEventPayload,The event data structure,AI合同删除事件数据,AI合同删除事件所携带的具体数据内容。
AiContractDeleteEvent,The notification data structure,AI合同删除事件,当一个AI合同被删除时，系统发出的通知事件。
AiContractStateChangeEventPayload,The event data structure,AI合同状态变更事件数据,AI合同状态变更事件所携带的具体数据内容。
AiContractStateChangeEvent,The notification data structure,AI合同状态变更事件,当一个AI合同的状态发生变化时，系统发出的通知事件。
AiContractAttributeValueChangeEventPayload,The event data structure,AI合同属性值变更事件数据,AI合同属性值变更事件所携带的具体数据内容。
AiContractAttributeValueChangeEvent,The notification data structure,AI合同属性值变更事件,当一个AI合同的属性值发生变化时，系统发出的通知事件。
AiContractCreateEventPayload,The event data structure,AI合同创建事件数据,AI合同创建事件所携带的具体数据内容。
AiContractCreateEvent,The notification data structure,AI合同创建事件,当一个AI合同被创建时，系统发出的通知事件。
GroupAlarmsCreateEvent,The notification data structure,告警分组创建事件,当一个告警分组操作被创建时，系统发出的通知事件。
CommentAlarmsStateChangeEventPayload,The event data structure,告警备注状态变更事件数据,告警备注状态变更事件所携带的具体数据内容。
CommentAlarmsStateChangeEvent,The notification data structure,告警备注状态变更事件,当一个告警备注操作的状态发生变化时，系统发出的通知事件。
CommentAlarmsCreateEventPayload,The event data structure,告警备注创建事件数据,告警备注创建事件所携带的具体数据内容。
CommentAlarmsCreateEvent,The notification data structure,告警备注创建事件,当一个告警备注操作被创建时，系统发出的通知事件。
ClearAlarmsCreateEvent,The notification data structure,告警清除创建事件,当一个告警清除操作被创建时，系统发出的通知事件。
UnAckAlarmsStateChangeEventPayload,The event data structure,告警取消确认状态变更事件数据,告警取消确认状态变更事件所携带的具体数据内容。
UnAckAlarmsStateChangeEvent,The notification data structure,告警取消确认状态变更事件,当一个告警取消确认操作的状态发生变化时，系统发出的通知事件。
UnAckAlarmsCreateEventPayload,The event data structure,告警取消确认创建事件数据,告警取消确认创建事件所携带的具体数据内容。
UnAckAlarmsCreateEvent,The notification data structure,告警取消确认创建事件,当一个告警取消确认操作被创建时，系统发出的通知事件。
AckAlarmsStateChangeEventPayload,The event data structure,告警确认状态变更事件数据,告警确认状态变更事件所携带的具体数据内容。
AckAlarmsStateChangeEvent,The notification data structure,告警确认状态变更事件,当一个告警确认操作的状态发生变化时，系统发出的通知事件。
AckAlarmsCreateEventPayload,The event data structure,告警确认创建事件数据,告警确认创建事件所携带的具体数据内容。
AckAlarmsCreateEvent,The notification data structure,告警确认创建事件,当一个告警确认操作被创建时，系统发出的通知事件。
UnGroupAlarmsStateChangeEventPayload,The event data structure,告警取消分组状态变更事件数据,告警取消分组状态变更事件所携带的具体数据内容。
UnGroupAlarmsStateChangeEvent,The notification data structure,告警取消分组状态变更事件,当一个告警取消分组操作的状态发生变化时，系统发出的通知事件。
UnGroupAlarmsCreateEventPayload,The event data structure,告警取消分组创建事件数据,告警取消分组创建事件所携带的具体数据内容。
UnGroupAlarmsCreateEvent,The notification data structure,告警取消分组创建事件,当一个告警取消分组操作被创建时，系统发出的通知事件。
GroupAlarmsStateChangeEventPayload,The event data structure,告警分组状态变更事件数据,告警分组状态变更事件所携带的具体数据内容。
GroupAlarmsStateChangeEvent,The notification data structure,告警分组状态变更事件,当一个告警分组操作的状态发生变化时，系统发出的通知事件。
GroupAlarmsCreateEventPayload,The event data structure,告警分组创建事件数据,告警分组创建事件所携带的具体数据内容。
AppointmentAttributeValueChangeEvent,The notification data structure,预约属性值变更事件,当一个预约的属性值发生变化时，系统发出的通知事件。
AppointmentCreateEventPayload,The event data structure,预约创建事件数据,预约创建事件所携带的具体数据内容。
AppointmentCreateEvent,The notification data structure,预约创建事件,当一个预约被创建时，系统发出的通知事件。
SearchTimeSlotStateType,Valid values for the lifecycle state of the searchTimeSlot,搜索时间槽状态类型,定义了搜索时间槽任务的生命周期状态。
SearchTimeSlot,This task resource is used to retrieve available time slots. One of this available time slot is after used to create or reschedule an appointment,搜索时间槽,用于检索可用时间段的任务资源，其结果可用于创建或重新安排预约。
Appointment,"An Appointment is an arrangement to do something or meet someone at a particular time, at a place (for face to face appointment) or in a contact medium (for phone appointment).",预约,在特定时间、地点或通过特定联系方式与某人会面或做某事的安排。
AckAlarms,Task resource for the acknowledge alarms operation,确认告警(任务),用于执行确认一个或多个告警操作的任务资源。
UnGroupAlarms,Task resource for ungroup alarms operation,取消告警分组(任务),用于执行取消告警分组操作的任务资源。
UnAckAlarms,Task resource for unacknowledge alarms operation,取消确认告警(任务),用于执行取消确认一个或多个告警操作的任务资源。
GroupAlarms,Task resource for group alarms operation,分组告警(任务),用于执行将多个告警分组操作的任务资源。
CommentAlarms,Task resource for comment alarms operation,备注告警(任务),用于执行对一个或多个告警添加备注操作的任务资源。
ClearAlarms,Task resource for clear alarms operation,清除告警(任务),用于执行清除一个或多个告警操作的任务资源。
ClearAlarmsStateChangeEventPayload,The event data structure,告警清除状态变更事件数据,告警清除状态变更事件所携带的具体数据内容。
ClearAlarmsStateChangeEvent,The notification data structure,告警清除状态变更事件,当一个告警清除操作的状态发生变化时，系统发出的通知事件。
ClearAlarmsCreateEventPayload,The event data structure,告警清除创建事件数据,告警清除创建事件所携带的具体数据内容。
SearchTimeSlotDeleteEventPayload,The event data structure,搜索时间槽删除事件数据,搜索时间槽删除事件所携带的具体数据内容。
SearchTimeSlotDeleteEvent,The notification data structure,搜索时间槽删除事件,当一个搜索时间槽任务被删除时，系统发出的通知事件。
SearchTimeSlotStateChangeEventPayload,The event data structure,搜索时间槽状态变更事件数据,搜索时间槽状态变更事件所携带的具体数据内容。
SearchTimeSlotStateChangeEvent,The notification data structure,搜索时间槽状态变更事件,当一个搜索时间槽任务的状态发生变化时，系统发出的通知事件。
SearchTimeSlotAttributeValueChangeEventPayload,The event data structure,搜索时间槽属性值变更事件数据,搜索时间槽属性值变更事件所携带的具体数据内容。
SearchTimeSlotAttributeValueChangeEvent,The notification data structure,搜索时间槽属性值变更事件,当一个搜索时间槽任务的属性值发生变化时，系统发出的通知事件。
SearchTimeSlotCreateEventPayload,The event data structure,搜索时间槽创建事件数据,搜索时间槽创建事件所携带的具体数据内容。
SearchTimeSlotCreateEvent,The notification data structure,搜索时间槽创建事件,当一个搜索时间槽任务被创建时，系统发出的通知事件。
AppointmentDeleteEventPayload,The event data structure,预约删除事件数据,预约删除事件所携带的具体数据内容。
AppointmentDeleteEvent,The notification data structure,预约删除事件,当一个预约被删除时，系统发出的通知事件。
AppointmentStateChangeEventPayload,The event data structure,预约状态变更事件数据,预约状态变更事件所携带的具体数据内容。
AppointmentStateChangeEvent,The notification data structure,预约状态变更事件,当一个预约的状态发生变化时，系统发出的通知事件。
AppointmentAttributeValueChangeEventPayload,The event data structure,预约属性值变更事件数据,预约属性值变更事件所携带的具体数据内容。
QuoteAttributeValueChangeEventPayload,The event data structure,报价单属性值变更事件数据,报价单属性值变更事件所携带的具体数据内容。
ThresholdChangeEvent,The notification data structure,阈值变更事件,当一个阈值发生变更时，系统发出的通知事件。
ThresholdCreateEventPayload,The event data structure,阈值创建事件数据,阈值创建事件所携带的具体数据内容。
ThresholdCreateEvent,The notification data structure,阈值创建事件,当一个阈值被创建时，系统发出的通知事件。
ThresholdJob,,阈值任务,与阈值监控相关的任务。
Threshold,A threshold base entity containing threshold rules.,阈值,包含阈值规则的基础实体。
MonitoredObjectsCriteria,Monitored objects are specified by the MonitoredObjectsCriteria.,被监控对象标准,用于指定被监控对象的标准。
ThresholdJobChangeEvent,The notification data structure,阈值任务变更事件,当一个阈值任务发生变更时，系统发出的通知事件。
ThresholdJobCreateEventPayload,The event data structure,阈值任务创建事件数据,阈值任务创建事件所携带的具体数据内容。
ThresholdJobCreateEvent,The notification data structure,阈值任务创建事件,当一个阈值任务被创建时，系统发出的通知事件。
ThresholdRuleDeleteEventPayload,The event data structure,阈值规则删除事件数据,阈值规则删除事件所携带的具体数据内容。
ThresholdRuleDeleteEvent,The notification data structure,阈值规则删除事件,当一个阈值规则被删除时，系统发出的通知事件。
ThresholdRuleBatchEventPayload,The event data structure,阈值规则批处理事件数据,阈值规则批处理事件所携带的具体数据内容。
ThresholdRuleBatchEvent,The notification data structure,阈值规则批处理事件,当对阈值规则进行批量操作时，系统发出的通知事件。
ThresholdRuleChangeEventPayload,The event data structure,阈值规则变更事件数据,阈值规则变更事件所携带的具体数据内容。
ThresholdRuleChangeEvent,The notification data structure,阈值规则变更事件,当一个阈值规则发生变更时，系统发出的通知事件。
ThresholdRuleCreateEventPayload,The event data structure,阈值规则创建事件数据,阈值规则创建事件所携带的具体数据内容。
ThresholdRuleCreateEvent,The notification data structure,阈值规则创建事件,当一个阈值规则被创建时，系统发出的通知事件。
ThresholdDeleteEventPayload,The event data structure,阈值删除事件数据,阈值删除事件所携带的具体数据内容。
ThresholdDeleteEvent,The notification data structure,阈值删除事件,当一个阈值被删除时，系统发出的通知事件。
ThresholdBatchEventPayload,The event data structure,阈值批处理事件数据,阈值批处理事件所携带的具体数据内容。
ThresholdBatchEvent,The notification data structure,阈值批处理事件,当对阈值进行批量操作时，系统发出的通知事件。
ThresholdChangeEventPayload,The event data structure,阈值变更事件数据,阈值变更事件所携带的具体数据内容。
ThresholdJobDeleteEventPayload,The event data structure,阈值任务删除事件数据,阈值任务删除事件所携带的具体数据内容。
ThresholdJobDeleteEvent,The notification data structure,阈值任务删除事件,当一个阈值任务被删除时，系统发出的通知事件。
ThresholdJobBatchEventPayload,The event data structure,阈值任务批处理事件数据,阈值任务批处理事件所携带的具体数据内容。
ThresholdJobBatchEvent,The notification data structure,阈值任务批处理事件,当对阈值任务进行批量操作时，系统发出的通知事件。
ThresholdJobChangeEventPayload,The event data structure,阈值任务变更事件数据,阈值任务变更事件所携带的具体数据内容。
ResourceOrderAttributeValueChangeEventPayload,The event data structure,资源订单属性值变更事件数据,资源订单属性值变更事件所携带的具体数据内容。
ResourceOrderAttributeValueChangeEvent,The notification data structure,资源订单属性值变更事件,当一个资源订单的属性值发生变化时，系统发出的通知事件。
ResourceOrderCreateEventPayload,The event data structure,资源订单创建事件数据,资源订单创建事件所携带的具体数据内容。
ResourceOrderCreateEvent,The notification data structure,资源订单创建事件,当一个资源订单被创建时，系统发出的通知事件。
ResourceOrderRef,,资源订单引用,用于简要引用一个资源订单。
ResourceOrderItemRelationship,,资源订单项关系,描述资源订单中不同订单项之间的关系。
ResourceOrderItemRef,,资源订单项引用,用于简要引用一个资源订单项。
ResourceOrderItem,An identified part of the order. A resource order is decomposed into one or more order items.,资源订单项,资源订单中的一个具体项目，描述了要对哪个资源执行何种操作。
ResourceOrder,A Resource Order is a request to provision a set of Resources (logical and physical) triggered by the request to provision a Service through a Service Order,资源订单,用于部署或管理一组资源（物理或逻辑）的请求，通常由服务订单（Service Order）触发。
ExternalId,"An identification of an entity that is owned by or originates in a software system different from the current system, for example a ProductOrder handed off from a commerce platform into an order handling system. The structure identifies the system itself, the nature of the entity within the system (e.g. class name) and the unique ID of the entity within the system. It is anticipated that multiple external IDs can be held for a single entity, e.g. if the entity passed through multiple systems on the way to the current system. In this case the consumer is expected to sequence the IDs in the array in reverse order of provenance, i.e. most recent system first in the list.",外部ID,实体在外部系统中的标识符，包含源系统信息、实体类型和ID，用于跨系统追踪。
CancelResourceOrder,Request for cancellation an existing resource order,取消资源订单,用于请求取消一个已存在的资源订单。
UsageDeleteEventPayload,The event data structure,用量删除事件数据,用量删除事件所携带的具体数据内容。
UsageDeleteEvent,The notification data structure,用量删除事件,当一条用量记录被删除时，系统发出的通知事件。
UsageAttributeValueChangeEventPayload,The event data structure,用量属性值变更事件数据,用量属性值变更事件所携带的具体数据内容。
UsageAttributeValueChangeEvent,The notification data structure,用量属性值变更事件,当一条用量记录的属性值发生变化时，系统发出的通知事件。
CancelResourceOrderInformationRequiredEventPayload,The event data structure,取消资源订单需要补充信息事件数据,取消资源订单流程需要补充信息事件所携带的具体数据内容。
CancelResourceOrderInformationRequiredEvent,The notification data structure,取消资源订单需要补充信息事件,当取消资源订单流程因缺少信息而暂停时，系统发出的通知事件。
CancelResourceOrderStateChangeEventPayload,The event data structure,取消资源订单状态变更事件数据,取消资源订单请求的状态变更事件所携带的具体数据内容。
CancelResourceOrderStateChangeEvent,The notification data structure,取消资源订单状态变更事件,当一个取消资源订单请求的状态发生变化时，系统发出的通知事件。
CancelResourceOrderCreateEventPayload,The event data structure,取消资源订单创建事件数据,取消资源订单请求创建事件所携带的具体数据内容。
CancelResourceOrderCreateEvent,The notification data structure,取消资源订单创建事件,当一个取消资源订单的请求被创建时，系统发出的通知事件。
ResourceOrderInformationRequiredEventPayload,The event data structure,资源订单需要补充信息事件数据,资源订单需要补充信息事件所携带的具体数据内容。
ResourceOrderInformationRequiredEvent,The notification data structure,资源订单需要补充信息事件,当资源订单处理流程因缺少信息而暂停时，系统发出的通知事件。
ResourceOrderStateChangeEventPayload,The event data structure,资源订单状态变更事件数据,资源订单状态变更事件所携带的具体数据内容。
ResourceOrderStateChangeEvent,The notification data structure,资源订单状态变更事件,当一个资源订单的状态发生变化时，系统发出的通知事件。
ResourceOrderDeleteEventPayload,The event data structure,资源订单删除事件数据,资源订单删除事件所携带的具体数据内容。
ResourceOrderDeleteEvent,The notification data structure,资源订单删除事件,当一个资源订单被删除时，系统发出的通知事件。
ProductAttributeValueChangeEventPayload,The event data structure,产品属性值变更事件数据,产品属性值变更事件所携带的具体数据内容。
UsageSpecificationDeleteEventPayload,The event data structure,用量规约删除事件数据,用量规约删除事件所携带的具体数据内容。
UsageSpecificationDeleteEvent,The notification data structure,用量规约删除事件,当一个用量规约被删除时，系统发出的通知事件。
UsageSpecificationAttributeValueChangeEventPayload,The event data structure,用量规约属性值变更事件数据,用量规约属性值变更事件所携带的具体数据内容。
UsageSpecificationAttributeValueChangeEvent,The notification data structure,用量规约属性值变更事件,当一个用量规约的属性值发生变化时，系统发出的通知事件。
UsageSpecificationCreateEventPayload,The event data structure,用量规约创建事件数据,用量规约创建事件所携带的具体数据内容。
UsageSpecificationCreateEvent,The notification data structure,用量规约创建事件,当一个用量规约被创建时，系统发出的通知事件。
UsageStateChangeEventPayload,The event data structure,用量状态变更事件数据,用量状态变更事件所携带的具体数据内容。
UsageStateChangeEvent,The notification data structure,用量状态变更事件,当一条用量记录的状态发生变化时，系统发出的通知事件。
RelatedTopupBalance,Related Entity reference. A related balance topup defines a relationship via a role to another balance topup. Used in the PrepayBalanceManagement API to track child topups that are related to the parent (initiating balance topup resource). PrepayBalanceManagement defines the child role,关联余额充值,另一个余额充值操作的引用，常用于追踪父子充值关系。
BucketStatusExampleType,"Possible values for the bucket status are (for example active,suspended,expired)",资源桶状态类型,资源桶（Bucket）的生命周期状态示例，例如“活动”、“暂停”、“已用尽”。
UsageCreateEventPayload,The event data structure,用量创建事件数据,用量创建事件所携带的具体数据内容。
UsageCreateEvent,The notification data structure,用量创建事件,当一条用量记录被创建时，系统发出的通知事件。
UsageSpecification,"A detailed description of a usage event that are of interest to the business and can have charges applied to it. It is comprised of characteristics, which define all attributes known for a particular type of usage.",用量规约,对一种可计费的用量事件的详细描述和模板，定义了该类用量的所有已知属性。
TopupBalanceStatusChangeEventPayload,The event data structure,余额充值状态变更事件数据,余额充值状态变更事件所携带的具体数据内容。
TopupBalanceStatusChangeEvent,The notification data structure,余额充值状态变更事件,当一个余额充值操作的状态发生变化时，系统发出的通知事件。
TopupBalanceFailureEventPayload,The event data structure,余额充值失败事件数据,余额充值失败事件所携带的具体数据内容。
TopupBalanceFailureEvent,The notification data structure,余额充值失败事件,当一个余额充值操作失败时，系统发出的通知事件。
TopupBalanceCancelEventPayload,The event data structure,余额充值取消事件数据,余额充值取消事件所携带的具体数据内容。
TopupBalanceCancelEvent,The notification data structure,余额充值取消事件,当一个余额充值操作被取消时，系统发出的通知事件。
TransferBalanceCancelEventPayload,The event data structure,余额转移取消事件数据,余额转移取消事件所携带的具体数据内容。
TransferBalanceCancelEvent,The notification data structure,余额转移取消事件,当一个余额转移操作被取消时，系统发出的通知事件。
AdjustBalanceStatusChangeEventPayload,The event data structure,余额调整状态变更事件数据,余额调整状态变更事件所携带的具体数据内容。
AdjustBalanceStatusChangeEvent,The notification data structure,余额调整状态变更事件,当一个余额调整操作的状态发生变化时，系统发出的通知事件。
AdjustBalanceFailureEventPayload,The event data structure,余额调整失败事件数据,余额调整失败事件所携带的具体数据内容。
AdjustBalanceFailureEvent,The notification data structure,余额调整失败事件,当一个余额调整操作失败时，系统发出的通知事件。
AdjustBalanceCancelEventPayload,The event data structure,余额调整取消事件数据,余额调整取消事件所携带的具体数据内容。
AdjustBalanceCancelEvent,The notification data structure,余额调整取消事件,当一个余额调整操作被取消时，系统发出的通知事件。
ReserveBalanceFailureEventPayload,The event data structure,余额预留失败事件数据,余额预留失败事件所携带的具体数据内容。
ReserveBalanceFailureEvent,The notification data structure,余额预留失败事件,当一个余额预留操作失败时，系统发出的通知事件。
ReserveBalanceCancelEventPayload,The event data structure,余额预留取消事件数据,余额预留取消事件所携带的具体数据内容。
ReserveBalanceCancelEvent,The notification data structure,余额预留取消事件,当一个余额预留操作被取消时，系统发出的通知事件。
TransferBalanceStatusChangeEventPayload,The event data structure,余额转移状态变更事件数据,余额转移状态变更事件所携带的具体数据内容。
TransferBalanceStatusChangeEvent,The notification data structure,余额转移状态变更事件,当一个余额转移操作的状态发生变化时，系统发出的通知事件。
TransferBalanceFailureEventPayload,The event data structure,余额转移失败事件数据,余额转移失败事件所携带的具体数据内容。
TransferBalanceFailureEvent,The notification data structure,余额转移失败事件,当一个余额转移操作失败时，系统发出的通知事件。
Task,A step or task along in the process of implementation a Change Request.,任务,在实施一个变更请求（Change Request）过程中的一个步骤或任务。
Resolution,The way one or more change request has been implementation through a direct remedy or task,解决方案,一个或多个变更请求通过直接补救或任务实施的方式。
Record,A record in a worklog.,记录,工作日志中的一条记录。
ImpactEntity,A reference to an imapcted entity,影响实体,一个受影响的实体的引用。
ChangeRequestStatusType,Possible values for the state of the change request,变更请求状态类型,定义了变更请求在其生命周期中所处的各种状态。
ChangeRequestRelationship,,变更请求关系,变更请求之间的关系。
ChangeRequestRefOrValue,"A Service to be created defined by value or existing defined by reference. The polymorphic attributes @type, @schemaLocation & @referredType are related to the Service entity and not the RelatedServiceRefOrValue class itself",变更请求引用或值,一个灵活的模型，既可以包含一个完整的变更请求信息，也可以只包含对一个已存在请求的引用。
ChangeRequest,Change Request is a type of request which can be used for the management and control of Change Management process ,变更请求,用于管理和控制变更管理流程的一种请求。
ReserveBalanceStatusChangeEventPayload,The event data structure,余额预留状态变更事件数据,余额预留状态变更事件所携带的具体数据内容。
ReserveBalanceStatusChangeEvent,The notification data structure,余额预留状态变更事件,当一个余额预留操作的状态发生变化时，系统发出的通知事件。
ChangeRequestAttributeValueChangeEventPayload,The event data structure,变更请求属性值变更事件数据,变更请求属性值变更事件所携带的具体数据内容。
ChangeRequestAttributeValueChangeEvent,The notification data structure,变更请求属性值变更事件,当一个变更请求的属性值发生变化时，系统发出的通知事件。
ChangeRequestDeleteEventPayload,The event data structure,变更请求删除事件数据,变更请求删除事件所携带的具体数据内容。
ChangeRequestDeleteEvent,The notification data structure,变更请求删除事件,当一个变更请求被删除时，系统发出的通知事件。
ChangeRequestStatusChangeEventPayload,The event data structure,变更请求状态变更事件数据,变更请求状态变更事件所携带的具体数据内容。
ChangeRequestStatusChangeEvent,The notification data structure,变更请求状态变更事件,当一个变更请求的状态发生变化时，系统发出的通知事件。
ChangeRequestCreateEventPayload,The event data structure,变更请求创建事件数据,变更请求创建事件所携带的具体数据内容。
ChangeRequestCreateEvent,The notification data structure,变更请求创建事件,当一个变更请求被创建时，系统发出的通知事件。
WorkLog,A record of the work performed on the change request during the investigation and resolution process.,工作日志,在调查和解决变更请求过程中所执行工作的记录。
ResourceCandidateChangeEventPayload,The event data structure,资源候选变更事件数据,资源候选变更事件所携带的具体数据内容。
ResourceCandidateChangeEvent,The notification data structure,资源候选变更事件,当一个资源候选发生变更时，系统发出的通知事件。
ResourceCategoryChangeEventPayload,The event data structure,资源分类变更事件数据,资源分类变更事件所携带的具体数据内容。
ResourceCategoryChangeEvent,The notification data structure,资源分类变更事件,当一个资源分类发生变更时，系统发出的通知事件。
ResourceCatalogChangeEventPayload,The event data structure,资源目录变更事件数据,资源目录变更事件所携带的具体数据内容。
ResourceCatalogChangeEvent,The notification data structure,资源目录变更事件,当一个资源目录发生变更时，系统发出的通知事件。
ChangeRequestApprovalRequiredEventPayload,The event data structure,变更请求需要审批事件数据,变更请求需要审批事件所携带的具体数据内容。
ChangeRequestApprovalRequiredEvent,The notification data structure,变更请求需要审批事件,当一个变更请求需要审批时，系统发出的通知事件。
ServiceLevelSpecificationCreateEventPayload,The event data structure,服务等级规约创建事件数据,服务等级规约创建事件所携带的具体数据内容。
ServiceLevelSpecificationCreateEvent,The notification data structure,服务等级规约创建事件,当一个服务等级规约被创建时，系统发出的通知事件。
ServiceLevelObjectiveDeleteEventPayload,The event data structure,服务等级目标删除事件数据,服务等级目标删除事件所携带的具体数据内容。
ServiceLevelObjectiveDeleteEvent,The notification data structure,服务等级目标删除事件,当一个服务等级目标被删除时，系统发出的通知事件。
ServiceLevelObjectiveAttributeValueChangeEventPayload,The event data structure,服务等级目标属性值变更事件数据,服务等级目标属性值变更事件所携带的具体数据内容。
ServiceLevelObjectiveAttributeValueChangeEvent,The notification data structure,服务等级目标属性值变更事件,当一个服务等级目标的属性值发生变化时，系统发出的通知事件。
ServiceLevelObjectiveCreateEventPayload,The event data structure,服务等级目标创建事件数据,服务等级目标创建事件所携带的具体数据内容。
ServiceLevelObjectiveCreateEvent,The notification data structure,服务等级目标创建事件,当一个服务等级目标被创建时，系统发出的通知事件。
ServiceLevelSpecification,A Service Level Specification represents a pre-defined or negotiated set of Service Level ,服务等级规约(SLS),一套预先定义或协商好的服务等级目标（SLO）的集合。
ServiceLevelSpecParameter,Service Level Specification parameters can be one of two types. A Key Quality Indicator (KQI) ,服务等级规约参数,服务等级规约的参数，可以是“关键质量指标”（KQI）或“关键性能指标”（KPI）。
ServiceLevelSpecConsequence,Some consequences for the provider of the Service are resulted when the service level objective,服务等级规约后果,当服务等级目标（SLO）未达成时，服务提供商将面临的后果。
ServiceLevelObjectiveRef,A set of Service Level Objectives that are contained in the Service Level Specification.,服务等级目标引用,用于简要引用一个服务等级目标（SLO）。
ServiceLevelObjective,"Service level objectives are defined in terms of parameters and metrics, thresholds, and tolerances ",服务等级目标(SLO),一个具体、可衡量的服务水平目标，通过参数、指标、阈值和容忍度来定义。
LoyaltyEvent,A loyalty event notification.,忠诚度事件,一个与忠诚度计划相关的事件通知。
LoyaltyConditionRef,,忠诚度条件引用,用于简要引用一个忠诚度条件。
LoyaltyCondition,"A condition, comprised of a attribute that will be tested against a value.",忠诚度条件,忠诚度规则中的一个条件，由一个待测试的属性和其目标值组成，例如“消费金额 > 100元”。
LoyaltyActionRef,,忠诚度动作引用,用于简要引用一个忠诚度动作。
LoyaltyAction,Contains information on a loyalty action that should be applied should certain conditions be met for a loyalty rule and program.,忠诚度动作,当忠诚度规则的条件满足时，应被执行的动作，例如“奖励100积分”。
ServiceLevelSpecificationDeleteEventPayload,The event data structure,服务等级规约删除事件数据,服务等级规约删除事件所携带的具体数据内容。
ServiceLevelSpecificationDeleteEvent,The notification data structure,服务等级规约删除事件,当一个服务等级规约被删除时，系统发出的通知事件。
ServiceLevelSpecificationAttributeValueChangeEventPayload,The event data structure,服务等级规约属性值变更事件数据,服务等级规约属性值变更事件所携带的具体数据内容。
ServiceLevelSpecificationAttributeValueChangeEvent,The notification data structure,服务等级规约属性值变更事件,当一个服务等级规约的属性值发生变化时，系统发出的通知事件。
LoyaltyProgramProductSpec,A reference to a loyalty program specification.,忠诚度计划产品规格,（应为LoyaltyProgramProductSpecification）忠诚度计划产品的规格或模板。
LoyaltyProgramPartnerRef,,忠诚度计划伙伴引用,用于简要引用一个忠诚度计划的合作伙伴。
LoyaltyEventTypeRef,,忠诚度事件类型引用,用于简要引用一个忠诚度事件类型。
LoyaltyEventType,An event type used to match filter incoming loyalty events.,忠诚度事件类型,用于匹配和过滤传入的忠诚度事件的事件类型，例如“购买事件”。
LoyaltyProgramProductSpecDeleteEventPayload,The event data structure,忠诚度计划产品规格删除事件数据,忠诚度计划产品规格删除事件所携带的具体数据内容。
LoyaltyProgramProductSpecDeleteEvent,The notification data structure,忠诚度计划产品规格删除事件,当一个忠诚度计划产品规格被删除时，系统发出的通知事件。
LoyaltyProgramProductSpecUpdateEventPayload,The event data structure,忠诚度计划产品规格更新事件数据,忠诚度计划产品规格更新事件所携带的具体数据内容。
LoyaltyProgramProductSpecUpdateEvent,The notification data structure,忠诚度计划产品规格更新事件,当一个忠诚度计划产品规格发生更新时，系统发出的通知事件。
LoyaltyProgramProductSpecCreateEventPayload,The event data structure,忠诚度计划产品规格创建事件数据,忠诚度计划产品规格创建事件所携带的具体数据内容。
LoyaltyProgramProductSpecCreateEvent,The notification data structure,忠诚度计划产品规格创建事件,当一个忠诚度计划产品规格被创建时，系统发出的通知事件。
RelatedPartyRefOrValue,Entity reference. A related party defines party or party role linked to a specific entity.,关联参与方引用或值,一个灵活的模型，既可以包含一个完整的关联参与方信息，也可以只包含对一个已存在参与方的引用。
PointOfInteraction,POI consists of hardware and software which enables a Cardholder and/or an Acceptor to perform a Local Card transaction. This is also referred to as a Physical/EMV Terminal. It may be Attended or Unattended.,交互点(POI),使持卡人能够执行本地卡交易的硬件和软件，也称为物理/EMV终端或POS机。
PartnershipRef,Partnership reference. A partnership contains all the information for the setup of a partnership of a given kind. This includes the list of identified role types for the partnership with the corresponding agreement specifications.,合作关系引用,用于简要引用一个合作关系，其中包含了建立合作关系的所有信息。
LoyaltyRule,"Loyalty rule, containing conditions, event types and actions.",忠诚度规则,包含了条件、事件类型和动作的忠诚度规则。
LoyaltyProgramProductSpecRef,,忠诚度计划产品规格引用,用于简要引用一个忠诚度计划产品规格。
LoyaltyEventTypeCreateEventPayload,The event data structure,忠诚度事件类型创建事件数据,忠诚度事件类型创建事件所携带的具体数据内容。
LoyaltyEventTypeCreateEvent,The notification data structure,忠诚度事件类型创建事件,当一个忠诚度事件类型被创建时，系统发出的通知事件。
LoyaltyRuleDeleteEventPayload,The event data structure,忠诚度规则删除事件数据,忠诚度规则删除事件所携带的具体数据内容。
LoyaltyRuleDeleteEvent,The notification data structure,忠诚度规则删除事件,当一个忠诚度规则被删除时，系统发出的通知事件。
LoyaltyRuleUpdateEventPayload,The event data structure,忠诚度规则更新事件数据,忠诚度规则更新事件所携带的具体数据内容。
LoyaltyRuleUpdateEvent,The notification data structure,忠诚度规则更新事件,当一个忠诚度规则发生更新时，系统发出的通知事件。
LoyaltyRuleCreateEventPayload,The event data structure,忠诚度规则创建事件数据,忠诚度规则创建事件所携带的具体数据内容。
LoyaltyRuleCreateEvent,The notification data structure,忠诚度规则创建事件,当一个忠诚度规则被创建时，系统发出的通知事件。
LoyaltyActionDeleteEventPayload,The event data structure,忠诚度动作删除事件数据,忠诚度动作删除事件所携带的具体数据内容。
LoyaltyActionDeleteEvent,The notification data structure,忠诚度动作删除事件,当一个忠诚度动作被删除时，系统发出的通知事件。
LoyaltyActionUpdateEventPayload,The event data structure,忠诚度动作更新事件数据,忠诚度动作更新事件所携带的具体数据内容。
LoyaltyActionUpdateEvent,The notification data structure,忠诚度动作更新事件,当一个忠诚度动作发生更新时，系统发出的通知事件。
LoyaltyActionCreateEventPayload,The event data structure,忠诚度动作创建事件数据,忠诚度动作创建事件所携带的具体数据内容。
LoyaltyActionCreateEvent,The notification data structure,忠诚度动作创建事件,当一个忠诚度动作被创建时，系统发出的通知事件。
LoyaltyConditionDeleteEventPayload,The event data structure,忠诚度条件删除事件数据,忠诚度条件删除事件所携带的具体数据内容。
LoyaltyConditionDeleteEvent,The notification data structure,忠诚度条件删除事件,当一个忠诚度条件被删除时，系统发出的通知事件。
LoyaltyConditionUpdateEventPayload,The event data structure,忠诚度条件更新事件数据,忠诚度条件更新事件所携带的具体数据内容。
LoyaltyConditionUpdateEvent,The notification data structure,忠诚度条件更新事件,当一个忠诚度条件发生更新时，系统发出的通知事件。
LoyaltyConditionCreateEventPayload,The event data structure,忠诚度条件创建事件数据,忠诚度条件创建事件所携带的具体数据内容。
LoyaltyConditionCreateEvent,The notification data structure,忠诚度条件创建事件,当一个忠诚度条件被创建时，系统发出的通知事件。
LoyaltyEventTypeDeleteEventPayload,The event data structure,忠诚度事件类型删除事件数据,忠诚度事件类型删除事件所携带的具体数据内容。
LoyaltyEventTypeDeleteEvent,The notification data structure,忠诚度事件类型删除事件,当一个忠诚度事件类型被删除时，系统发出的通知事件。
LoyaltyEventTypeUpdateEventPayload,The event data structure,忠诚度事件类型更新事件数据,忠诚度事件类型更新事件所携带的具体数据内容。
LoyaltyEventTypeUpdateEvent,The notification data structure,忠诚度事件类型更新事件,当一个忠诚度事件类型发生更新时，系统发出的通知事件。
EntityCatalogDeleteEventPayload,The event data structure,实体目录删除事件数据,实体目录删除事件所携带的具体数据内容。
EntityCatalogDeleteEvent,The notification data structure,实体目录删除事件,当一个实体目录被删除时，系统发出的通知事件。
EntityCatalogCreateEventPayload,The event data structure,实体目录创建事件数据,实体目录创建事件所携带的具体数据内容。
EntityCatalogCreateEvent,The notification data structure,实体目录创建事件,当一个实体目录被创建时，系统发出的通知事件。
EntityCategory,The (entity) category resource is used to group entity catalog items in logical containers. Categories can contain other categories.,实体分类,用于将实体目录项分组到逻辑容器中的分类。
EntityCatalogItemRef,reference to EntityCatalogItem object,实体目录项引用,用于简要引用一个实体目录项。
EntityCatalogItem,"An EntityCatalogItem is an entity that allows any ProductOffering, ServiceCandidate, ResourceCandidate, or even any object inheriting from RootEntity, to be available to a catalog. The CatalogSpecification and Policy of the catalog governs the content of the EntityCatalogItem. This API addresses only EntitySpecification items extended from RootEntity as EntityCatalogItem.",实体目录项,实体目录中的一个条目，可以是任何可管理实体的引用，如可销售产品、服务候选等。
EntityCatalog,The root entity for entity catalog management. An entity catalog can be defined as a collection of entity catalog items and arranging them in a particular manner based on the need.,实体目录,用于管理实体目录的根实体，是实体目录项的集合。
AssociationSpecification,AssociationSpecification is an association class that describes a type of relationship between two entities. This is a generic construct that may be used to describe relationship types and roles. The role and type of each entity in the relationship is given by an association role specification. Two role specifications are embedded in the association specification.,关联规约,描述两种实体之间关系类型的模板，定义了关系中各方所扮演的角色。
AssociationRoleSpecification,This embedded object represents the role and type of each entity involved in a relationship.,关联角色规约,描述在关联关系中，每个实体所扮演的角色和类型。
EntitySpecificationCreateEventPayload,The event data structure,实体规约创建事件数据,实体规约创建事件所携带的具体数据内容。
EntitySpecificationCreateEvent,The notification data structure,实体规约创建事件,当一个实体规约被创建时，系统发出的通知事件。
EntityCatalogItemDeleteEventPayload,The event data structure,实体目录项删除事件数据,实体目录项删除事件所携带的具体数据内容。
EntityCatalogItemDeleteEvent,The notification data structure,实体目录项删除事件,当一个实体目录项被删除时，系统发出的通知事件。
EntityCatalogItemCreateEventPayload,The event data structure,实体目录项创建事件数据,实体目录项创建事件所携带的具体数据内容。
EntityCatalogItemCreateEvent,The notification data structure,实体目录项创建事件,当一个实体目录项被创建时，系统发出的通知事件。
EntityCategoryDeleteEventPayload,The event data structure,实体分类删除事件数据,实体分类删除事件所携带的具体数据内容。
EntityCategoryDeleteEvent,The notification data structure,实体分类删除事件,当一个实体分类被删除时，系统发出的通知事件。
EntityCategoryCreateEventPayload,The event data structure,实体分类创建事件数据,实体分类创建事件所携带的具体数据内容。
EntityCategoryCreateEvent,The notification data structure,实体分类创建事件,当一个实体分类被创建时，系统发出的通知事件。
EntityCatalogBatchEventPayload,The event data structure,实体目录批处理事件数据,实体目录批处理事件所携带的具体数据内容。
EntityCatalogBatchEvent,The notification data structure,实体目录批处理事件,当对实体目录进行批量操作时，系统发出的通知事件。
AssociationSpecificationDeleteEventPayload,The event data structure,关联规约删除事件数据,关联规约删除事件所携带的具体数据内容。
AssociationSpecificationDeleteEvent,The notification data structure,关联规约删除事件,当一个关联规约被删除时，系统发出的通知事件。
AssociationSpecificationCreateEventPayload,The event data structure,关联规约创建事件数据,关联规约创建事件所携带的具体数据内容。
AssociationSpecificationCreateEvent,The notification data structure,关联规约创建事件,当一个关联规约被创建时，系统发出的通知事件。
EntitySpecificationDeleteEventPayload,The event data structure,实体规约删除事件数据,实体规约删除事件所携带的具体数据内容。
EntitySpecificationDeleteEvent,The notification data structure,实体规约删除事件,当一个实体规约被删除时，系统发出的通知事件。
Scale,Task Resource used to request scaling of a Resource Function,(资源功能)伸缩,用于请求对资源功能进行伸缩（scale-in/out， scale-up/down）的任务资源。
ResourceFunctionRef,Resource Function reference.,资源功能引用,用于简要引用一个资源功能。
Migrate,Task resource used to request migration of the Resource Function,(资源功能)迁移,用于请求将资源功能从一个位置迁移到另一个位置的任务资源。
HealPolicyRef,Heal policy reference.,修复策略引用,用于简要引用一个修复策略。
Heal,Task Resource used to request healing of a Resource Function,(资源功能)修复,用于请求对资源功能进行修复或自愈的任务资源。
HealDeleteEventPayload,The event data structure,修复删除事件数据,修复删除事件所携带的具体数据内容。
HealDeleteEvent,The notification data structure,修复删除事件,当一个修复任务被删除时，系统发出的通知事件。
HealStateChangeEventPayload,The event data structure,修复状态变更事件数据,修复状态变更事件所携带的具体数据内容。
HealStateChangeEvent,The notification data structure,修复状态变更事件,当一个修复任务的状态发生变化时，系统发出的通知事件。
HealAttributeValueChangeEventPayload,The event data structure,修复属性值变更事件数据,修复属性值变更事件所携带的具体数据内容。
HealAttributeValueChangeEvent,The notification data structure,修复属性值变更事件,当一个修复任务的属性值发生变化时，系统发出的通知事件。
HealCreateEventPayload,The event data structure,修复创建事件数据,修复创建事件所携带的具体数据内容。
HealCreateEvent,The notification data structure,修复创建事件,当一个修复任务被创建时，系统发出的通知事件。
ResourceFunctionDeleteEventPayload,The event data structure,资源功能删除事件数据,资源功能删除事件所携带的具体数据内容。
ResourceFunctionDeleteEvent,The notification data structure,资源功能删除事件,当一个资源功能被删除时，系统发出的通知事件。
ResourceFunctionStateChangeEventPayload,The event data structure,资源功能状态变更事件数据,资源功能状态变更事件所携带的具体数据内容。
ResourceFunctionStateChangeEvent,The notification data structure,资源功能状态变更事件,当一个资源功能的状态发生变化时，系统发出的通知事件。
ResourceFunctionAttributeValueChangeEventPayload,The event data structure,资源功能属性值变更事件数据,资源功能属性值变更事件所携带的具体数据内容。
ResourceFunctionAttributeValueChangeEvent,The notification data structure,资源功能属性值变更事件,当一个资源功能的属性值发生变化时，系统发出的通知事件。
ResourceFunctionCreateEventPayload,The event data structure,资源功能创建事件数据,资源功能创建事件所携带的具体数据内容。
ResourceFunctionCreateEvent,The notification data structure,资源功能创建事件,当一个资源功能被创建时，系统发出的通知事件。
MigrateDeleteEventPayload,The event data structure,迁移删除事件数据,迁移删除事件所携带的具体数据内容。
MigrateDeleteEvent,The notification data structure,迁移删除事件,当一个迁移任务被删除时，系统发出的通知事件。
MigrateStateChangeEventPayload,The event data structure,迁移状态变更事件数据,迁移状态变更事件所携带的具体数据内容。
MigrateStateChangeEvent,The notification data structure,迁移状态变更事件,当一个迁移任务的状态发生变化时，系统发出的通知事件。
MigrateAttributeValueChangeEventPayload,The event data structure,迁移属性值变更事件数据,迁移属性值变更事件所携带的具体数据内容。
MigrateAttributeValueChangeEvent,The notification data structure,迁移属性值变更事件,当一个迁移任务的属性值发生变化时，系统发出的通知事件。
MigrateCreateEventPayload,The event data structure,迁移创建事件数据,迁移创建事件所携带的具体数据内容。
MigrateCreateEvent,The notification data structure,迁移创建事件,当一个迁移任务被创建时，系统发出的通知事件。
ScaleDeleteEventPayload,The event data structure,伸缩删除事件数据,伸缩删除事件所携带的具体数据内容。
ScaleDeleteEvent,The notification data structure,伸缩删除事件,当一个伸缩任务被删除时，系统发出的通知事件。
ScaleStateChangeEventPayload,The event data structure,伸缩状态变更事件数据,伸缩状态变更事件所携带的具体数据内容。
ScaleStateChangeEvent,The notification data structure,伸缩状态变更事件,当一个伸缩任务的状态发生变化时，系统发出的通知事件。
ScaleAttributeValueChangeEventPayload,The event data structure,伸缩属性值变更事件数据,伸缩属性值变更事件所携带的具体数据内容。
ScaleAttributeValueChangeEvent,The notification data structure,伸缩属性值变更事件,当一个伸缩任务的属性值发生变化时，系统发出的通知事件。
ScaleCreateEventPayload,The event data structure,伸缩创建事件数据,伸缩创建事件所携带的具体数据内容。
ScaleCreateEvent,The notification data structure,伸缩创建事件,当一个伸缩任务被创建时，系统发出的通知事件。
DocumentBatchEventPayload,The event data structure,文档批处理事件数据,文档批处理事件所携带的具体数据内容。
DocumentBatchEvent,The notification data structure,文档批处理事件,当对文档进行批量操作时，系统发出的通知事件。
DocumentChangeEventPayload,The event data structure,文档变更事件数据,文档变更事件所携带的具体数据内容。
DocumentChangeEvent,The notification data structure,文档变更事件,当一个文档发生变更时，系统发出的通知事件。
DocumentStatusType,Possible values for the status of a Document,文档状态类型,定义了文档的生命周期状态。
DocumentSpecificationStatusType,Possible values for the status of a DocumentSpecification,文档规约状态类型,定义了文档规约的生命周期状态。
PartnershipChangeEventPayload,The event data structure,合作关系变更事件数据,合作关系变更事件所携带的具体数据内容。
PartnershipChangeEvent,The notification data structure,合作关系变更事件,当一个合作关系发生变更时，系统发出的通知事件。
PartnershipCreateEventPayload,The event data structure,合作关系创建事件数据,合作关系创建事件所携带的具体数据内容。
PartnershipCreateEvent,The notification data structure,合作关系创建事件,当一个合作关系被创建时，系统发出的通知事件。
PartnershipSpecificationRef,PartnershipSpecification reference. A partnership specification contains all the information for the setup of a partnership of a given kind. This includes the list of identified role types for the partnership with the corresponding agreement specifications.,合作关系规约引用,用于简要引用一个合作关系规约（模板）。
PartnershipSpecification,A partnership specification contains all the information for the setup of a partnership of a given kind. This includes the list of identified role types for the partnership with the corresponding agreement specifications.,合作关系规约,合作关系的模板或蓝图，定义了建立一类合作关系所需的所有信息，包括角色类型和适用的协议。
PartnershipRoleSpecification,"A PartnershipRoleSpecification represents a specification of a role defined in the context of a given type of partnership (PartnershipSpecification), such as Buyer, Seller.",合作关系角色规约,在特定合作关系类型（PartnershipSpecification）中定义的角色规约，例如“买方”、“卖方”。
Partnership,"A partnership represents a formalized collaboration between various parties, each party playing a role in the partnership. The parties playing a role in the partnership represented by the Partner entity. The structure of a partnership is specified by a PartnershipSpecification which contain all the information for the setup of the partnership, including the list of identified roles and the agreement that should apply.",合作关系,代表了多个参与方之间正式化的协作关系，每个参与方在其中扮演特定角色。
SpecificationCharacteristicRelationship,"An aggregation, migration, substitution, dependency or exclusivity relationship between/among productSpecCharacteristics.",规约特征关系,规约特征之间的聚合、迁移、替代、依赖或排他关系。
SpecificationCharacteristic,"A characteristic quality or distinctive feature of a Specification.  The characteristic can be take on a discrete value, such as color, can take on a range of values, (for example, sensitivity of 1-24 mV), or can be derived from a formula (for example, usage time (hrs) = 3 - talk time *3). Certain characteristics, such as color, may be configured during the ordering or some other process.",规约特征,任何规约（Specification）的一个特征或独特属性，其值可以是离散值、范围或公式计算结果。
PartnershipSpecificationDeleteEventPayload,The event data structure,合作关系规约删除事件数据,合作关系规约删除事件所携带的具体数据内容。
PartnershipSpecificationDeleteEvent,The notification data structure,合作关系规约删除事件,当一个合作关系规约被删除时，系统发出的通知事件。
PartnershipSpecificationChangeEventPayload,The event data structure,合作关系规约变更事件数据,合作关系规约变更事件所携带的具体数据内容。
PartnershipSpecificationChangeEvent,The notification data structure,合作关系规约变更事件,当一个合作关系规约发生变更时，系统发出的通知事件。
PartnershipSpecificationCreateEventPayload,The event data structure,合作关系规约创建事件数据,合作关系规约创建事件所携带的具体数据内容。
PartnershipSpecificationCreateEvent,The notification data structure,合作关系规约创建事件,当一个合作关系规约被创建时，系统发出的通知事件。
PartnershipDeleteEventPayload,The event data structure,合作关系删除事件数据,合作关系删除事件所携带的具体数据内容。
PartnershipDeleteEvent,The notification data structure,合作关系删除事件,当一个合作关系被删除时，系统发出的通知事件。
PaymentMethodStatusChangeEventPayload,The event data structure,支付方式状态变更事件数据,支付方式状态变更事件所携带的具体数据内容。
PaymentMethodStatusChangeEvent,The notification data structure,支付方式状态变更事件,当一个支付方式的状态发生变化时，系统发出的通知事件。
PermissionCreateEventPayload,The event data structure,权限创建事件数据,权限创建事件所携带的具体数据内容。
PermissionCreateEvent,The notification data structure,权限创建事件,当一个权限被创建时，系统发出的通知事件。
UserRole,A UserRole defines access levels to operate over a given function that can be included in an asset.,用户角色,定义了用户在某个资产上操作某个功能的访问级别。
Privilege,A Privilege is a detailed information concerning an individual access entitlement.,特权,关于个人访问权限的详细信息。
AssetUserRole,The AssetUserRole is the detailed information concerning an individual user role,资产用户角色,关于个人用户角色的详细信息。
UserRoleAttributeValueChangeEvent,The notification data structure,用户角色属性值变更事件,当一个用户角色的属性值发生变化时，系统发出的通知事件。
UserRoleCreateEventPayload,The event data structure,用户角色创建事件数据,用户角色创建事件所携带的具体数据内容。
UserRoleCreateEvent,The notification data structure,用户角色创建事件,当一个用户角色被创建时，系统发出的通知事件。
PermissionDeleteEventPayload,The event data structure,权限删除事件数据,权限删除事件所携带的具体数据内容。
PermissionDeleteEvent,The notification data structure,权限删除事件,当一个权限被删除时，系统发出的通知事件。
PermissionStateChangeEventPayload,The event data structure,权限状态变更事件数据,权限状态变更事件所携带的具体数据内容。
PermissionStateChangeEvent,The notification data structure,权限状态变更事件,当一个权限的状态发生变化时，系统发出的通知事件。
PermissionAttributeValueChangeEventPayload,The event data structure,权限属性值变更事件数据,权限属性值变更事件所携带的具体数据内容。
PermissionAttributeValueChangeEvent,The notification data structure,权限属性值变更事件,当一个权限的属性值发生变化时，系统发出的通知事件。
UserRoleDeleteEventPayload,The event data structure,用户角色删除事件数据,用户角色删除事件所携带的具体数据内容。
UserRoleDeleteEvent,The notification data structure,用户角色删除事件,当一个用户角色被删除时，系统发出的通知事件。
UserRoleStateChangeEventPayload,The event data structure,用户角色状态变更事件数据,用户角色状态变更事件所携带的具体数据内容。
UserRoleStateChangeEvent,The notification data structure,用户角色状态变更事件,当一个用户角色的状态发生变化时，系统发出的通知事件。
UserRoleAttributeValueChangeEventPayload,The event data structure,用户角色属性值变更事件数据,用户角色属性值变更事件所携带的具体数据内容。
ProductOrderAttributeValueChangeEventPayload,The event data structure,产品订单属性值变更事件数据,产品订单属性值变更事件所携带的具体数据内容。
GeographicLocationAttributeValueChangeEvent,The notification data structure,地理位置属性值变更事件,当一个地理位置的属性值发生变化时，系统发出的通知事件。
GeographicLocationCreateEventPayload,The event data structure,地理位置创建事件数据,地理位置创建事件所携带的具体数据内容。
GeographicLocationCreateEvent,The notification data structure,地理位置创建事件,当一个地理位置被创建时，系统发出的通知事件。
RefundCreateEventPayload,The event data structure,退款创建事件数据,退款创建事件所携带的具体数据内容。
RefundCreateEvent,The notification data structure,退款创建事件,当一个退款被创建时，系统发出的通知事件。
PaymentDeleteEventPayload,The event data structure,支付删除事件数据,支付删除事件所携带的具体数据内容。
PaymentDeleteEvent,The notification data structure,支付删除事件,当一个支付记录被删除时，系统发出的通知事件。
PaymentStateChangeEventPayload,The event data structure,支付状态变更事件数据,支付状态变更事件所携带的具体数据内容。
PaymentStateChangeEvent,The notification data structure,支付状态变更事件,当一个支付记录的状态发生变化时，系统发出的通知事件。
PaymentAttributeValueChangeEventPayload,The event data structure,支付属性值变更事件数据,支付属性值变更事件所携带的具体数据内容。
PaymentAttributeValueChangeEvent,The notification data structure,支付属性值变更事件,当一个支付记录的属性值发生变化时，系统发出的通知事件。
PaymentCreateEventPayload,The event data structure,支付创建事件数据,支付创建事件所携带的具体数据内容。
PaymentCreateEvent,The notification data structure,支付创建事件,当一个支付记录被创建时，系统发出的通知事件。
RefundStatusExampleType,Possible values for the status of a refund,退款状态类型,定义了退款的生命周期状态。
Refund,The Refund resource represents a performed Refund. It contains both information about the refund and the payment method used to perform it.,退款,代表一次已执行的退款操作，包含了退款信息和所用的支付方式。
PaymentStatusExampleType,Possible values for the status of a payment,支付状态类型,定义了支付的生命周期状态。
GeographicLocationDeleteEventPayload,The event data structure,地理位置删除事件数据,地理位置删除事件所携带的具体数据内容。
GeographicLocationDeleteEvent,The notification data structure,地理位置删除事件,当一个地理位置被删除时，系统发出的通知事件。
GeographicLocationAttributeValueChangeEventPayload,The event data structure,地理位置属性值变更事件数据,地理位置属性值变更事件所携带的具体数据内容。
UsageConsumptionServiceRef,"Service reference, for when Service is used by other entities",用量消耗服务引用,用量消耗中涉及的服务引用。
UsageConsumptionLogicalResourceRef,reference to the LogicalResource eg MSISDN,用量消耗逻辑资源引用,用量消耗中涉及的逻辑资源引用，例如手机号码（MSISDN）。
UsageConsumption,"An usage consumption enables to know at a given point the balances and the consumption counters related to various buckets (SMS, Voice, Data for example). It could be calculated for a device identified by a public key (msisdn number for a mobile device for example or PSTN or VOIP number for a fix device), for a subscribed offer or option or for an user.",用量消耗,用于在给定时间点查询与各种资源桶（如短信、语音、数据）相关的余额和消耗计数器。
RefundDeleteEventPayload,The event data structure,退款删除事件数据,退款删除事件所携带的具体数据内容。
RefundDeleteEvent,The notification data structure,退款删除事件,当一个退款被删除时，系统发出的通知事件。
RefundStateChangeEventPayload,The event data structure,退款状态变更事件数据,退款状态变更事件所携带的具体数据内容。
RefundStateChangeEvent,The notification data structure,退款状态变更事件,当一个退款的状态发生变化时，系统发出的通知事件。
RefundAttributeValueChangeEventPayload,The event data structure,退款属性值变更事件数据,退款属性值变更事件所携带的具体数据内容。
RefundAttributeValueChangeEvent,The notification data structure,退款属性值变更事件,当一个退款的属性值发生变化时，系统发出的通知事件。
ProductOfferingQualificationItem,,产品可提供性资格查询项,产品可提供性资格查询中的一个具体项目。
ProductOfferingQualification,"ProductOfferingQualification is used to perform a commercial eligibility. It allows to retrieve a list of productOffering that are commercially available in the context of the interaction (defined be place, channel, party, product).",产品可提供性资格查询,用于执行商业资格检查，以检索在特定交互上下文（如地点、渠道、客户）中可商业提供的产品列表。
ProductActionType,action to be performed on the product,产品动作类型,将对产品执行的动作类型。
stateValue,,状态值,具体的状态值。
StateValues,,状态值集合,状态值的集合。
BillRef,Bill reference.,账单引用,用于简要引用一份账单。
AppliedBillingRateCharacteristic,"An applied billing rate has dynamic characteristics according to the its type (characteristics are based on the service type, line of business or on others parameters)",已应用计费费率特征,已应用计费费率的动态特征，其值可能依赖于服务类型或其他参数。
QueryProductRecommendationStateChangeEvent,The notification data structure,查询产品推荐状态变更事件,当一个查询产品推荐请求的状态发生变化时，系统发出的通知事件。
QueryProductRecommendationCreateEventPayload,The event data structure,查询产品推荐创建事件数据,查询产品推荐创建事件所携带的具体数据内容。
QueryProductRecommendationCreateEvent,The notification data structure,查询产品推荐创建事件,当一个查询产品推荐的请求被创建时，系统发出的通知事件。
QueryProductRecommendation,"Recommendation API is used to recommend offering quickly based on the history and real-time context of customer. It is a real-time and personalized recommendation API. It is usually provided by e-commerce or BSS, CRM system in omni-channel.",查询产品推荐,基于客户历史和实时上下文，提供实时、个性化产品推荐的API。
ProductOfferingQualificationInformationRequiredEventPayload,The event data structure,产品可提供性资格查询需要补充信息事件数据,产品可提供性资格查询需要补充信息事件所携带的具体数据内容。
ProductOfferingQualificationInformationRequiredEvent,The notification data structure,产品可提供性资格查询需要补充信息事件,当产品可提供性资格查询流程因缺少信息而暂停时，系统发出的通知事件。
ProductOfferingQualificationDeleteEventPayload,The event data structure,产品可提供性资格查询删除事件数据,产品可提供性资格查询删除事件所携带的具体数据内容。
ProductOfferingQualificationDeleteEvent,The notification data structure,产品可提供性资格查询删除事件,当一个产品可提供性资格查询被删除时，系统发出的通知事件。
ProductOfferingQualificationStateChangeEventPayload,The event data structure,产品可提供性资格查询状态变更事件数据,产品可提供性资格查询状态变更事件所携带的具体数据内容。
ProductOfferingQualificationStateChangeEvent,The notification data structure,产品可提供性资格查询状态变更事件,当一个产品可提供性资格查询的状态发生变化时，系统发出的通知事件。
ProductOfferingQualificationAttributeValueChangeEventPayload,The event data structure,产品可提供性资格查询属性值变更事件数据,产品可提供性资格查询属性值变更事件所携带的具体数据内容。
ProductOfferingQualificationAttributeValueChangeEvent,The notification data structure,产品可提供性资格查询属性值变更事件,当一个产品可提供性资格查询的属性值发生变化时，系统发出的通知事件。
ProductOfferingQualificationCreateEventPayload,The event data structure,产品可提供性资格查询创建事件数据,产品可提供性资格查询创建事件所携带的具体数据内容。
ProductOfferingQualificationCreateEvent,The notification data structure,产品可提供性资格查询创建事件,当一个产品可提供性资格查询被创建时，系统发出的通知事件。
QualificationItemRelationship,Structure used to describe relationship between productOfferingQualification item from the same ProductOfferingQualification.,资格查询项关系,描述同一次产品可提供性资格查询中不同查询项之间的关系。
Sender,Sender of the communication message.,发送者,通信消息的发送者。
Receiver,Receivers of the communication message.,接收者,通信消息的接收者。
CommunicationMessageStateType,Communication message state type,通信消息状态类型,定义了通信消息的生命周期状态。
CommunicationMessage,"Communication message means a notification approach in the format of a message which can be dispatched (sent) to the certain user by the system with the content which can be felt and understood by the recipient. The user can be either a final customer or a customer service agent. The message can reach the customer in different interaction channels, including: email, short message, mobile app notification (push).",通信消息,一种通知形式，系统可以通过不同渠道（如邮件、短信）向用户发送可被理解的内容。
QueryProductRecommendationStateChangeEventPayload,The event data structure,查询产品推荐状态变更事件数据,查询产品推荐状态变更事件所携带的具体数据内容。
GraphRelationship,A relationship between Graphs.,图关系,图（Graph）之间的关系。
GraphRef,,图引用,用于简要引用一个图（Graph）。
EdgeSpecificationRef,A directed Edge connects Vertices in a Graph.,边规约引用,用于简要引用一个边规约（模板）。
EdgeSpecificationCharacteristicRelationship,"An aggregation, migration, substitution, dependency or exclusivity relationship between/among EdgeSpecificationCharacteristics. The specification characteristic is embedded within the specification whose ID and href are in this entity, and identified by its ID.",边规约特征关系,边规约特征之间的聚合、迁移、替代、依赖或排他关系。
EdgeSpecificationCharacteristic,"This class defines the characteristic features of an edge specification. Every EdgeSpecification has a variety of important attributes, methods, constraints, and relationships, which distinguish an edge specification from other edge specifications.",边规约特征,定义了边规约（EdgeSpecification）的特征，用于区分不同类型的边。
EdgeSpecification,A directed Edge connects Vertices in a Graph.,边规约,图中连接顶点的有向“边”的模板或蓝图。
EdgeRef,,边引用,用于简要引用一条边（Edge）。
EdgeCollectionRef,Graph edge collection reference,边集合引用,用于简要引用一个边的集合。
Edge,Edge is a directed edge connecting vertices in a directed Graph.,边 (图论),在有向图中连接顶点的有向连接。
PartyInteractionStatusChangeEventPayload,The event data structure,参与方交互状态变更事件数据,参与方交互状态变更事件所携带的具体数据内容。
PartyInteractionStatusChangeEvent,The notification data structure,参与方交互状态变更事件,当一个参与方交互的状态发生变化时，系统发出的通知事件。
GraphDeleteEvent,The notification data structure,图删除事件,当一个图被删除时，系统发出的通知事件。
GraphChangeEventPayload,The event data structure,图变更事件数据,图变更事件所携带的具体数据内容。
GraphChangeEvent,The notification data structure,图变更事件,当一个图发生变更时，系统发出的通知事件。
GraphCreateEventPayload,The event data structure,图创建事件数据,图创建事件所携带的具体数据内容。
GraphCreateEvent,The notification data structure,图创建事件,当一个图被创建时，系统发出的通知事件。
VertexSpecificationRef,A Vertex is connected by directed Edges to other vertices in a Graph.,顶点规约引用,用于简要引用一个顶点规约（模板）。
VertexSpecificationCharacteristicRelationship,"An aggregation, migration, substitution, dependency or exclusivity relationship between/among VertexSpecificationCharacteristics. The specification characteristic is embedded within the specification whose ID and href are in this entity, and identified by its ID.",顶点规约特征关系,顶点规约特征之间的聚合、迁移、替代、依赖或排他关系。
VertexSpecificationCharacteristic,"This class defines the characteristic features of a vertex specification. Every VertexSpecification has a variety of important attributes, methods, constraints, and relationships, which distinguish a vertex specification from other vertex specifications.",顶点规约特征,定义了顶点规约（VertexSpecification）的特征，用于区分不同类型的顶点。
VertexSpecification,A Vertex is connected by directed Edges to other vertices in a Graph.,顶点规约,图中被有向“边”连接的“顶点”（节点）的模板或蓝图。
VertexRef,,顶点引用,用于简要引用一个顶点（Vertex）。
VertexCollectionRef,Graph vertex collection reference,顶点集合引用,用于简要引用一个顶点的集合。
Vertex,A Vertex is connected by directed Edges to other vertices in a Graph.,顶点 (图论),在有向图中被边连接的节点。
TopologyQueryJob,Represents a task used to query topology in the service,拓扑查询任务,用于在服务中查询拓扑的任务。
TopologyDiscoveryJob,Represents a task used to discover topology from providers,拓扑发现任务,用于从提供商处发现拓扑的任务。
MergeTopologyGraphJob,Merges two or more Graphs into a single graph.,合并拓扑图任务,将两个或多个图合并成一个单一图的任务。
JSONPathQueryJsonLdExpression,JSONPath query JsonLdExpressions (draft-ietf-jsonpath-base-2),JSONPath查询JsonLd表达式,JSONPath查询的JsonLd表达式。
VertexSpecificationChangeEvent,The notification data structure,顶点规约变更事件,当一个顶点规约发生变更时，系统发出的通知事件。
VertexSpecificationCreateEventPayload,The event data structure,顶点规约创建事件数据,顶点规约创建事件所携带的具体数据内容。
VertexSpecificationCreateEvent,The notification data structure,顶点规约创建事件,当一个顶点规约被创建时，系统发出的通知事件。
EdgeDeleteEventPayload,The event data structure,边删除事件数据,边删除事件所携带的具体数据内容。
EdgeDeleteEvent,The notification data structure,边删除事件,当一条边被删除时，系统发出的通知事件。
EdgeChangeEventPayload,The event data structure,边变更事件数据,边变更事件所携带的具体数据内容。
EdgeChangeEvent,The notification data structure,边变更事件,当一条边发生变更时，系统发出的通知事件。
EdgeCreateEventPayload,The event data structure,边创建事件数据,边创建事件所携带的具体数据内容。
EdgeCreateEvent,The notification data structure,边创建事件,当一条边被创建时，系统发出的通知事件。
VertexDeleteEventPayload,The event data structure,顶点删除事件数据,顶点删除事件所携带的具体数据内容。
VertexDeleteEvent,The notification data structure,顶点删除事件,当一个顶点被删除时，系统发出的通知事件。
VertexChangeEventPayload,The event data structure,顶点变更事件数据,顶点变更事件所携带的具体数据内容。
VertexChangeEvent,The notification data structure,顶点变更事件,当一个顶点发生变更时，系统发出的通知事件。
VertexCreateEventPayload,The event data structure,顶点创建事件数据,顶点创建事件所携带的具体数据内容。
VertexCreateEvent,The notification data structure,顶点创建事件,当一个顶点被创建时，系统发出的通知事件。
GraphDeleteEventPayload,The event data structure,图删除事件数据,图删除事件所携带的具体数据内容。
MergeTopologyGraphJobStateChangeEvent,The notification data structure,合并拓扑图任务状态变更事件,当一个合并拓扑图任务的状态发生变化时，系统发出的通知事件。
MergeTopologyGraphJobCreateEventPayload,The event data structure,合并拓扑图任务创建事件数据,合并拓扑图任务创建事件所携带的具体数据内容。
MergeTopologyGraphJobCreateEvent,The notification data structure,合并拓扑图任务创建事件,当一个合并拓扑图任务被创建时，系统发出的通知事件。
TopologyDiscoveryJobStateChangeEventPayload,The event data structure,拓扑发现任务状态变更事件数据,拓扑发现任务状态变更事件所携带的具体数据内容。
TopologyDiscoveryJobStateChangeEvent,The notification data structure,拓扑发现任务状态变更事件,当一个拓扑发现任务的状态发生变化时，系统发出的通知事件。
TopologyDiscoveryJobCreateEventPayload,The event data structure,拓扑发现任务创建事件数据,拓扑发现任务创建事件所携带的具体数据内容。
TopologyDiscoveryJobCreateEvent,The notification data structure,拓扑发现任务创建事件,当一个拓扑发现任务被创建时，系统发出的通知事件。
EdgeSpecificationDeleteEventPayload,The event data structure,边规约删除事件数据,边规约删除事件所携带的具体数据内容。
EdgeSpecificationDeleteEvent,The notification data structure,边规约删除事件,当一个边规约被删除时，系统发出的通知事件。
EdgeSpecificationChangeEventPayload,The event data structure,边规约变更事件数据,边规约变更事件所携带的具体数据内容。
EdgeSpecificationChangeEvent,The notification data structure,边规约变更事件,当一个边规约发生变更时，系统发出的通知事件。
EdgeSpecificationCreateEventPayload,The event data structure,边规约创建事件数据,边规约创建事件所携带的具体数据内容。
EdgeSpecificationCreateEvent,The notification data structure,边规约创建事件,当一个边规约被创建时，系统发出的通知事件。
VertexSpecificationDeleteEventPayload,The event data structure,顶点规约删除事件数据,顶点规约删除事件所携带的具体数据内容。
VertexSpecificationDeleteEvent,The notification data structure,顶点规约删除事件,当一个顶点规约被删除时，系统发出的通知事件。
VertexSpecificationChangeEventPayload,The event data structure,顶点规约变更事件数据,顶点规约变更事件所携带的具体数据内容。
ReserveProductStock,ReserveProductStock is used to request a product stock reservation,预留产品库存,用于请求产品库存预留的任务。
QueryProductStock,QueryProductStock is used to query product stock availability,查询产品库存,用于查询产品库存可用性的任务。
ProductStockUsageType,Possible values for the usage of the stock level - This is illustrative,产品库存使用类型,定义了库存水平的使用类型。
ProductStockStatusType,Possible values for the status of the stock  level,产品库存状态类型,定义了库存水平的状态。
ProductStockRelationship,Linked product stock  with a type relationship.,产品库存关系,带有关系类型的、链接的产品库存。
ProductStock,ProductStock is a base class for defining a product (or configured product with values characteristic) stock level.,产品库存,用于定义一个产品（或已配置产品）库存水平的基类。
CheckProductStockItem,CheckProductStockItem is used to log and execute query about one product (or configured product) stock availability,检查产品库存项,用于记录和执行关于一个产品库存可用性查询的项目。
CheckProductStock,CheckProductStock is used to log and execute check about product stock availability,检查产品库存,用于记录和执行关于产品库存可用性检查的任务。
AlternateProductStock,AlternateProductStock is used to log and execute Alternate about product  stock availability,备选产品库存,用于记录和执行关于产品库存可用性备选方案。
AdjustProductStockItem,A list of AdjustProductStock items. Every item is a ProductStock adjustement request.,调整产品库存项,调整产品库存项的列表，每一项都是一个产品库存调整请求。
AdjustProductStock,AdjustProductStock is used to log and execute on or several Product Stock level change,调整产品库存,用于记录和执行一个或多个产品库存水平变更的任务。
TopologyQueryJobStateChangeEventPayload,The event data structure,拓扑查询任务状态变更事件数据,拓扑查询任务状态变更事件所携带的具体数据内容。
TopologyQueryJobStateChangeEvent,The notification data structure,拓扑查询任务状态变更事件,当一个拓扑查询任务的状态发生变化时，系统发出的通知事件。
TopologyQueryJobCreateEventPayload,The event data structure,拓扑查询任务创建事件数据,拓扑查询任务创建事件所携带的具体数据内容。
TopologyQueryJobCreateEvent,The notification data structure,拓扑查询任务创建事件,当一个拓扑查询任务被创建时，系统发出的通知事件。
MergeTopologyGraphJobStateChangeEventPayload,The event data structure,合并拓扑图任务状态变更事件数据,合并拓扑图任务状态变更事件所携带的具体数据内容。
AdjustProductStockStateChangeEvent,The notification data structure,调整产品库存状态变更事件,当一个调整产品库存任务的状态发生变化时，系统发出的通知事件。
AdjustProductStockAttributeValueChangeEventPayload,The event data structure,调整产品库存属性值变更事件数据,调整产品库存属性值变更事件所携带的具体数据内容。
AdjustProductStockAttributeValueChangeEvent,The notification data structure,调整产品库存属性值变更事件,当一个调整产品库存任务的属性值发生变化时，系统发出的通知事件。
AdjustProductStockCreateEventPayload,The event data structure,调整产品库存创建事件数据,调整产品库存创建事件所携带的具体数据内容。
AdjustProductStockCreateEvent,The notification data structure,调整产品库存创建事件,当一个调整产品库存任务被创建时，系统发出的通知事件。
ProductStockDeleteEventPayload,The event data structure,产品库存删除事件数据,产品库存删除事件所携带的具体数据内容。
ProductStockDeleteEvent,The notification data structure,产品库存删除事件,当一个产品库存被删除时，系统发出的通知事件。
ProductStockBatchEventPayload,The event data structure,产品库存批处理事件数据,产品库存批处理事件所携带的具体数据内容。
ProductStockBatchEvent,The notification data structure,产品库存批处理事件,当对产品库存进行批量操作时，系统发出的通知事件。
ProductStockStateChangeEventPayload,The event data structure,产品库存状态变更事件数据,产品库存状态变更事件所携带的具体数据内容。
ProductStockStateChangeEvent,The notification data structure,产品库存状态变更事件,当一个产品库存的状态发生变化时，系统发出的通知事件。
ProductStockAttributeValueChangeEventPayload,The event data structure,产品库存属性值变更事件数据,产品库存属性值变更事件所携带的具体数据内容。
ProductStockAttributeValueChangeEvent,The notification data structure,产品库存属性值变更事件,当一个产品库存的属性值发生变化时，系统发出的通知事件。
ProductStockCreateEventPayload,The event data structure,产品库存创建事件数据,产品库存创建事件所携带的具体数据内容。
ProductStockCreateEvent,The notification data structure,产品库存创建事件,当一个产品库存被创建时，系统发出的通知事件。
ReserveProductStockItem,ReserveProductStockItem is used to request a stock reservation item for a product,预留产品库存项,用于请求产品库存预留的一个具体项目。
ReserveProductStockStateChangeEvent,The notification data structure,预留产品库存状态变更事件,当一个预留产品库存任务的状态发生变化时，系统发出的通知事件。
ReserveProductStockAttributeValueChangeEventPayload,The event data structure,预留产品库存属性值变更事件数据,预留产品库存属性值变更事件所携带的具体数据内容。
ReserveProductStockAttributeValueChangeEvent,The notification data structure,预留产品库存属性值变更事件,当一个预留产品库存任务的属性值发生变化时，系统发出的通知事件。
ReserveProductStockCreateEventPayload,The event data structure,预留产品库存创建事件数据,预留产品库存创建事件所携带的具体数据内容。
ReserveProductStockCreateEvent,The notification data structure,预留产品库存创建事件,当一个预留产品库存任务被创建时，系统发出的通知事件。
CheckProductStockBatchEventPayload,The event data structure,检查产品库存批处理事件数据,检查产品库存批处理事件所携带的具体数据内容。
CheckProductStockBatchEvent,The notification data structure,检查产品库存批处理事件,当对检查产品库存进行批量操作时，系统发出的通知事件。
CheckProductStockStateChangeEventPayload,The event data structure,检查产品库存状态变更事件数据,检查产品库存状态变更事件所携带的具体数据内容。
CheckProductStockStateChangeEvent,The notification data structure,检查产品库存状态变更事件,当一个检查产品库存任务的状态发生变化时，系统发出的通知事件。
CheckProductStockAttributeValueChangeEventPayload,The event data structure,检查产品库存属性值变更事件数据,检查产品库存属性值变更事件所携带的具体数据内容。
CheckProductStockAttributeValueChangeEvent,The notification data structure,检查产品库存属性值变更事件,当一个检查产品库存任务的属性值发生变化时，系统发出的通知事件。
CheckProductStockCreateEventPayload,The event data structure,检查产品库存创建事件数据,检查产品库存创建事件所携带的具体数据内容。
CheckProductStockCreateEvent,The notification data structure,检查产品库存创建事件,当一个检查产品库存任务被创建时，系统发出的通知事件。
AdjustProductStockBatchEventPayload,The event data structure,调整产品库存批处理事件数据,调整产品库存批处理事件所携带的具体数据内容。
AdjustProductStockBatchEvent,The notification data structure,调整产品库存批处理事件,当对调整产品库存进行批量操作时，系统发出的通知事件。
AdjustProductStockStateChangeEventPayload,The event data structure,调整产品库存状态变更事件数据,调整产品库存状态变更事件所携带的具体数据内容。
UserAsset,,用户资产,用户拥有或使用的资产。
QueryProductStockBatchEventPayload,The event data structure,查询产品库存批处理事件数据,查询产品库存批处理事件所携带的具体数据内容。
QueryProductStockBatchEvent,The notification data structure,查询产品库存批处理事件,当对查询产品库存进行批量操作时，系统发出的通知事件。
QueryProductStockStateChangeEventPayload,The event data structure,查询产品库存状态变更事件数据,查询产品库存状态变更事件所携带的具体数据内容。
QueryProductStockStateChangeEvent,The notification data structure,查询产品库存状态变更事件,当一个查询产品库存任务的状态发生变化时，系统发出的通知事件。
QueryProductStockAttributeValueChangeEventPayload,The event data structure,查询产品库存属性值变更事件数据,查询产品库存属性值变更事件所携带的具体数据内容。
QueryProductStockAttributeValueChangeEvent,The notification data structure,查询产品库存属性值变更事件,当一个查询产品库存任务的属性值发生变化时，系统发出的通知事件。
QueryProductStockCreateEventPayload,The event data structure,查询产品库存创建事件数据,查询产品库存创建事件所携带的具体数据内容。
QueryProductStockCreateEvent,The notification data structure,查询产品库存创建事件,当一个查询产品库存任务被创建时，系统发出的通知事件。
ReserveProductStockBatchEventPayload,The event data structure,预留产品库存批处理事件数据,预留产品库存批处理事件所携带的具体数据内容。
ReserveProductStockBatchEvent,The notification data structure,预留产品库存批处理事件,当对预留产品库存进行批量操作时，系统发出的通知事件。
ReserveProductStockStateChangeEventPayload,The event data structure,预留产品库存状态变更事件数据,预留产品库存状态变更事件所携带的具体数据内容。
OrderRef,ProductOrder (ProductOrder) .The product order which the recommendation is related with.,订单引用,用于简要引用一个订单。
OrderItemRef,ProductOrder (ProductOrder) .The product order which the recommendation is related with.,订单项引用,用于简要引用一个订单项。
OrderItemPrice,"An amount, usually of money, that represents the actual price paid by the Customer for this item or this order",订单项价格,客户为此订单项实际支付的金额。
TroubleTicketSpecificationStatusExampleType,"Possible values for the status of Trouble Ticket Specification (suc as inDesign, active, rejected, retired)",故障单规约状态类型,定义了故障单规约的生命周期状态，例如“设计中”、“活动”、“已废弃”。
WorkOrderInformationRequiredEventPayload,The event data structure,工单需要补充信息事件数据,工单需要补充信息事件所携带的具体数据内容。
WorkOrderInformationRequiredEvent,The notification data structure,工单需要补充信息事件,当工单处理流程因缺少信息而暂停时，系统发出的通知事件。
WorkOrderDeleteEventPayload,The event data structure,工单删除事件数据,工单删除事件所携带的具体数据内容。
WorkOrderDeleteEvent,The notification data structure,工单删除事件,当一个工单被删除时，系统发出的通知事件。
ShipmentRefOrValue,"A shipment defined by value or existing defined by reference. The polymorphic attributes @type, @schemaLocation &amp; @referredType are related to the shipment entity and not the related ShipmentRefOrValue class itself",货运引用或值,一个灵活的模型，既可以包含一个完整的货运信息，也可以只包含对一个已存在货运的引用。
ShipmentRef,Shipment reference,货运引用,用于简要引用一个货运。
ProcessFlowSpecificationCreateEvent,The notification data structure,流程规约创建事件,当一个流程规约被创建时，系统发出的通知事件。
TaskFlowSpecificationRelationship,A relationship between TaskFlow specifications.,任务流规约关系,任务流规约（模板）之间的关系。
TaskFlowSpecification,TaskFlowSpecification is a class that allow to describe a TaskFlow specification design. A TaskFlow instance as used in TMF71 will use a TaskFlowSpecification as reference.,任务流规约,任务流的模板或蓝图，描述了一个任务流的设计。
ProcessFlowSpecificationRelationship,"A relationship (triggers, delegates, etc...) between/among ProcessFlow specifications.",流程规约关系,流程规约（模板）之间的关系，例如“触发”、“委托”。
ProcessFlowSpecification,ProcessFlowSpecification is a class that allow to describe a processFlow design. A ProcessFlow instance as used in TMF71 will use a ProcessFlowSpecification as reference.,流程规约,流程的模板或蓝图，描述了一个流程的设计。
AssociationSpecRef,reference to an AssociationSpecification object,关联规约引用,用于简要引用一个关联规约（模板）。
ShippingOrderInformationRequiredEventPayload,The event data structure,发货单需要补充信息事件数据,发货单需要补充信息事件所携带的具体数据内容。
ShippingOrderInformationRequiredEvent,The notification data structure,发货单需要补充信息事件,当发货单处理流程因缺少信息而暂停时，系统发出的通知事件。
TaskFlowSpecificationAttributeValueChangeEventPayload,The event data structure,任务流规约属性值变更事件数据,任务流规约属性值变更事件所携带的具体数据内容。
TaskFlowSpecificationAttributeValueChangeEvent,The notification data structure,任务流规约属性值变更事件,当一个任务流规约的属性值发生变化时，系统发出的通知事件。
TaskFlowSpecificationDeleteEventPayload,The event data structure,任务流规约删除事件数据,任务流规约删除事件所携带的具体数据内容。
TaskFlowSpecificationDeleteEvent,The notification data structure,任务流规约删除事件,当一个任务流规约被删除时，系统发出的通知事件。
TaskFlowSpecificationStateChangeEventPayload,The event data structure,任务流规约状态变更事件数据,任务流规约状态变更事件所携带的具体数据内容。
TaskFlowSpecificationStateChangeEvent,The notification data structure,任务流规约状态变更事件,当一个任务流规约的状态发生变化时，系统发出的通知事件。
TaskFlowSpecificationCreateEventPayload,The event data structure,任务流规约创建事件数据,任务流规约创建事件所携带的具体数据内容。
TaskFlowSpecificationCreateEvent,The notification data structure,任务流规约创建事件,当一个任务流规约被创建时，系统发出的通知事件。
ProcessFlowSpecificationAttributeValueChangeEventPayload,The event data structure,流程规约属性值变更事件数据,流程规约属性值变更事件所携带的具体数据内容。
ProcessFlowSpecificationAttributeValueChangeEvent,The notification data structure,流程规约属性值变更事件,当一个流程规约的属性值发生变化时，系统发出的通知事件。
ProcessFlowSpecificationDeleteEventPayload,The event data structure,流程规约删除事件数据,流程规约删除事件所携带的具体数据内容。
ProcessFlowSpecificationDeleteEvent,The notification data structure,流程规约删除事件,当一个流程规约被删除时，系统发出的通知事件。
ProcessFlowSpecificationStateChangeEventPayload,The event data structure,流程规约状态变更事件数据,流程规约状态变更事件所携带的具体数据内容。
ProcessFlowSpecificationStateChangeEvent,The notification data structure,流程规约状态变更事件,当一个流程规约的状态发生变化时，系统发出的通知事件。
ProcessFlowSpecificationCreateEventPayload,The event data structure,流程规约创建事件数据,流程规约创建事件所携带的具体数据内容。
EntityDeleteEvent,The notification data structure,实体删除事件,当一个通用实体被删除时，系统发出的通知事件。
EntityChangeEventPayload,The event data structure,实体变更事件数据,实体变更事件所携带的具体数据内容。
EntityChangeEvent,The notification data structure,实体变更事件,当一个通用实体发生变更时，系统发出的通知事件。
EntityCreateEventPayload,The event data structure,实体创建事件数据,实体创建事件所携带的具体数据内容。
EntityCreateEvent,The notification data structure,实体创建事件,当一个通用实体被创建时，系统发出的通知事件。
ManagedEntity,"ManagedEntity represents an entity that describes the common set of attributes shared by all concrete entities (e.g. Resource, Service, ..) in the Entity Inventory.",受管实体,代表了库存中所有具体实体（如资源、服务）共享的通用属性集合。
TestSuiteDefinition,Test suite definition,测试套件定义,测试套件的定义或模板。
TestSuite,A managed test suite resource,测试套件,一个受管理的测试套件资源，是测试用例的集合。
TestCaseDefinition,Test case definition,测试用例定义,测试用例的定义或模板。
TestCase,A managed test case resource,测试用例,一个受管理的测试用例资源。
NonFunctionalTestModelDefinition,Non-functional test model definition,非功能性测试模型定义,非功能性测试模型的定义或模板。
NonFunctionalTestModel,A managed non-functional test model resource,非功能性测试模型,一个受管理的非功能性测试模型资源。
AssociationChangeEventPayload,The event data structure,关联变更事件数据,关联变更事件所携带的具体数据内容。
AssociationChangeEvent,The notification data structure,关联变更事件,当一个关联发生变更时，系统发出的通知事件。
EntityDeleteEventPayload,The event data structure,实体删除事件数据,实体删除事件所携带的具体数据内容。
TestSuiteDeleteEventPayload,The event data structure,测试套件删除事件数据,测试套件删除事件所携带的具体数据内容。
TestSuiteDeleteEvent,The notification data structure,测试套件删除事件,当一个测试套件被删除时，系统发出的通知事件。
TestSuiteChangeEventPayload,The event data structure,测试套件变更事件数据,测试套件变更事件所携带的具体数据内容。
TestSuiteChangeEvent,The notification data structure,测试套件变更事件,当一个测试套件发生变更时，系统发出的通知事件。
TestSuiteCreateEventPayload,The event data structure,测试套件创建事件数据,测试套件创建事件所携带的具体数据内容。
TestSuiteCreateEvent,The notification data structure,测试套件创建事件,当一个测试套件被创建时，系统发出的通知事件。
TestCaseStateChangeEventPayload,The event data structure,测试用例状态变更事件数据,测试用例状态变更事件所携带的具体数据内容。
TestCaseStateChangeEvent,The notification data structure,测试用例状态变更事件,当一个测试用例的状态发生变化时，系统发出的通知事件。
TestCaseAttributeValueChangeEventPayload,The event data structure,测试用例属性值变更事件数据,测试用例属性值变更事件所携带的具体数据内容。
TestCaseAttributeValueChangeEvent,The notification data structure,测试用例属性值变更事件,当一个测试用例的属性值发生变化时，系统发出的通知事件。
TestCaseDeleteEventPayload,The event data structure,测试用例删除事件数据,测试用例删除事件所携带的具体数据内容。
TestCaseDeleteEvent,The notification data structure,测试用例删除事件,当一个测试用例被删除时，系统发出的通知事件。
TestCaseChangeEventPayload,The event data structure,测试用例变更事件数据,测试用例变更事件所携带的具体数据内容。
TestCaseChangeEvent,The notification data structure,测试用例变更事件,当一个测试用例发生变更时，系统发出的通知事件。
TestCaseCreateEventPayload,The event data structure,测试用例创建事件数据,测试用例创建事件所携带的具体数据内容。
TestCaseCreateEvent,The notification data structure,测试用例创建事件,当一个测试用例被创建时，系统发出的通知事件。
AbstractEnvironmentDefinition,Abstract environment definition,抽象环境定义,抽象环境的定义或模板。
AbstractEnvironment,A managed abstract environment resource,抽象环境,一个受管理的抽象环境资源。
NonFunctionalTestModelStateChangeEventPayload,The event data structure,非功能性测试模型状态变更事件数据,非功能性测试模型状态变更事件所携带的具体数据内容。
NonFunctionalTestModelStateChangeEvent,The notification data structure,非功能性测试模型状态变更事件,当一个非功能性测试模型的状态发生变化时，系统发出的通知事件。
NonFunctionalTestModelAttributeValueChangeEventPayload,The event data structure,非功能性测试模型属性值变更事件数据,非功能性测试模型属性值变更事件所携带的具体数据内容。
NonFunctionalTestModelAttributeValueChangeEvent,The notification data structure,非功能性测试模型属性值变更事件,当一个非功能性测试模型的属性值发生变化时，系统发出的通知事件。
NonFunctionalTestModelDeleteEventPayload,The event data structure,非功能性测试模型删除事件数据,非功能性测试模型删除事件所携带的具体数据内容。
NonFunctionalTestModelDeleteEvent,The notification data structure,非功能性测试模型删除事件,当一个非功能性测试模型被删除时，系统发出的通知事件。
NonFunctionalTestModelChangeEventPayload,The event data structure,非功能性测试模型变更事件数据,非功能性测试模型变更事件所携带的具体数据内容。
NonFunctionalTestModelChangeEvent,The notification data structure,非功能性测试模型变更事件,当一个非功能性测试模型发生变更时，系统发出的通知事件。
NonFunctionalTestModelCreateEventPayload,The event data structure,非功能性测试模型创建事件数据,非功能性测试模型创建事件所携带的具体数据内容。
NonFunctionalTestModelCreateEvent,The notification data structure,非功能性测试模型创建事件,当一个非功能性测试模型被创建时，系统发出的通知事件。
TestSuiteStateChangeEventPayload,The event data structure,测试套件状态变更事件数据,测试套件状态变更事件所携带的具体数据内容。
TestSuiteStateChangeEvent,The notification data structure,测试套件状态变更事件,当一个测试套件的状态发生变化时，系统发出的通知事件。
TestSuiteAttributeValueChangeEventPayload,The event data structure,测试套件属性值变更事件数据,测试套件属性值变更事件所携带的具体数据内容。
TestSuiteAttributeValueChangeEvent,The notification data structure,测试套件属性值变更事件,当一个测试套件的属性值发生变化时，系统发出的通知事件。
AbstractEnvironmentStateChangeEventPayload,The event data structure,抽象环境状态变更事件数据,抽象环境状态变更事件所携带的具体数据内容。
AbstractEnvironmentStateChangeEvent,The notification data structure,抽象环境状态变更事件,当一个抽象环境的状态发生变化时，系统发出的通知事件。
AbstractEnvironmentAttributeValueChangeEventPayload,The event data structure,抽象环境属性值变更事件数据,抽象环境属性值变更事件所携带的具体数据内容。
AbstractEnvironmentAttributeValueChangeEvent,The notification data structure,抽象环境属性值变更事件,当一个抽象环境的属性值发生变化时，系统发出的通知事件。
AbstractEnvironmentDeleteEventPayload,The event data structure,抽象环境删除事件数据,抽象环境删除事件所携带的具体数据内容。
AbstractEnvironmentDeleteEvent,The notification data structure,抽象环境删除事件,当一个抽象环境被删除时，系统发出的通知事件。
AbstractEnvironmentChangeEventPayload,The event data structure,抽象环境变更事件数据,抽象环境变更事件所携带的具体数据内容。
AbstractEnvironmentChangeEvent,The notification data structure,抽象环境变更事件,当一个抽象环境发生变更时，系统发出的通知事件。
AbstractEnvironmentCreateEventPayload,The event data structure,抽象环境创建事件数据,抽象环境创建事件所携带的具体数据内容。
AbstractEnvironmentCreateEvent,The notification data structure,抽象环境创建事件,当一个抽象环境被创建时，系统发出的通知事件。
TestResourceAPIDefinition,Test resource API definition,测试资源API定义,测试资源API的定义或模板。
TestResourceAPI,A managed test resource API resource,测试资源API,一个受管理的测试资源API。
ProvisioningArtifactDefinition,Provisioning artifact definition,部署工件定义,部署工件的定义或模板。
ProvisioningArtifact,A managed provisioning artifact resource,部署工件,一个受管理的部署工件资源，用于环境部署。
ConcreteEnvironmentMetaModelDefinition,Test environment metamodel definition,具体环境元模型定义,测试环境元模型的定义或模板。
ConcreteEnvironmentMetaModel,A managed concrete environment resource metamodel resource,具体环境元模型,一个受管理的具体环境元模型资源。
TestResourceAPIDeleteEventPayload,The event data structure,测试资源API删除事件数据,测试资源API删除事件所携带的具体数据内容。
TestResourceAPIDeleteEvent,The notification data structure,测试资源API删除事件,当一个测试资源API被删除时，系统发出的通知事件。
TestResourceAPIChangeEventPayload,The event data structure,测试资源API变更事件数据,测试资源API变更事件所携带的具体数据内容。
TestResourceAPIChangeEvent,The notification data structure,测试资源API变更事件,当一个测试资源API发生变更时，系统发出的通知事件。
TestResourceAPICreateEventPayload,The event data structure,测试资源API创建事件数据,测试资源API创建事件所携带的具体数据内容。
TestResourceAPICreateEvent,The notification data structure,测试资源API创建事件,当一个测试资源API被创建时，系统发出的通知事件。
ConcreteEnvironmentMetaModelStateChangeEventPayload,The event data structure,具体环境元模型状态变更事件数据,具体环境元模型状态变更事件所携带的具体数据内容。
ConcreteEnvironmentMetaModelStateChangeEvent,The notification data structure,具体环境元模型状态变更事件,当一个具体环境元模型的状态发生变化时，系统发出的通知事件。
ConcreteEnvironmentMetaModelAttributeValueChangeEventPayload,The event data structure,具体环境元模型属性值变更事件数据,具体环境元模型属性值变更事件所携带的具体数据内容。
ConcreteEnvironmentMetaModelAttributeValueChangeEvent,The notification data structure,具体环境元模型属性值变更事件,当一个具体环境元模型的属性值发生变化时，系统发出的通知事件。
ConcreteEnvironmentMetaModelDeleteEventPayload,The event data structure,具体环境元模型删除事件数据,具体环境元模型删除事件所携带的具体数据内容。
ConcreteEnvironmentMetaModelDeleteEvent,The notification data structure,具体环境元模型删除事件,当一个具体环境元模型被删除时，系统发出的通知事件。
ConcreteEnvironmentMetaModelChangeEventPayload,The event data structure,具体环境元模型变更事件数据,具体环境元模型变更事件所携带的具体数据内容。
ConcreteEnvironmentMetaModelChangeEvent,The notification data structure,具体环境元模型变更事件,当一个具体环境元模型发生变更时，系统发出的通知事件。
ConcreteEnvironmentMetaModelCreateEventPayload,The event data structure,具体环境元模型创建事件数据,具体环境元模型创建事件所携带的具体数据内容。
ConcreteEnvironmentMetaModelCreateEvent,The notification data structure,具体环境元模型创建事件,当一个具体环境元模型被创建时，系统发出的通知事件。
TestDataInstanceDefinition,Test data instance definition,测试数据实例定义,测试数据实例的定义或模板。
TestDataInstance,A managed test data instance resource,测试数据实例,一个受管理的测试数据实例资源。
ProvisioningArtifactStateChangeEventPayload,The event data structure,部署工件状态变更事件数据,部署工件状态变更事件所携带的具体数据内容。
ProvisioningArtifactStateChangeEvent,The notification data structure,部署工件状态变更事件,当一个部署工件的状态发生变化时，系统发出的通知事件。
ProvisioningArtifactAttributeValueChangeEventPayload,The event data structure,部署工件属性值变更事件数据,部署工件属性值变更事件所携带的具体数据内容。
ProvisioningArtifactAttributeValueChangeEvent,The notification data structure,部署工件属性值变更事件,当一个部署工件的属性值发生变化时，系统发出的通知事件。
ProvisioningArtifactDeleteEventPayload,The event data structure,部署工件删除事件数据,部署工件删除事件所携带的具体数据内容。
ProvisioningArtifactDeleteEvent,The notification data structure,部署工件删除事件,当一个部署工件被删除时，系统发出的通知事件。
ProvisioningArtifactChangeEventPayload,The event data structure,部署工件变更事件数据,部署工件变更事件所携带的具体数据内容。
ProvisioningArtifactChangeEvent,The notification data structure,部署工件变更事件,当一个部署工件发生变更时，系统发出的通知事件。
ProvisioningArtifactCreateEventPayload,The event data structure,部署工件创建事件数据,部署工件创建事件所携带的具体数据内容。
ProvisioningArtifactCreateEvent,The notification data structure,部署工件创建事件,当一个部署工件被创建时，系统发出的通知事件。
TestResourceAPIStateChangeEventPayload,The event data structure,测试资源API状态变更事件数据,测试资源API状态变更事件所携带的具体数据内容。
TestResourceAPIStateChangeEvent,The notification data structure,测试资源API状态变更事件,当一个测试资源API的状态发生变化时，系统发出的通知事件。
TestResourceAPIAttributeValueChangeEventPayload,The event data structure,测试资源API属性值变更事件数据,测试资源API属性值变更事件所携带的具体数据内容。
TestResourceAPIAttributeValueChangeEvent,The notification data structure,测试资源API属性值变更事件,当一个测试资源API的属性值发生变化时，系统发出的通知事件。
TestDataSchemaChangeEventPayload,The event data structure,测试数据结构变更事件数据,测试数据结构变更事件所携带的具体数据内容。
TestDataSchemaChangeEvent,The notification data structure,测试数据结构变更事件,当一个测试数据结构发生变更时，系统发出的通知事件。
TestDataSchemaCreateEventPayload,The event data structure,测试数据结构创建事件数据,测试数据结构创建事件所携带的具体数据内容。
TestDataSchemaCreateEvent,The notification data structure,测试数据结构创建事件,当一个测试数据结构被创建时，系统发出的通知事件。
TestDataInstanceStateChangeEventPayload,The event data structure,测试数据实例状态变更事件数据,测试数据实例状态变更事件所携带的具体数据内容。
TestDataInstanceStateChangeEvent,The notification data structure,测试数据实例状态变更事件,当一个测试数据实例的状态发生变化时，系统发出的通知事件。
TestDataInstanceAttributeValueChangeEventPayload,The event data structure,测试数据实例属性值变更事件数据,测试数据实例属性值变更事件所携带的具体数据内容。
TestDataInstanceAttributeValueChangeEvent,The notification data structure,测试数据实例属性值变更事件,当一个测试数据实例的属性值发生变化时，系统发出的通知事件。
TestDataInstanceDeleteEventPayload,The event data structure,测试数据实例删除事件数据,测试数据实例删除事件所携带的具体数据内容。
TestDataInstanceDeleteEvent,The notification data structure,测试数据实例删除事件,当一个测试数据实例被删除时，系统发出的通知事件。
TestDataInstanceChangeEventPayload,The event data structure,测试数据实例变更事件数据,测试数据实例变更事件所携带的具体数据内容。
TestDataInstanceChangeEvent,The notification data structure,测试数据实例变更事件,当一个测试数据实例发生变更时，系统发出的通知事件。
TestDataInstanceCreateEventPayload,The event data structure,测试数据实例创建事件数据,测试数据实例创建事件所携带的具体数据内容。
TestDataInstanceCreateEvent,The notification data structure,测试数据实例创建事件,当一个测试数据实例被创建时，系统发出的通知事件。
TestDataSchemaDefinition,Test data schema definition,测试数据结构定义,测试数据结构的定义或模板。
TestDataSchema,A managed test data schema resource,测试数据结构,一个受管理的测试数据结构（Schema）资源。
CatalogBatchEventPayload,The event data structure,目录批处理事件数据,目录批处理事件所携带的具体数据内容。
CatalogBatchEvent,The notification data structure,目录批处理事件,当对目录进行批量操作时，系统发出的通知事件。
CatalogDeleteEventPayload,The event data structure,目录删除事件数据,目录删除事件所携带的具体数据内容。
NonFunctionalTestResultDefinition,Non-functional test result definition,非功能性测试结果定义,非功能性测试结果的定义或模板。
NonFunctionalTestResult,A managed non-functional test result resource,非功能性测试结果,一个受管理的非功能性测试结果资源。
NonFunctionalTestExecutionRefOrValue,,非功能性测试执行引用或值,一个灵活的模型，既可以包含一个完整的非功能性测试执行信息，也可以只包含对一个已存在执行的引用。
NonFunctionalTestExecutionRef,A reference to a non-funcitonal test execution,非功能性测试执行引用,用于简要引用一次非功能性测试的执行。
TestDataSchemaStateChangeEventPayload,The event data structure,测试数据结构状态变更事件数据,测试数据结构状态变更事件所携带的具体数据内容。
TestDataSchemaStateChangeEvent,The notification data structure,测试数据结构状态变更事件,当一个测试数据结构的状态发生变化时，系统发出的通知事件。
TestDataSchemaAttributeValueChangeEventPayload,The event data structure,测试数据结构属性值变更事件数据,测试数据结构属性值变更事件所携带的具体数据内容。
TestDataSchemaAttributeValueChangeEvent,The notification data structure,测试数据结构属性值变更事件,当一个测试数据结构的属性值发生变化时，系统发出的通知事件。
TestDataSchemaDeleteEventPayload,The event data structure,测试数据结构删除事件数据,测试数据结构删除事件所携带的具体数据内容。
TestDataSchemaDeleteEvent,The notification data structure,测试数据结构删除事件,当一个测试数据结构被删除时，系统发出的通知事件。
TestSuiteExecutionRefOrValue,,测试套件执行引用或值,一个灵活的模型，既可以包含一个完整的测试套件执行信息，也可以只包含对一个已存在执行的引用。
TestSuiteExecutionRef,A reference to a test suite execution,测试套件执行引用,用于简要引用一次测试套件的执行。
TestCaseResultDefinition,Test case result definition,测试用例结果定义,测试用例结果的定义或模板。
TestCaseResult,A managed test case result resource,测试用例结果,一个受管理的测试用例结果资源。
TestCaseExecutionRefOrValue,,测试用例执行引用或值,一个灵活的模型，既可以包含一个完整的测试用例执行信息，也可以只包含对一个已存在执行的引用。
TestCaseExecutionRef,A reference to a test case execution,测试用例执行引用,用于简要引用一次测试用例的执行。
TestSuiteResultCreateEvent,The notification data structure,测试套件结果创建事件,当一个测试套件结果被创建时，系统发出的通知事件。
TestCaseResultDeleteEventPayload,The event data structure,测试用例结果删除事件数据,测试用例结果删除事件所携带的具体数据内容。
TestCaseResultDeleteEvent,The notification data structure,测试用例结果删除事件,当一个测试用例结果被删除时，系统发出的通知事件。
TestCaseResultChangeEventPayload,The event data structure,测试用例结果变更事件数据,测试用例结果变更事件所携带的具体数据内容。
TestCaseResultChangeEvent,The notification data structure,测试用例结果变更事件,当一个测试用例结果发生变更时，系统发出的通知事件。
TestCaseResultCreateEventPayload,The event data structure,测试用例结果创建事件数据,测试用例结果创建事件所携带的具体数据内容。
TestCaseResultCreateEvent,The notification data structure,测试用例结果创建事件,当一个测试用例结果被创建时，系统发出的通知事件。
TestSuiteResultDefinition,Test suite result definition,测试套件结果定义,测试套件结果的定义或模板。
TestSuiteResult,A managed test case result resource,测试套件结果,一个受管理的测试套件结果资源。
CatalogDeleteEvent,The notification data structure,目录删除事件,当一个目录被删除时，系统发出的通知事件。
CatalogStateChangeEventPayload,The event data structure,目录状态变更事件数据,目录状态变更事件所携带的具体数据内容。
CatalogStateChangeEvent,The notification data structure,目录状态变更事件,当一个目录的状态发生变化时，系统发出的通知事件。
CatalogAttributeValueChangeEventPayload,The event data structure,目录属性值变更事件数据,目录属性值变更事件所携带的具体数据内容。
CatalogAttributeValueChangeEvent,The notification data structure,目录属性值变更事件,当一个目录的属性值发生变化时，系统发出的通知事件。
CatalogCreateEventPayload,The event data structure,目录创建事件数据,目录创建事件所携带的具体数据内容。
CatalogCreateEvent,The notification data structure,目录创建事件,当一个目录被创建时，系统发出的通知事件。
TestEnvironmentAllocationExecutionStateChangeEvent,The notification data structure,测试环境分配执行状态变更事件,当一个测试环境分配执行的状态发生变化时，系统发出的通知事件。
TestEnvironmentAllocationExecutionDeleteEventPayload,The event data structure,测试环境分配执行删除事件数据,测试环境分配执行删除事件所携带的具体数据内容。
TestEnvironmentAllocationExecutionDeleteEvent,The notification data structure,测试环境分配执行删除事件,当一个测试环境分配执行被删除时，系统发出的通知事件。
TestEnvironmentAllocationExecutionCreateEventPayload,The event data structure,测试环境分配执行创建事件数据,测试环境分配执行创建事件所携带的具体数据内容。
TestEnvironmentAllocationExecutionCreateEvent,The notification data structure,测试环境分配执行创建事件,当一个测试环境分配执行被创建时，系统发出的通知事件。
NonFunctionalTestResultDeleteEventPayload,The event data structure,非功能性测试结果删除事件数据,非功能性测试结果删除事件所携带的具体数据内容。
NonFunctionalTestResultDeleteEvent,The notification data structure,非功能性测试结果删除事件,当一个非功能性测试结果被删除时，系统发出的通知事件。
NonFunctionalTestResultChangeEventPayload,The event data structure,非功能性测试结果变更事件数据,非功能性测试结果变更事件所携带的具体数据内容。
NonFunctionalTestResultChangeEvent,The notification data structure,非功能性测试结果变更事件,当一个非功能性测试结果发生变更时，系统发出的通知事件。
NonFunctionalTestResultCreateEventPayload,The event data structure,非功能性测试结果创建事件数据,非功能性测试结果创建事件所携带的具体数据内容。
NonFunctionalTestResultCreateEvent,The notification data structure,非功能性测试结果创建事件,当一个非功能性测试结果被创建时，系统发出的通知事件。
TestSuiteResultDeleteEventPayload,The event data structure,测试套件结果删除事件数据,测试套件结果删除事件所携带的具体数据内容。
TestSuiteResultDeleteEvent,The notification data structure,测试套件结果删除事件,当一个测试套件结果被删除时，系统发出的通知事件。
TestSuiteResultChangeEventPayload,The event data structure,测试套件结果变更事件数据,测试套件结果变更事件所携带的具体数据内容。
TestSuiteResultChangeEvent,The notification data structure,测试套件结果变更事件,当一个测试套件结果发生变更时，系统发出的通知事件。
TestSuiteResultCreateEventPayload,The event data structure,测试套件结果创建事件数据,测试套件结果创建事件所携带的具体数据内容。
TestSuiteExecutionDeleteEvent,The notification data structure,测试套件执行删除事件,当一个测试套件执行被删除时，系统发出的通知事件。
TestSuiteExecutionCreateEventPayload,The event data structure,测试套件执行创建事件数据,测试套件执行创建事件所携带的具体数据内容。
TestSuiteExecutionCreateEvent,The notification data structure,测试套件执行创建事件,当一个测试套件执行被创建时，系统发出的通知事件。
TestCaseExecutionStateChangeEventPayload,The event data structure,测试用例执行状态变更事件数据,测试用例执行状态变更事件所携带的具体数据内容。
TestCaseExecutionStateChangeEvent,The notification data structure,测试用例执行状态变更事件,当一个测试用例执行的状态发生变化时，系统发出的通知事件。
TestCaseExecutionDeleteEventPayload,The event data structure,测试用例执行删除事件数据,测试用例执行删除事件所携带的具体数据内容。
TestCaseExecutionDeleteEvent,The notification data structure,测试用例执行删除事件,当一个测试用例执行被删除时，系统发出的通知事件。
TestCaseExecutionCreateEventPayload,The event data structure,测试用例执行创建事件数据,测试用例执行创建事件所携带的具体数据内容。
TestCaseExecutionCreateEvent,The notification data structure,测试用例执行创建事件,当一个测试用例执行被创建时，系统发出的通知事件。
TestEnvironmentProvisioningExecutionStateChangeEventPayload,The event data structure,测试环境部署执行状态变更事件数据,测试环境部署执行状态变更事件所携带的具体数据内容。
TestEnvironmentProvisioningExecutionStateChangeEvent,The notification data structure,测试环境部署执行状态变更事件,当一个测试环境部署执行的状态发生变化时，系统发出的通知事件。
TestEnvironmentProvisioningExecutionDeleteEventPayload,The event data structure,测试环境部署执行删除事件数据,测试环境部署执行删除事件所携带的具体数据内容。
TestEnvironmentProvisioningExecutionDeleteEvent,The notification data structure,测试环境部署执行删除事件,当一个测试环境部署执行被删除时，系统发出的通知事件。
TestEnvironmentProvisioningExecutionCreateEventPayload,The event data structure,测试环境部署执行创建事件数据,测试环境部署执行创建事件所携带的具体数据内容。
TestEnvironmentProvisioningExecutionCreateEvent,The notification data structure,测试环境部署执行创建事件,当一个测试环境部署执行被创建时，系统发出的通知事件。
TestEnvironmentAllocationExecutionStateChangeEventPayload,The event data structure,测试环境分配执行状态变更事件数据,测试环境分配执行状态变更事件所携带的具体数据内容。
TestScenarioDeleteEvent,The notification data structure,测试场景删除事件,当一个测试场景被删除时，系统发出的通知事件。
TestScenarioChangeEventPayload,The event data structure,测试场景变更事件数据,测试场景变更事件所携带的具体数据内容。
TestScenarioChangeEvent,The notification data structure,测试场景变更事件,当一个测试场景发生变更时，系统发出的通知事件。
TestScenarioCreateEventPayload,The event data structure,测试场景创建事件数据,测试场景创建事件所携带的具体数据内容。
TestScenarioCreateEvent,The notification data structure,测试场景创建事件,当一个测试场景被创建时，系统发出的通知事件。
TestScenarioDefinition,Test scenario definition,测试场景定义,测试场景的定义或模板。
TestScenario,A managed test scenario resource,测试场景,一个受管理的测试场景资源。
NonFunctionalTestExecutionStateChangeEventPayload,The event data structure,非功能性测试执行状态变更事件数据,非功能性测试执行状态变更事件所携带的具体数据内容。
NonFunctionalTestExecutionStateChangeEvent,The notification data structure,非功能性测试执行状态变更事件,当一个非功能性测试执行的状态发生变化时，系统发出的通知事件。
NonFunctionalTestExecutionDeleteEventPayload,The event data structure,非功能性测试执行删除事件数据,非功能性测试执行删除事件所携带的具体数据内容。
NonFunctionalTestExecutionDeleteEvent,The notification data structure,非功能性测试执行删除事件,当一个非功能性测试执行被删除时，系统发出的通知事件。
NonFunctionalTestExecutionCreateEventPayload,The event data structure,非功能性测试执行创建事件数据,非功能性测试执行创建事件所携带的具体数据内容。
NonFunctionalTestExecutionCreateEvent,The notification data structure,非功能性测试执行创建事件,当一个非功能性测试执行被创建时，系统发出的通知事件。
TestSuiteExecutionStateChangeEventPayload,The event data structure,测试套件执行状态变更事件数据,测试套件执行状态变更事件所携带的具体数据内容。
TestSuiteExecutionStateChangeEvent,The notification data structure,测试套件执行状态变更事件,当一个测试套件执行的状态发生变化时，系统发出的通知事件。
TestSuiteExecutionDeleteEventPayload,The event data structure,测试套件执行删除事件数据,测试套件执行删除事件所携带的具体数据内容。
GeneralTestArtifactStateChangeEvent,The notification data structure,通用测试工件状态变更事件,当一个通用测试工件的状态发生变化时，系统发出的通知事件。
GeneralTestArtifactAttributeValueChangeEventPayload,The event data structure,通用测试工件属性值变更事件数据,通用测试工件属性值变更事件所携带的具体数据内容。
GeneralTestArtifactAttributeValueChangeEvent,The notification data structure,通用测试工件属性值变更事件,当一个通用测试工件的属性值发生变化时，系统发出的通知事件。
GeneralTestArtifactDeleteEventPayload,The event data structure,通用测试工件删除事件数据,通用测试工件删除事件所携带的具体数据内容。
GeneralTestArtifactDeleteEvent,The notification data structure,通用测试工件删除事件,当一个通用测试工件被删除时，系统发出的通知事件。
GeneralTestArtifactChangeEventPayload,The event data structure,通用测试工件变更事件数据,通用测试工件变更事件所携带的具体数据内容。
GeneralTestArtifactChangeEvent,The notification data structure,通用测试工件变更事件,当一个通用测试工件发生变更时，系统发出的通知事件。
GeneralTestArtifactCreateEventPayload,The event data structure,通用测试工件创建事件数据,通用测试工件创建事件所携带的具体数据内容。
GeneralTestArtifactCreateEvent,The notification data structure,通用测试工件创建事件,当一个通用测试工件被创建时，系统发出的通知事件。
GeneralTestArtifactDefinition,General test artifact definition,通用测试工件定义,通用测试工件的定义或模板。
GeneralTestArtifact,A managed general test artifact resource,通用测试工件,一个受管理的通用测试工件资源。
TestScenarioStateChangeEventPayload,The event data structure,测试场景状态变更事件数据,测试场景状态变更事件所携带的具体数据内容。
TestScenarioStateChangeEvent,The notification data structure,测试场景状态变更事件,当一个测试场景的状态发生变化时，系统发出的通知事件。
TestScenarioAttributeValueChangeEventPayload,The event data structure,测试场景属性值变更事件数据,测试场景属性值变更事件所携带的具体数据内容。
TestScenarioAttributeValueChangeEvent,The notification data structure,测试场景属性值变更事件,当一个测试场景的属性值发生变化时，系统发出的通知事件。
TestScenarioDeleteEventPayload,The event data structure,测试场景删除事件数据,测试场景删除事件所携带的具体数据内容。
ShipmentSpecificationStateChangeEvent,The notification data structure,货运规约状态变更事件,当一个货运规约的状态发生变化时，系统发出的通知事件。
ShipmentSpecificationDeleteEventPayload,The event data structure,货运规约删除事件数据,货运规约删除事件所携带的具体数据内容。
ShipmentSpecificationDeleteEvent,The notification data structure,货运规约删除事件,当一个货运规约被删除时，系统发出的通知事件。
ShipmentSpecificationAttributeValueChangeEventPayload,The event data structure,货运规约属性值变更事件数据,货运规约属性值变更事件所携带的具体数据内容。
ShipmentSpecificationAttributeValueChangeEvent,The notification data structure,货运规约属性值变更事件,当一个货运规约的属性值发生变化时，系统发出的通知事件。
ShipmentSpecificationCreateEventPayload,The event data structure,货运规约创建事件数据,货运规约创建事件所携带的具体数据内容。
ShipmentSpecificationCreateEvent,The notification data structure,货运规约创建事件,当一个货运规约被创建时，系统发出的通知事件。
ShipmentStateChangeEventPayload,The event data structure,货运状态变更事件数据,货运状态变更事件所携带的具体数据内容。
ShipmentStateChangeEvent,The notification data structure,货运状态变更事件,当一个货运的状态发生变化时，系统发出的通知事件。
ShipmentDeleteEventPayload,The event data structure,货运删除事件数据,货运删除事件所携带的具体数据内容。
ShipmentDeleteEvent,The notification data structure,货运删除事件,当一个货运被删除时，系统发出的通知事件。
ShipmentAttributeValueChangeEventPayload,The event data structure,货运属性值变更事件数据,货运属性值变更事件所携带的具体数据内容。
ShipmentAttributeValueChangeEvent,The notification data structure,货运属性值变更事件,当一个货运的属性值发生变化时，系统发出的通知事件。
ShipmentCreateEventPayload,The event data structure,货运创建事件数据,货运创建事件所携带的具体数据内容。
ShipmentCreateEvent,The notification data structure,货运创建事件,当一个货运被创建时，系统发出的通知事件。
GeneralTestArtifactStateChangeEventPayload,The event data structure,通用测试工件状态变更事件数据,通用测试工件状态变更事件所携带的具体数据内容。
WorkSpecificationDeleteEvent,The notification data structure,工作单元规约删除事件,当一个工作单元规约被删除时，系统发出的通知事件。
WorkSpecificationAttributeValueChangeEventPayload,The event data structure,工作单元规约属性值变更事件数据,工作单元规约属性值变更事件所携带的具体数据内容。
WorkSpecificationAttributeValueChangeEvent,The notification data structure,工作单元规约属性值变更事件,当一个工作单元规约的属性值发生变化时，系统发出的通知事件。
WorkSpecificationCreateEventPayload,The event data structure,工作单元规约创建事件数据,工作单元规约创建事件所携带的具体数据内容。
WorkSpecificationCreateEvent,The notification data structure,工作单元规约创建事件,当一个工作单元规约被创建时，系统发出的通知事件。
WorkStateChangeEventPayload,The event data structure,工作单元状态变更事件数据,工作单元状态变更事件所携带的具体数据内容。
WorkStateChangeEvent,The notification data structure,工作单元状态变更事件,当一个工作单元的状态发生变化时，系统发出的通知事件。
WorkDeleteEventPayload,The event data structure,工作单元删除事件数据,工作单元删除事件所携带的具体数据内容。
WorkDeleteEvent,The notification data structure,工作单元删除事件,当一个工作单元被删除时，系统发出的通知事件。
WorkAttributeValueChangeEventPayload,The event data structure,工作单元属性值变更事件数据,工作单元属性值变更事件所携带的具体数据内容。
WorkAttributeValueChangeEvent,The notification data structure,工作单元属性值变更事件,当一个工作单元的属性值发生变化时，系统发出的通知事件。
WorkCreateEventPayload,The event data structure,工作单元创建事件数据,工作单元创建事件所携带的具体数据内容。
WorkCreateEvent,The notification data structure,工作单元创建事件,当一个工作单元被创建时，系统发出的通知事件。
WorkSpecificationRelationship,"A migration, substitution, dependency or exclusivity relationship between/among entity specifications.",工作单元规约关系,实体规约之间的迁移、替代、依赖或排他关系。
ShipmentSpecificationStateChangeEventPayload,The event data structure,货运规约状态变更事件数据,货运规约状态变更事件所携带的具体数据内容。
CheckWorkQualificationAttributeValueChangeEventPayload,The event data structure,检查工作资格属性值变更事件数据,检查工作资格属性值变更事件所携带的具体数据内容。
CheckWorkQualificationAttributeValueChangeEvent,The notification data structure,检查工作资格属性值变更事件,当一个检查工作资格请求的属性值发生变化时，系统发出的通知事件。
CheckWorkQualificationCreateEventPayload,The event data structure,检查工作资格创建事件数据,检查工作资格创建事件所携带的具体数据内容。
CheckWorkQualificationCreateEvent,The notification data structure,检查工作资格创建事件,当一个检查工作资格的请求被创建时，系统发出的通知事件。
WorkQualificationRelationship,Structure used to describe relationship between WorkQualification item from the same WorkQualification.,工作资格关系,描述同一次工作资格查询中不同查询项之间的关系。
WorkQualificationItemRelationship,Structure used to describe relationship between WorkQualification items from the same WorkQualification .,工作资格项关系,描述同一次工作资格查询中不同查询项之间的关系。
WorkQualificationItem,A WorkQualificationItem relates to a specific unit of work being checked in a qualification operation.,工作资格项,在一次资格操作中，与被检查的特定工作单元相关的项目。
WorkQualification,,工作资格,用于检查一个工作单元是否有效的资格查询。
WorkEligibilityUnavailabilityReason,Reason for eligibility result if the WorkQualification result is no (meaning the Unit of Work is not valid),工作资格不可用原因,当工作资格查询结果为“否”时的原因说明。
QueryWorkQualification,QueryWorkQualification is used to retrieve a list of units of work that are valid in the context of the interaction,查询工作资格,用于检索在特定交互上下文中有效的工作单元列表。
CheckWorkQualificationItem,A WorkQualificationItem relates to a specific unit of work being checked in a qualification operation.,检查工作资格项,在一次资格操作中，与被检查的特定工作单元相关的项目。
CheckWorkQualification,CheckWorkQualification is used to validate specific units of work,检查工作资格,用于验证特定工作单元的操作。
AlternateWorkProposal,Alternate work proposal is used when the requested unit of work is not valid as specified in the request. An alternate proposal could be a distinct workSpecification close to the requested one or the same specification as requested but with a different parameters.,备选工作建议,当请求的工作单元无效时，提出的备选工作方案。
WorkSpecificationStateChangeEventPayload,The event data structure,工作单元规约状态变更事件数据,工作单元规约状态变更事件所携带的具体数据内容。
WorkSpecificationStateChangeEvent,The notification data structure,工作单元规约状态变更事件,当一个工作单元规约的状态发生变化时，系统发出的通知事件。
WorkSpecificationDeleteEventPayload,The event data structure,工作单元规约删除事件数据,工作单元规约删除事件所携带的具体数据内容。
WarrantySpecification,,保修规约,保修的规约（模板），定义了一类保修的通用条款。
WarrantyRelationship,"Linked products to the one instantiate, such as [bundled] if the product is a bundle and you want to describe the bundled products inside this bundle; [reliesOn] if the product needs another already owned product to rely on (e.g. an option on an already owned mobile access product) [targets] or [isTargeted] (depending on the way of expressing the link) for any other kind of links that may be useful",保修关系,与实例化的产品相关的链接产品，例如组合产品中的子产品。
Warranty,,保修,描述一次具体的产品或服务保修。
MEntity,"MEntity represents an entity that describes the common set of attributes shared by all concrete entities (e.g. Resource, Service, ..) in the Entity Inventory.",M实体,（应为ManagedEntity）代表了库存中所有具体实体（如资源、服务）共享的通用属性集合。
QueryWorkQualificationDeleteEventPayload,The event data structure,查询工作资格删除事件数据,查询工作资格删除事件所携带的具体数据内容。
QueryWorkQualificationDeleteEvent,The notification data structure,查询工作资格删除事件,当一个查询工作资格的请求被删除时，系统发出的通知事件。
QueryWorkQualificationStateChangeEventPayload,The event data structure,查询工作资格状态变更事件数据,查询工作资格状态变更事件所携带的具体数据内容。
QueryWorkQualificationStateChangeEvent,The notification data structure,查询工作资格状态变更事件,当一个查询工作资格请求的状态发生变化时，系统发出的通知事件。
QueryWorkQualificationCreateEventPayload,The event data structure,查询工作资格创建事件数据,查询工作资格创建事件所携带的具体数据内容。
QueryWorkQualificationCreateEvent,The notification data structure,查询工作资格创建事件,当一个查询工作资格的请求被创建时，系统发出的通知事件。
CheckWorkQualificationInformationRequiredEventPayload,The event data structure,检查工作资格需要补充信息事件数据,检查工作资格需要补充信息事件所携带的具体数据内容。
CheckWorkQualificationInformationRequiredEvent,The notification data structure,检查工作资格需要补充信息事件,当检查工作资格流程因缺少信息而暂停时，系统发出的通知事件。
CheckWorkQualificationDeleteEventPayload,The event data structure,检查工作资格删除事件数据,检查工作资格删除事件所携带的具体数据内容。
CheckWorkQualificationDeleteEvent,The notification data structure,检查工作资格删除事件,当一个检查工作资格的请求被删除时，系统发出的通知事件。
CheckWorkQualificationStateChangeEventPayload,The event data structure,检查工作资格状态变更事件数据,检查工作资格状态变更事件所携带的具体数据内容。
CheckWorkQualificationStateChangeEvent,The notification data structure,检查工作资格状态变更事件,当一个检查工作资格请求的状态发生变化时，系统发出的通知事件。
WarrantySpecificationDeleteEvent,The notification data structure,保修规约删除事件,当一个保修规约被删除时，系统发出的通知事件。
WarrantySpecificationAttributeValueChangeEventPayload,The event data structure,保修规约属性值变更事件数据,保修规约属性值变更事件所携带的具体数据内容。
WarrantySpecificationAttributeValueChangeEvent,The notification data structure,保修规约属性值变更事件,当一个保修规约的属性值发生变化时，系统发出的通知事件。
WarrantySpecificationCreateEventPayload,The event data structure,保修规约创建事件数据,保修规约创建事件所携带的具体数据内容。
WarrantySpecificationCreateEvent,The notification data structure,保修规约创建事件,当一个保修规约被创建时，系统发出的通知事件。
WarrantyStateChangeEventPayload,The event data structure,保修状态变更事件数据,保修状态变更事件所携带的具体数据内容。
WarrantyStateChangeEvent,The notification data structure,保修状态变更事件,当一个保修的状态发生变化时，系统发出的通知事件。
WarrantyDeleteEventPayload,The event data structure,保修删除事件数据,保修删除事件所携带的具体数据内容。
WarrantyDeleteEvent,The notification data structure,保修删除事件,当一个保修被删除时，系统发出的通知事件。
WarrantyAttributeValueChangeEventPayload,The event data structure,保修属性值变更事件数据,保修属性值变更事件所携带的具体数据内容。
WarrantyAttributeValueChangeEvent,The notification data structure,保修属性值变更事件,当一个保修的属性值发生变化时，系统发出的通知事件。
WarrantyCreateEventPayload,The event data structure,保修创建事件数据,保修创建事件所携带的具体数据内容。
WarrantyCreateEvent,The notification data structure,保修创建事件,当一个保修被创建时，系统发出的通知事件。
WarrantyStateType,Valid values for the lifecycle state of the service,保修状态类型,定义了服务的生命周期状态。
WarrantySpecificationRelationship,"A migration, substitution, dependency or exclusivity relationship between/among entity specifications.",保修规约关系,实体规约之间的迁移、替代、依赖或排他关系。
WarrantySpecificationRef,,保修规约引用,用于简要引用一个保修规约（模板）。
ResourceReservation,,资源预留,资源预留的请求。
ReservationStateType,,预留状态类型,定义了预留的生命周期状态。
ReservationItemStateType,,预留项状态类型,定义了预留项的生命周期状态。
ReservationItemActionType,action to be performed on the entity,预留项动作类型,将对实体执行的动作类型。
ReservationItem,An identified part of the reservation. A reservation is decomposed into one or more reservation items.,预留项,预留中的一个已识别部分。一个预留被分解为一个或多个预留项。
Reservation,reservation api resource,预留,预留的API资源。
CapacitySpecRef,,容量规约引用,用于简要引用一个容量规约（模板）。
CapacityRef,,容量引用,用于简要引用一个容量。
CapacityAmount,Quantity that defines the Capacity.,容量大小,定义容量的数量。
CancelResourceReservation,,取消资源预留,用于请求取消一个资源预留。
CancelReservation,A Cancel Reservation is a type of task which  can  be used to place a request to cancel a reservation,取消预留,一种可用于请求取消预留的任务类型。
WarrantySpecificationStateChangeEventPayload,The event data structure,保修规约状态变更事件数据,保修规约状态变更事件所携带的具体数据内容。
WarrantySpecificationStateChangeEvent,The notification data structure,保修规约状态变更事件,当一个保修规约的状态发生变化时，系统发出的通知事件。
WarrantySpecificationDeleteEventPayload,The event data structure,保修规约删除事件数据,保修规约删除事件所携带的具体数据内容。
CancelResourceReservationStateChangeEventPayload,The event data structure,取消资源预留状态变更事件数据,取消资源预留状态变更事件所携带的具体数据内容。
CancelResourceReservationStateChangeEvent,The notification data structure,取消资源预留状态变更事件,当一个取消资源预留请求的状态发生变化时，系统发出的通知事件。
CancelResourceReservationCreateEventPayload,The event data structure,取消资源预留创建事件数据,取消资源预留创建事件所携带的具体数据内容。
CancelResourceReservationCreateEvent,The notification data structure,取消资源预留创建事件,当一个取消资源预留的请求被创建时，系统发出的通知事件。
ResourceReservationInformationRequiredEventPayload,The event data structure,资源预留需要补充信息事件数据,资源预留需要补充信息事件所携带的具体数据内容。
ResourceReservationInformationRequiredEvent,The notification data structure,资源预留需要补充信息事件,当资源预留流程因缺少信息而暂停时，系统发出的通知事件。
ResourceReservationStateChangeEventPayload,The event data structure,资源预留状态变更事件数据,资源预留状态变更事件所携带的具体数据内容。
ResourceReservationStateChangeEvent,The notification data structure,资源预留状态变更事件,当一个资源预留的状态发生变化时，系统发出的通知事件。
ResourceReservationDeleteEventPayload,The event data structure,资源预留删除事件数据,资源预留删除事件所携带的具体数据内容。
ResourceReservationDeleteEvent,The notification data structure,资源预留删除事件,当一个资源预留被删除时，系统发出的通知事件。
ResourceReservationAttributeValueChangeEventPayload,The event data structure,资源预留属性值变更事件数据,资源预留属性值变更事件所携带的具体数据内容。
ResourceReservationAttributeValueChangeEvent,The notification data structure,资源预留属性值变更事件,当一个资源预留的属性值发生变化时，系统发出的通知事件。
ResourceReservationCreateEventPayload,The event data structure,资源预留创建事件数据,资源预留创建事件所携带的具体数据内容。
ResourceReservationCreateEvent,The notification data structure,资源预留创建事件,当一个资源预留被创建时，系统发出的通知事件。
ResourceReservationRef,,资源预留引用,用于简要引用一个资源预留。
ResourceReservationItem,,资源预留项,资源预留中的具体项目。
Customer360ProductValueVO,A product offering procured by a customer or other interested party playing a party role. A product is realized as one or more service(s) and / or resource(s).,客户360-产品值,由客户或其他相关方采购的一个产品目录。一个产品通过一个或多个服务和/或资源来实现。
Customer360LoyaltyBalanceVO,"A loyalty balance, containing a balance unit and value.",客户360-忠诚度余额,一个忠诚度余额，包含余额单位和数值。
CancelResourceReservationInformationRequiredEventPayload,The event data structure,取消资源预留需要补充信息事件数据,取消资源预留需要补充信息事件所携带的具体数据内容。
CancelResourceReservationInformationRequiredEvent,The notification data structure,取消资源预留需要补充信息事件,当取消资源预留流程因缺少信息而暂停时，系统发出的通知事件。
PhoneMedium,Describes a phone number that could be used to contact a party (an individual or an organization),电话媒介,描述可用于联系一个参与方（个人或组织）的电话号码。
EmailMedium,Describes an email that could be used to contact a party (an individual or an organization),邮件媒介,描述可用于联系一个参与方（个人或组织）的电子邮箱。
DigitalIdentityContactMedium,Indicates the contact medium that could be used to contact the party.,数字身份联系媒介,表明可用于联系参与方的联系媒介。
RelatedEntityRef,"A reference to an entity, where the type of the entity is not known in advance.",关联实体引用,对一个实体的引用，其实体类型预先未知。
IncidentCreateEvent,The notification data structure,事件创建事件,当一个事件（Incident）被创建时，系统发出的通知事件。
UrgencyType,Possible values for the urgency of an Incident,紧急度类型,定义了事件（Incident）的紧急程度。
RootCause,"The name of RootCause, for example:Power Down",根本原因,根本原因的名称，例如“断电”。
ResolveIncident,"An incident resolution is an action taken to resolve/repair the root cause of an incident or problem, or to implement a workaround",解决事件,为解决事件或问题的根本原因而采取的行动，或实施的临时解决方案。
PriorityType,Possible values for the Priority of an Incident,优先级类型,定义了事件（Incident）的优先级。
IncidentStateType,Possible values for the state of an Incident,事件状态类型,定义了事件（Incident）在其生命周期中所处的各种状态。
IncidentAckStateType,Possible values for the ack state of an Incident,事件确认状态类型,定义了事件（Incident）的确认状态。
Incident,"An Incident is a record of an event that has altered the operational state of a entity (Resource, Service or Customers Product). An incident represents an issue that needs to be diagnosed and resolved.",事件/事故,改变了实体（资源、服务或客户产品）运行状态的事件记录。一个事件代表一个需要被诊断和解决的问题。
DiagnoseIncident,A stage in the incident lifecycle. The purpose of diagnosis is to identify a workaround for an incident (ITIL Service Operation). ,诊断事件,事件（Incident）生命周期中的一个阶段，旨在为事件找到一个临时解决方案。
MetadataCategory,The category resource is used to group metadata catalog items in logical containers. Categories can contain other categories.,元数据分类,用于将元数据目录项分组到逻辑容器中的分类。
MetadataCatalogItemRef,Reference to Metadata Category Item object.,元数据目录项引用,用于简要引用一个元数据目录项。
MetadataCatalogItem,"An MetadataCatalogItem is an entity that allows any metadata asset or even any object inheriting from RootEntity, to be available to a catalog. The MetadataSpecification and Policy of the catalog governs the content of the MetadataCatalogItem. This API addresses only MetadataSpecification items extended from RootEntity as MetadataCatalogItem.",元数据目录项,元数据目录中的一个条目，允许任何元数据资产在目录中可用。
MetadataCatalog,Additional information to describe the catalog,元数据目录,用于描述目录的附加信息。
CompositeMetadataSpecification,A type of MetadataSpecification that belongs to a grouping of MetadataSpecifications. It inherits of all attributes of MetadataSpecification.,组合元数据规约,属于元数据规约分组的一种类型，继承了元数据规约的所有属性。
ResolveIncidentStateChangeEventPayload,The event data structure,解决事件状态变更事件数据,解决事件状态变更事件所携带的具体数据内容。
ResolveIncidentStateChangeEvent,The notification data structure,解决事件状态变更事件,当一个解决事件（ResolveIncident）的状态发生变化时，系统发出的通知事件。
ResolveIncidentCreateEventPayload,The event data structure,解决事件创建事件数据,解决事件创建事件所携带的具体数据内容。
ResolveIncidentCreateEvent,The notification data structure,解决事件创建事件,当一个解决事件（ResolveIncident）被创建时，系统发出的通知事件。
DiagnoseIncidentStateChangeEventPayload,The event data structure,诊断事件状态变更事件数据,诊断事件状态变更事件所携带的具体数据内容。
DiagnoseIncidentStateChangeEvent,The notification data structure,诊断事件状态变更事件,当一个诊断事件（DiagnoseIncident）的状态发生变化时，系统发出的通知事件。
DiagnoseIncidentCreateEventPayload,The event data structure,诊断事件创建事件数据,诊断事件创建事件所携带的具体数据内容。
DiagnoseIncidentCreateEvent,The notification data structure,诊断事件创建事件,当一个诊断事件（DiagnoseIncident）被创建时，系统发出的通知事件。
IncidentStateChangeEventPayload,The event data structure,事件状态变更事件数据,事件（Incident）状态变更事件所携带的具体数据内容。
IncidentStateChangeEvent,The notification data structure,事件状态变更事件,当一个事件（Incident）的状态发生变化时，系统发出的通知事件。
IncidentCreateEventPayload,The event data structure,事件创建事件数据,事件（Incident）创建事件所携带的具体数据内容。
MetadataCategoryAttributeValueChangeEvent,The notification data structure,元数据分类属性值变更事件,当一个元数据分类的属性值发生变化时，系统发出的通知事件。
MetadataCategoryCreateEventPayload,The event data structure,元数据分类创建事件数据,元数据分类创建事件所携带的具体数据内容。
MetadataCategoryCreateEvent,The notification data structure,元数据分类创建事件,当一个元数据分类被创建时，系统发出的通知事件。
MetadataCatalogDeleteEventPayload,The event data structure,元数据目录删除事件数据,元数据目录删除事件所携带的具体数据内容。
MetadataCatalogDeleteEvent,The notification data structure,元数据目录删除事件,当一个元数据目录被删除时，系统发出的通知事件。
MetadataCatalogStatusChangeEventPayload,The event data structure,元数据目录状态变更事件数据,元数据目录状态变更事件所携带的具体数据内容。
MetadataCatalogStatusChangeEvent,The notification data structure,元数据目录状态变更事件,当一个元数据目录的状态发生变化时，系统发出的通知事件。
MetadataCatalogAttributeValueChangeEventPayload,The event data structure,元数据目录属性值变更事件数据,元数据目录属性值变更事件所携带的具体数据内容。
MetadataCatalogAttributeValueChangeEvent,The notification data structure,元数据目录属性值变更事件,当一个元数据目录的属性值发生变化时，系统发出的通知事件。
MetadataCatalogCreateEventPayload,The event data structure,元数据目录创建事件数据,元数据目录创建事件所携带的具体数据内容。
MetadataCatalogCreateEvent,The notification data structure,元数据目录创建事件,当一个元数据目录被创建时，系统发出的通知事件。
PolicySpecificationRef,reference to an PolicySpecification object,策略规约引用,用于简要引用一个策略规约（模板）。
MetadataSpecificationRef,reference to an MetadataSpecification object,元数据规约引用,用于简要引用一个元数据规约（模板）。
MetadataSpecification,MetadataSpecification is a class that describes the specification of a specific metadata asset,元数据规约,描述特定元数据资产规约的类。
MetadataCategoryRef,Reference to Metadata Category object. The metadata category resource is used to group entity catalog items in logical containers. Categories can contain other categories.,元数据分类引用,用于简要引用一个元数据分类。
MetadataSpecificationAttributeValueChangeEvent,The notification data structure,元数据规约属性值变更事件,当一个元数据规约的属性值发生变化时，系统发出的通知事件。
MetadataSpecificationCreateEventPayload,The event data structure,元数据规约创建事件数据,元数据规约创建事件所携带的具体数据内容。
MetadataSpecificationCreateEvent,The notification data structure,元数据规约创建事件,当一个元数据规约被创建时，系统发出的通知事件。
MetadataCatalogItemDeleteEventPayload,The event data structure,元数据目录项删除事件数据,元数据目录项删除事件所携带的具体数据内容。
MetadataCatalogItemDeleteEvent,The notification data structure,元数据目录项删除事件,当一个元数据目录项被删除时，系统发出的通知事件。
MetadataCatalogItemStatusChangeEventPayload,The event data structure,元数据目录项状态变更事件数据,元数据目录项状态变更事件所携带的具体数据内容。
MetadataCatalogItemStatusChangeEvent,The notification data structure,元数据目录项状态变更事件,当一个元数据目录项的状态发生变化时，系统发出的通知事件。
MetadataCatalogItemAttributeValueChangeEventPayload,The event data structure,元数据目录项属性值变更事件数据,元数据目录项属性值变更事件所携带的具体数据内容。
MetadataCatalogItemAttributeValueChangeEvent,The notification data structure,元数据目录项属性值变更事件,当一个元数据目录项的属性值发生变化时，系统发出的通知事件。
MetadataCatalogItemCreateEventPayload,The event data structure,元数据目录项创建事件数据,元数据目录项创建事件所携带的具体数据内容。
MetadataCatalogItemCreateEvent,The notification data structure,元数据目录项创建事件,当一个元数据目录项被创建时，系统发出的通知事件。
MetadataCategoryDeleteEventPayload,The event data structure,元数据分类删除事件数据,元数据分类删除事件所携带的具体数据内容。
MetadataCategoryDeleteEvent,The notification data structure,元数据分类删除事件,当一个元数据分类被删除时，系统发出的通知事件。
MetadataCategoryStatusChangeEventPayload,The event data structure,元数据分类状态变更事件数据,元数据分类状态变更事件所携带的具体数据内容。
MetadataCategoryStatusChangeEvent,The notification data structure,元数据分类状态变更事件,当一个元数据分类的状态发生变化时，系统发出的通知事件。
MetadataCategoryAttributeValueChangeEventPayload,The event data structure,元数据分类属性值变更事件数据,元数据分类属性值变更事件所携带的具体数据内容。
ServiceUsageStatusChangeEventPayload,The event data structure,服务用量状态变更事件数据,服务用量状态变更事件所携带的具体数据内容。
ServiceUsageStatusChangeEvent,The notification data structure,服务用量状态变更事件,当一条服务用量记录的状态发生变化时，系统发出的通知事件。
ServiceUsageStatusType,Possible values for the status of the Usage,服务用量状态类型,定义了用量的状态。
ServiceUsageCharacteristic,Provides the value of a given characteristic,服务用量特征,描述一次服务使用量的具体特征值。
MetadataSpecificationDeleteEventPayload,The event data structure,元数据规约删除事件数据,元数据规约删除事件所携带的具体数据内容。
MetadataSpecificationDeleteEvent,The notification data structure,元数据规约删除事件,当一个元数据规约被删除时，系统发出的通知事件。
MetadataSpecificationStatusChangeEventPayload,The event data structure,元数据规约状态变更事件数据,元数据规约状态变更事件所携带的具体数据内容。
MetadataSpecificationStatusChangeEvent,The notification data structure,元数据规约状态变更事件,当一个元数据规约的状态发生变化时，系统发出的通知事件。
MetadataSpecificationAttributeValueChangeEventPayload,The event data structure,元数据规约属性值变更事件数据,元数据规约属性值变更事件所携带的具体数据内容。
HostingPlatformRequirementSpecification,"This is a base class that is used to define the invariant characteristics and behavior (attributes, constraints, and relationships) of a HostingPlatformRequirement Resource.",托管平台需求规约,用于定义托管平台需求资源的不变特征和行为（属性、约束、关系）的基类。
HostingPlatformRequirement,A HostingPlatformRequirement implements a HostingPlatformRequirementSpecification for a specific InstalledSoftware.,托管平台需求,为特定已安装软件实现的托管平台需求规约。
APISpecification,"A base class used to define the invariant characteristics and behavior (attributes, constraints, and relationships) of an API.",API规约,用于定义API不变特征和行为（属性、约束、关系）的基类。
API,"An Application Program Interface (API) is a set of routines, protocols, and tools for building software applications.",应用程序接口(API),用于构建软件应用程序的一组例程、协议和工具。
DunningCaseStateChangeEventPayload,The event data structure,催款案例状态变更事件数据,催款案例状态变更事件所携带的具体数据内容。
DunningCaseStateChangeEvent,The notification data structure,催款案例状态变更事件,当一个催款案例的状态发生变化时，系统发出的通知事件。
DunningCaseCreateEventPayload,The event data structure,催款案例创建事件数据,催款案例创建事件所携带的具体数据内容。
DunningCaseCreateEvent,The notification data structure,催款案例创建事件,当一个催款案例被创建时，系统发出的通知事件。
PartyInteractionRef,,参与方交互引用,用于简要引用一次参与方交互。
DunningWriteOff,"The DunningWriteOff corresponds, in a dunning context, to a credit to definitively balance the CustomerAccount before being able to close it",催款核销,在催款上下文中，指在关闭客户账户前为最终平衡账户而进行的一笔贷记。
DunningScenarioRef,A dunning scenario reference,催款场景引用,用于简要引用一个催款场景。
DunningScenario,"A dunning scenario describes a company’s dunning strategy. It must be easily configurable to describe the dunning rules to apply to a case, the order in which applying them, the events that trigger dunning rules evaluation and the actions that must be done",催款场景,描述公司的催款策略，包括要应用的规则、顺序、触发事件和需执行的动作。
DunningRuleRef,Dunning rule reference.,催款规则引用,用于简要引用一个催款规则。
DunningRule,"Represents rules to apply to create a dunning case: the events that trigger dunning rules evaluation, the conditions to evaluate and the actions that must be done",催款规则,代表了创建催款案例的规则：触发规则评估的事件、要评估的条件和必须执行的动作。
DunningCaseRule,The Dunning Case Rule represents an action performed by the company (or on its behalf) to recover a debt,催款案例规则,代表公司为追回债务而执行的行动。
DunningCase,"The DunningCase represents a type of cases open for a customer. Whenever a customer enters the dunning process, a dunning case is linked to his customer account debt and it contains all details pertaining to the debt, such as dunning case rules, interactions… The status of a dunning case evolves according to internal or external events (payments made by the customer, payment schedule granted…)",催款案例,为客户开启的一类案例。当客户进入催款流程时，一个催款案例会关联到其客户账户债务，并包含所有相关细节。
IotManagementEvent,Generic IotManagementEvent structure used to define commonalities between sub concepts of PartyIotManagementEvent and Financial IotManagementEvent.,物联网管理事件,用于定义参与方物联网管理事件和财务物联网管理事件子概念共性的通用物联网管理事件结构。
IotDeviceSpecification,#TODO,物联网设备规约,物联网设备的模板或蓝图，定义了其通用技术规格。
IotDevice,#TODO,物联网设备,描述一个物联网设备资源实例。
IotDataEvent,#TODO,物联网数据事件,承载来自物联网设备的数据的事件。
GSMACommons,,GSMA通用模型,GSMA定义的通用数据模型。
Device,,设备,一个通用的设备模型。
Configuration,#TODO,配置,对象的配置信息。
CategoryType,,分类类型,分类的类型。
Address,Structured textual way of describing how to find a Property in an urban area (country properties are often,地址,用于描述如何在城市区域找到一个物业的结构化文本方式。
SoftwareSupportPackageSpecification,"A base class used to define the invariant characteristics and behavior (attributes, constraints, and relationships) of a SoftwareSupportPackage",软件支持包规约,用于定义软件支持包不变特征和行为（属性、约束、关系）的基类。
SoftwareSupportPackageRef,Reference to a SoftwareSupportPackage,软件支持包引用,用于简要引用一个软件支持包。
SoftwareSupportPackage,"A SofwareSupportPackage represents the package acquired by a consumer from a software vendor. It can be materialized as one or several files (data) downloaded online or copied on a physical support. It contains all files required for deployment and installation such as installation manager and at minimum, one of the files constitutes the set of machine readable instructions that will be executed automatically after it is installed.",软件支持包,代表消费者从软件供应商处获得的软件包，包含了部署和安装所需的所有文件。
SoftwareSpecification,"A base class used to define the invariant characteristics and behavior (attributes, constraints, and relationships) of an InstalledSoftware",软件规约,用于定义已安装软件不变特征和行为（属性、约束、关系）的基类。
SoftwareResourceSpecification,"An abstract base class used to define the invariant characteristics and behavior (attributes, constraints, and relationships) of a SoftwareResource.",软件资源规约,用于定义软件资源不变特征和行为（属性、约束、关系）的抽象基类。
SoftwareResource,"Abstract class describing the common set of attributes shared by all concrete software resources (e.g. API, InstalledSoftware)",软件资源,描述所有具体软件资源（如API、已安装软件）共享的通用属性集的抽象类。
InstalledSoftware,A SoftwareSpecification deployed using the SoftwareSupportPackage on platform which meets the HostingPlatformRequirements,已安装软件,使用软件支持包部署在满足托管平台需求的平台上的软件规格。
IotDeviceBatchEventPayload,The event data structure,物联网设备批处理事件数据,物联网设备批处理事件所携带的具体数据内容。
IotDeviceBatchEvent,The notification data structure,物联网设备批处理事件,当对物联网设备进行批量操作时，系统发出的通知事件。
IotDeviceChangeEventPayload,The event data structure,物联网设备变更事件数据,物联网设备变更事件所携带的具体数据内容。
IotDeviceChangeEvent,The notification data structure,物联网设备变更事件,当一个物联网设备发生变更时，系统发出的通知事件。
IotDeviceCreateEventPayload,The event data structure,物联网设备创建事件数据,物联网设备创建事件所携带的具体数据内容。
IotDeviceCreateEvent,The notification data structure,物联网设备创建事件,当一个物联网设备被创建时，系统发出的通知事件。
TargetServiceSchema,The reference object to the schema and type of target service which is described by service specification,目标服务结构,描述目标服务的结构（Schema）和类型（Type）的引用对象。
SubAddress,Representation of a SubAddress ,子地址,子地址的表示。
ResourceSpecRelationship,"A migration, substitution, dependency or exclusivity relationship between/among Resource specifications.",资源规约关系,资源规约之间的迁移、替代、依赖或排他关系。
ResourceSpecCharacteristicValue,"A ResourceSpecCharacteristicValue object is used to define a set of attributes, each of which can be assigned to a corresponding set of attributes in a ResourceSpecCharacteristic object. The values of the attributes in the ResourceSpecCharacteristicValue object describe the values of the attributes that a corresponding ResourceSpecCharacteristic object can take on.",资源规约特征值,用于定义一组可分配给资源规约特征对象的属性。
ResourceSpecCharacteristic,"This class represents the key features of this service specification. For example, bandwidth is a characteristic of many different types of services; if bandwidth is a relevant characteristic (e.g., from the point-of-view of a Customer obtaining this Service via a Product) then bandwidth would be a ServiceSpecCharacteristic for that particular Service.",资源规约特征,此类代表了此服务规格的关键特征。
ResourceSpecCharRelationship,"An aggregation, migration, substitution, dependency or exclusivity relationship between/among resourceSpecCharacteristics.",资源规约特征关系,资源规约特征之间的聚合、迁移、替代、依赖或排他关系。
ResourceCharacteristic,,资源特征,描述一个资源实例具体特性的“名称-值”对。
MacAddressType,#TODO,MAC地址类型,MAC地址的类型，例如物理地址或虚拟地址。
LocationCommons,,通用位置模型,用于位置相关信息的通用数据模型。
ResourceSpecificationBatchEventPayload,The event data structure,资源规约批处理事件数据,资源规约批处理事件所携带的具体数据内容。
ResourceSpecificationBatchEvent,The notification data structure,资源规约批处理事件,当对资源规约进行批量操作时，系统发出的通知事件。
IotDeviceSpecificationDeleteEventPayload,The event data structure,物联网设备规约删除事件数据,物联网设备规约删除事件所携带的具体数据内容。
IotDeviceSpecificationDeleteEvent,The notification data structure,物联网设备规约删除事件,当一个物联网设备规约被删除时，系统发出的通知事件。
IotDeviceSpecificationBatchEventPayload,The event data structure,物联网设备规约批处理事件数据,物联网设备规约批处理事件所携带的具体数据内容。
IotDeviceSpecificationBatchEvent,The notification data structure,物联网设备规约批处理事件,当对物联网设备规约进行批量操作时，系统发出的通知事件。
IotDeviceSpecificationChangeEventPayload,The event data structure,物联网设备规约变更事件数据,物联网设备规约变更事件所携带的具体数据内容。
IotDeviceSpecificationChangeEvent,The notification data structure,物联网设备规约变更事件,当一个物联网设备规约发生变更时，系统发出的通知事件。
IotDeviceSpecificationCreateEventPayload,The event data structure,物联网设备规约创建事件数据,物联网设备规约创建事件所携带的具体数据内容。
IotDeviceSpecificationCreateEvent,The notification data structure,物联网设备规约创建事件,当一个物联网设备规约被创建时，系统发出的通知事件。
IotDeviceStateChangeEventPayload,The event data structure,物联网设备状态变更事件数据,物联网设备状态变更事件所携带的具体数据内容。
IotDeviceStateChangeEvent,The notification data structure,物联网设备状态变更事件,当一个物联网设备的状态发生变化时，系统发出的通知事件。
IotDeviceHeartBeatEventPayload,The event data structure,物联网设备心跳事件数据,物联网设备心跳事件所携带的具体数据内容。
IotDeviceHeartBeatEvent,The notification data structure,物联网设备心跳事件,当接收到物联网设备的心跳时，系统发出的通知事件。
IotDeviceDeleteEventPayload,The event data structure,物联网设备删除事件数据,物联网设备删除事件所携带的具体数据内容。
IotDeviceDeleteEvent,The notification data structure,物联网设备删除事件,当一个物联网设备被删除时，系统发出的通知事件。
IotServiceSpecification,#TODO,物联网服务规约,物联网服务的模板或蓝图，定义了其通用技术规格。
IotService,#TODO,物联网服务,描述一个物联网服务资源实例。
POPCharge,This is representing a product offering price (charge) based on both the basic cost to develop and produce products and the enterprises policy on revenue targets. This price may be further revised through discounting (a Product Offering Price that reflects an alteration).,产品价格-费用,一种基于成本和收入目标的产品价格（Product Offering Price）。
POPAlteration,"Is an amount, usually of money, that modifies the price charged for an order item.",产品价格-变更,对订单项价格进行修改的金额，例如折扣。
ProductPriceValue,"Provides all amounts (tax included, duty free, tax rate), used currency and percentage to apply for Price Alteration.",产品价格值,提供了价格的所有金额详情（含税、免税、税率）、货币和用于价格变更的百分比。
ServiceFeatureSpecification,Specification for service features,服务功能规约,服务功能的规约（模板）。
AlarmChangeEventPayload,The event data structure,告警变更事件数据,告警变更事件所携带的具体数据内容。
AlarmChangeEvent,The notification data structure,告警变更事件,当一个告警发生变更时，系统发出的通知事件。
ServiceQualificationDeleteEvent,The notification data structure,服务资格删除事件,当一个服务资格查询被删除时，系统发出的通知事件。
ServiceQualificationChangeEventPayload,The event data structure,服务资格变更事件数据,服务资格变更事件所携带的具体数据内容。
ServiceQualificationChangeEvent,The notification data structure,服务资格变更事件,当一个服务资格查询发生变更时，系统发出的通知事件。
ServiceQualificationCreateEventPayload,The event data structure,服务资格创建事件数据,服务资格创建事件所携带的具体数据内容。
ServiceQualificationCreateEvent,The notification data structure,服务资格创建事件,当一个服务资格查询被创建时，系统发出的通知事件。
IotServiceDeleteEventPayload,The event data structure,物联网服务删除事件数据,物联网服务删除事件所携带的具体数据内容。
IotServiceDeleteEvent,The notification data structure,物联网服务删除事件,当一个物联网服务被删除时，系统发出的通知事件。
IotServiceBatchEventPayload,The event data structure,物联网服务批处理事件数据,物联网服务批处理事件所携带的具体数据内容。
IotServiceBatchEvent,The notification data structure,物联网服务批处理事件,当对物联网服务进行批量操作时，系统发出的通知事件。
IotServiceStateChangeEventPayload,The event data structure,物联网服务状态变更事件数据,物联网服务状态变更事件所携带的具体数据内容。
IotServiceStateChangeEvent,The notification data structure,物联网服务状态变更事件,当一个物联网服务的状态发生变化时，系统发出的通知事件。
IotServiceAttributeValueChangeEventPayload,The event data structure,物联网服务属性值变更事件数据,物联网服务属性值变更事件所携带的具体数据内容。
IotServiceAttributeValueChangeEvent,The notification data structure,物联网服务属性值变更事件,当一个物联网服务的属性值发生变化时，系统发出的通知事件。
IotServiceCreateEventPayload,The event data structure,物联网服务创建事件数据,物联网服务创建事件所携带的具体数据内容。
IotServiceCreateEvent,The notification data structure,物联网服务创建事件,当一个物联网服务被创建时，系统发出的通知事件。
User,Generic User structure used to define commonalities between sub concepts of PartyUser and Financial User.,用户,用于定义参与方用户和财务用户子概念共性的通用用户结构。
AiContractViolation,,AI合同违约,AI合同的违约记录。
AiContractSpecification,A template of an agreement that can be used when establishing partnerships,AI合同规约,可在建立合作关系时使用的协议模板。
AiContract,"An Ai Contract represents a contract or arrangement, either written or verbal and sometimes enforceable by law, such as a service level agreement or a customer price agreement. An agreement involves a number of other business entities, such as products, services, and resources and/or their specifications.",AI合同,代表一份合同或安排，例如服务等级协议或客户价格协议。
UserDeleteEventPayload,The event data structure,用户删除事件数据,用户删除事件所携带的具体数据内容。
UserDeleteEvent,The notification data structure,用户删除事件,当一个用户被删除时，系统发出的通知事件。
UserChangeEventPayload,The event data structure,用户变更事件数据,用户变更事件所携带的具体数据内容。
UserChangeEvent,The notification data structure,用户变更事件,当一个用户发生变更时，系统发出的通知事件。
UserCreateEventPayload,The event data structure,用户创建事件数据,用户创建事件所携带的具体数据内容。
UserCreateEvent,The notification data structure,用户创建事件,当一个用户被创建时，系统发出的通知事件。
IotServiceSpecificationDeleteEventPayload,The event data structure,物联网服务规约删除事件数据,物联网服务规约删除事件所携带的具体数据内容。
IotServiceSpecificationDeleteEvent,The notification data structure,物联网服务规约删除事件,当一个物联网服务规约被删除时，系统发出的通知事件。
IotServiceSpecificationChangeEventPayload,The event data structure,物联网服务规约变更事件数据,物联网服务规约变更事件所携带的具体数据内容。
IotServiceSpecificationChangeEvent,The notification data structure,物联网服务规约变更事件,当一个物联网服务规约发生变更时，系统发出的通知事件。
IotServiceSpecificationCreateEventPayload,The event data structure,物联网服务规约创建事件数据,物联网服务规约创建事件所携带的具体数据内容。
IotServiceSpecificationCreateEvent,The notification data structure,物联网服务规约创建事件,当一个物联网服务规约被创建时，系统发出的通知事件。
ServiceQualificationDeleteEventPayload,The event data structure,服务资格删除事件数据,服务资格删除事件所携带的具体数据内容。
AiContractSpecificationDeleteEventPayload,The event data structure,AI合同规约删除事件数据,AI合同规约删除事件所携带的具体数据内容。
AiContractSpecificationDeleteEvent,The notification data structure,AI合同规约删除事件,当一个AI合同规约被删除时，系统发出的通知事件。
AiContractSpecificationCreateEventPayload,The event data structure,AI合同规约创建事件数据,AI合同规约创建事件所携带的具体数据内容。
AiContractSpecificationCreateEvent,The notification data structure,AI合同规约创建事件,当一个AI合同规约被创建时，系统发出的通知事件。
Violation,,违规,发生的违规事件。
TemplateRef,,模板引用,用于简要引用一个模板。
SoftwareRef,,软件引用,用于简要引用一个软件。
SimpleThresholdRule,A threshold rule that is based on explicit definition of attributes that represent a Boolean expression,简单阈值规则,基于布尔表达式属性显式定义的阈值规则。
SLA,"Part of a business agreement between a Service Provider and a Customer, quantitatively specifying the service performance level the Service Provider commits to deliver.",服务等级协议(SLA),服务提供商与客户之间的业务协议，量化地规定了服务提供商承诺交付的服务性能水平。
RuleRef,"Rule reference. Rule is a common pattern or Template for the SLA parameters, metrics, and thresholds",规则引用,用于简要引用一个规则，规则是SLA参数、指标和阈值的通用模式或模板。
Measurement,A counter/KPI to be used by the threshold rule,度量,将被阈值规则使用的计数器或关键性能指标（KPI）。
AlgorithmThresholdRule,A threshold rule that is a reference to an algorithm,算法阈值规则,引用了一个算法的阈值规则。
AlgorithmParams,,算法参数,算法的参数。
AiModelSpecification,AiModelSpecification is a class that offers characteristics to describe a type of service.,AI模型规约,提供了描述一类服务特征的类。
AiModel,AiModel is a base class for defining the AiModel hierarchy,AI模型,用于定义AI模型层次结构的基类。
AiModelSpecificationAttributeValueChangeEventPayload,The event data structure,AI模型规约属性值变更事件数据,AI模型规约属性值变更事件所携带的具体数据内容。
AiModelSpecificationAttributeValueChangeEvent,The notification data structure,AI模型规约属性值变更事件,当一个AI模型规约的属性值发生变化时，系统发出的通知事件。
AiModelSpecificationDeleteEventPayload,The event data structure,AI模型规约删除事件数据,AI模型规约删除事件所携带的具体数据内容。
AiModelSpecificationDeleteEvent,The notification data structure,AI模型规约删除事件,当一个AI模型规约被删除时，系统发出的通知事件。
AiModelSpecificationCreateEventPayload,The event data structure,AI模型规约创建事件数据,AI模型规约创建事件所携带的具体数据内容。
AiModelSpecificationCreateEvent,The notification data structure,AI模型规约创建事件,当一个AI模型规约被创建时，系统发出的通知事件。
AiModelDeleteEventPayload,The event data structure,AI模型删除事件数据,AI模型删除事件所携带的具体数据内容。
AiModelDeleteEvent,The notification data structure,AI模型删除事件,当一个AI模型被删除时，系统发出的通知事件。
AiModelStateChangeEventPayload,The event data structure,AI模型状态变更事件数据,AI模型状态变更事件所携带的具体数据内容。
AiModelStateChangeEvent,The notification data structure,AI模型状态变更事件,当一个AI模型的状态发生变化时，系统发出的通知事件。
AiModelAttributeValueChangeEventPayload,The event data structure,AI模型属性值变更事件数据,AI模型属性值变更事件所携带的具体数据内容。
AiModelAttributeValueChangeEvent,The notification data structure,AI模型属性值变更事件,当一个AI模型的属性值发生变化时，系统发出的通知事件。
AiModelCreateEventPayload,The event data structure,AI模型创建事件数据,AI模型创建事件所携带的具体数据内容。
AiModelCreateEvent,The notification data structure,AI模型创建事件,当一个AI模型被创建时，系统发出的通知事件。
AiContractSpecificationAttributeValueChangeEventPayload,The event data structure,AI合同规约属性值变更事件数据,AI合同规约属性值变更事件所携带的具体数据内容。
AiContractSpecificationAttributeValueChangeEvent,The notification data structure,AI合同规约属性值变更事件,当一个AI合同规约的属性值发生变化时，系统发出的通知事件。
JudgeIntent,"An Judge Intent instance is the formal description of all expectations including requirements, goals, and constraints given to a technical system",裁决意图,对技术系统所有期望（包括需求、目标和约束）的正式描述。
RdxmlExpression,RdxmlExpression is the ontology-encoded form of the Intent as RDF-XML,RDXML表达式,意图（Intent）的本体论编码形式，如RDF-XML。
IntentReportChangeEventPayload,The event data structure,意图报告变更事件数据,意图报告变更事件所携带的具体数据内容。
IntentReportChangeEvent,The notification data structure,意图报告变更事件,当一个意图报告发生变更时，系统发出的通知事件。
RuleDeleteEventPayload,The event data structure,规则删除事件数据,规则删除事件所携带的具体数据内容。
RuleDeleteEvent,The notification data structure,规则删除事件,当一个规则被删除时，系统发出的通知事件。
RuleStateChangeEventPayload,The event data structure,规则状态变更事件数据,规则状态变更事件所携带的具体数据内容。
RuleStateChangeEvent,The notification data structure,规则状态变更事件,当一个规则的状态发生变化时，系统发出的通知事件。
RuleAttributeValueChangeEventPayload,The event data structure,规则属性值变更事件数据,规则属性值变更事件所携带的具体数据内容。
RuleAttributeValueChangeEvent,The notification data structure,规则属性值变更事件,当一个规则的属性值发生变化时，系统发出的通知事件。
IntentChangeEventPayload,The event data structure,意图变更事件数据,意图变更事件所携带的具体数据内容。
IntentChangeEvent,The notification data structure,意图变更事件,当一个意图发生变更时，系统发出的通知事件。
Account_FVO,,账户,描述一个账户的通用信息，可以是计费账户、财务账户等。
Account_MVO,,账户,描述一个账户的通用信息，可以是计费账户、财务账户等。
AccountBalance_FVO,,账户余额,描述一个账户的余额信息，可以是预付费余额或后付费信用额度。
AccountBalance_MVO,,账户余额,描述一个账户的余额信息，可以是预付费余额或后付费信用额度。
AccountRelationship_FVO,,账户关系,描述不同账户之间的关系，例如主副账户关系。
AccountRelationship_MVO,,账户关系,描述不同账户之间的关系，例如主副账户关系。
Agreement_FVO,,协议,描述双方或多方达成的合同或约定，例如服务等级协议（SLA）。
Agreement_MVO,,协议,描述双方或多方达成的合同或约定，例如服务等级协议（SLA）。
AgreementAuthorization_FVO,,协议授权,描述协议中涉及的授权信息。
AgreementAuthorization_MVO,,协议授权,描述协议中涉及的授权信息。
AgreementItem_FVO,,协议项,协议中的一个具体项目，通常关联到特定的产品或服务。
AgreementItem_MVO,,协议项,协议中的一个具体项目，通常关联到特定的产品或服务。
AgreementRelationship_FVO,,协议关系,描述不同协议之间的关系。
AgreementRelationship_MVO,,协议关系,描述不同协议之间的关系。
AgreementSpecification_FVO,,协议规约,协议的模板或蓝图，定义了协议的结构、标准条款和规则。
AgreementSpecification_MVO,,协议规约,协议的模板或蓝图，定义了协议的结构、标准条款和规则。
AgreementSpecificationRef_FVO,,协议规约引用,用于简要引用一个协议规约（模板）。
AgreementSpecificationRef_MVO,,协议规约引用,用于简要引用一个协议规约（模板）。
AgreementSpecificationRelationship_MVO,,协议规约关系,描述不同协议规约（模板）之间的关系。
AgreementTermOrCondition_FVO,,协议条款,描述协议中的一个具体条款或条件。
AgreementTermOrCondition_MVO,,协议条款,描述协议中的一个具体条款或条件。
AnyCharacteristicValue_FVO,,任意特征值,一个可以容纳任何数据类型值的特征（Characteristic）模型。
AnyCharacteristicValue_MVO,,任意特征值,一个可以容纳任何数据类型值的特征（Characteristic）模型。
BillFormat_FVO,,账单格式,描述账单的布局和内容结构。
BillFormat_MVO,,账单格式,描述账单的布局和内容结构。
BillFormatNotificationPayload,,账单格式通知载荷,用于通知账单格式（BillFormat）资源创建、修改或删除的事件载荷。包含 eventId、eventType 和 billFormat 对象。
BillFormatRef_FVO,BillFormat reference. A bill format is a description of the way in which a bill is presented.,账单格式引用,用于简要引用一个账单格式（模板）。
BillFormatRef_MVO,BillFormat reference. A bill format is a description of the way in which a bill is presented.,账单格式引用,用于简要引用一个账单格式（模板）。
BillFormatRefOrValue_FVO,"The polymorphic attributes @type, @schemaLocation & @referredType are related to the BillFormat entity and not the BillFormatRefOrValue class itself",账单格式引用或值,一个灵活的模型，既可以包含一个完整的账单格式信息，也可以只包含对一个已存在格式的引用。
BillFormatRefOrValue_MVO,"The polymorphic attributes @type, @schemaLocation & @referredType are related to the BillFormat entity and not the BillFormatRefOrValue class itself",账单格式引用或值,一个灵活的模型，既可以包含一个完整的账单格式信息，也可以只包含对一个已存在格式的引用。
BillingAccount_FVO,,计费账户,用于归集客户费用并生成账单的账户。
BillingAccount_MVO,,计费账户,用于归集客户费用并生成账单的账户。
BillingAccountNotificationPayload,,计费账户通知载荷,当计费账户（BillingAccount）发生变化时推送的事件载荷。
BillingCycleSpecification_FVO,,计费周期规约,定义了计费周期的规则，如何时开始、周期时长以及周期内的各个阶段。
BillingCycleSpecification_MVO,,计费周期规约,定义了计费周期的规则，如何时开始、周期时长以及周期内的各个阶段。
BillingCycleSpecificationNotificationPayload,,计费周期规范通知载荷,通知计费周期规范（BillingCycleSpecification）新增、更新、停用等事件。
BillingCycleSpecificationRef_FVO,BillingCycleSpecification reference. A description of when to initiate a billing cycle and the various sub steps of a billing cycle.,计费周期规约引用,用于简要引用一个计费周期规约（模板）。
BillingCycleSpecificationRef_MVO,BillingCycleSpecification reference. A description of when to initiate a billing cycle and the various sub steps of a billing cycle.,计费周期规约引用,用于简要引用一个计费周期规约（模板）。
BillingCycleSpecificationRefOrValue_FVO,"The polymorphic attributes @type, @schemaLocation & @referredType are related to the BillingCycleSpecification entity and not the BillingCycleSpecificationRefOrValue class itself",计费周期规约引用或值,一个灵活的模型，既可以包含一个完整的计费周期规约信息，也可以只包含对一个已存在规约的引用。
BillingCycleSpecificationRefOrValue_MVO,"The polymorphic attributes @type, @schemaLocation & @referredType are related to the BillingCycleSpecification entity and not the BillingCycleSpecificationRefOrValue class itself",计费周期规约引用或值,一个灵活的模型，既可以包含一个完整的计费周期规约信息，也可以只包含对一个已存在规约的引用。
BillPresentationMedia_FVO,,账单呈现媒介,描述账单的呈现方式，例如纸质邮寄、电子邮件、网页查看等。
BillPresentationMedia_MVO,,账单呈现媒介,描述账单的呈现方式，例如纸质邮寄、电子邮件、网页查看等。
BillPresentationMediaNotificationPayload,,账单呈现媒介通知载荷,当账单展示方式（如 PDF、电邮、打印）变更时发送的通知载荷。
BillPresentationMediaRef_FVO,"PresentationMedia reference. A mean of communicating a bill, supported by the associated bill format. For example, post mail, email, web page.",账单呈现媒介引用,用于简要引用一个账单呈现媒介（如电子邮件、邮寄）。
BillPresentationMediaRef_MVO,"PresentationMedia reference. A mean of communicating a bill, supported by the associated bill format. For example, post mail, email, web page.",账单呈现媒介引用,用于简要引用一个账单呈现媒介（如电子邮件、邮寄）。
BillPresentationMediaRefOrValue_FVO,"The polymorphic attributes @type, @schemaLocation & @referredType are related to the BillPresentationMedia entity and not the BillPresentationMediaRefOrValue class itself",账单呈现媒介引用或值,一个灵活的模型，既可以包含一个完整的账单呈现媒介信息，也可以只包含对一个已存在媒介的引用。
BillPresentationMediaRefOrValue_MVO,"The polymorphic attributes @type, @schemaLocation & @referredType are related to the BillPresentationMedia entity and not the BillPresentationMediaRefOrValue class itself",账单呈现媒介引用或值,一个灵活的模型，既可以包含一个完整的账单呈现媒介信息，也可以只包含对一个已存在媒介的引用。
BillStructure_FVO,,账单结构,定义了账单的组成部分，如费用、税费、折扣等。
BillStructure_MVO,,账单结构,定义了账单的组成部分，如费用、税费、折扣等。
CdrTransactionItemRef_FVO,Reference of Cdr transaction item.,通信详单交易项引用,用于简要引用一个通信详单交易中的具体项目。
CdrTransactionItemRef_MVO,Reference of Cdr transaction item.,通信详单交易项引用,用于简要引用一个通信详单交易中的具体项目。
CdrTransactionRef_FVO,A CdrTransactionRef reference,通信详单交易引用,用于简要引用一个通信详单交易。
CdrTransactionRef_MVO,A CdrTransactionRef reference,通信详单交易引用,用于简要引用一个通信详单交易。
Contact_FVO,,联系信息,描述一个联系人的详细信息，如姓名、职位、联系方式等。
Contact_MVO,,联系信息,描述一个联系人的详细信息，如姓名、职位、联系方式等。
CreateBillFormatRequestParameters,,创建账单格式请求参数,创建 BillFormat 资源时请求体需包含的字段定义。
CreateBillFormatRequestParametersHeader,,创建账单格式请求头参数,创建账单格式 API 的 HTTP 头部定义，如认证、版本等。
CreateBillingAccountRequestParameters,,创建计费账户请求参数,用于创建 BillingAccount 资源的请求体字段。
CreateBillingAccountRequestParametersHeader,,创建计费账户请求头参数,与 BillingAccount 创建 API 对应的 HTTP 请求头定义。
CreateBillingCycleSpecificationRequestParameters,,创建计费周期规范请求参数,用于定义新的计费周期规范（BillingCycleSpecification）的请求体参数。
CreateBillingCycleSpecificationRequestParametersHeader,,创建计费周期规范请求头参数,对应创建 BillingCycleSpecification 的 Header 定义。
CreateBillPresentationMediaRequestParameters,,创建账单呈现媒介请求参数,创建账单展示媒介（电子账单/纸质账单等）的请求参数。
CreateBillPresentationMediaRequestParametersHeader,,创建账单呈现媒介请求头参数,对应创建账单展示媒介 API 的 Header 定义。
CreateFinancialAccountRequestParameters,,创建财务账户请求参数,创建财务账户的请求体结构。
CreateFinancialAccountRequestParametersHeader,,创建财务账户请求头参数,对应 Header 定义。
CreateIndividualRequestParameters,,创建个人请求参数,创建个人（Individual）资源的请求体结构。
CreateIndividualRequestParametersHeader,,创建个人请求头参数,对应 Header 定义。
CreateOrganizationRequestParameters,,创建组织请求参数,创建 Organization 资源的请求体参数。
CreateOrganizationRequestParametersHeader,,创建组织请求头参数,对应 Header 定义。
CreatePartyAccountRequestParameters,,创建当事方账户请求参数,创建 PartyAccount 资源的请求体。
CreatePartyAccountRequestParametersHeader,,创建当事方账户请求头参数,对应 Header 定义。
CreateSettlementAccountRequestParameters,,创建结算账户请求参数,创建 SettlementAccount 资源的请求体。
CreateSettlementAccountRequestParametersHeader,,创建结算账户请求头参数,对应 Header 定义。
CustomerBillRef_FVO,Bill reference.,客户账单引用,用于简要引用一份客户账单。
CustomerBillRef_MVO,Bill reference.,客户账单引用,用于简要引用一份客户账单。
DeleteBillFormatRequestParameters,,删除账单格式请求参数,删除 BillFormat 资源时的输入参数。
DeleteBillFormatRequestParametersHeader,,删除账单格式请求头参数,对应 Delete 操作的 Header 定义。
DeleteBillingAccountRequestParameters,,删除计费账户请求参数,删除 BillingAccount 时使用的参数结构。
DeleteBillingAccountRequestParametersHeader,,删除计费账户请求头参数,删除计费账户 API 所需的 Header 定义。
DeleteBillingCycleSpecificationRequestParameters,,删除计费周期规范请求参数,删除 BillingCycleSpecification 时的参数结构。
DeleteBillingCycleSpecificationRequestParametersHeader,,删除计费周期规范请求头参数,对应 Header 定义。
DeleteBillPresentationMediaRequestParameters,,删除账单呈现媒介请求参数,删除账单展示媒介 API 的请求参数。
DeleteBillPresentationMediaRequestParametersHeader,,删除账单呈现媒介请求头参数,删除 BillPresentationMedia 的 Header 参数定义。
DeleteFinancialAccountRequestParameters,,删除财务账户请求参数,删除财务账户的输入参数。
DeleteFinancialAccountRequestParametersHeader,,删除财务账户请求头参数,对应 Header 定义。
DeleteIndividualRequestParameters,,删除个人请求参数,删除 Individual 资源的请求参数。
DeleteIndividualRequestParametersHeader,,删除个人请求头参数,对应 Header 定义。
DeleteOrganizationRequestParameters,,删除组织请求参数,删除 Organization 资源的请求参数。
DeleteOrganizationRequestParametersHeader,,删除组织请求头参数,对应 Header 定义。
DeletePartyAccountRequestParameters,,删除当事方账户请求参数,删除 PartyAccount 的参数结构。
DeletePartyAccountRequestParametersHeader,,删除当事方账户请求头参数,对应 Header 定义。
DeleteSettlementAccountRequestParameters,,删除结算账户请求参数,删除 SettlementAccount 的输入参数。
DeleteSettlementAccountRequestParametersHeader,,删除结算账户请求头参数,对应 Header 定义。
Document_FVO,,文档,描述一个文档的完整信息，如类型、大小、链接等。
Document_MVO,,文档,描述一个文档的完整信息，如类型、大小、链接等。
DocumentRef_FVO,,文档引用,用于简要引用一个文档。
DocumentRef_MVO,,文档引用,用于简要引用一个文档。
DocumentRefOrValue_FVO,,文档引用或值,一个灵活的模型，既可以包含一个完整的文档信息（值），也可以只包含对一个已存在文档的引用。
DocumentRefOrValue_MVO,,文档引用或值,一个灵活的模型，既可以包含一个完整的文档信息（值），也可以只包含对一个已存在文档的引用。
DocumentSpecification_FVO,,文档规约,定义一个文档的模板，描述其结构和内容要求。
DocumentSpecification_MVO,,文档规约,定义一个文档的模板，描述其结构和内容要求。
FinancialAccount_FVO,An account of money owed by a party to another entity in exchange for goods or services that have been delivered or used. A financial (account receivable account/account payable) aggregates the amounts of one or more party accounts (billing or settlement) owned by a given party. It is a specialization of entity Account.,财务账户,用于管理应收或应付账款的账户，是更高层级的财务概念。
FinancialAccount_MVO,An account of money owed by a party to another entity in exchange for goods or services that have been delivered or used. A financial (account receivable account/account payable) aggregates the amounts of one or more party accounts (billing or settlement) owned by a given party. It is a specialization of entity Account.,财务账户,用于管理应收或应付账款的账户，是更高层级的财务概念。
FinancialAccountNotificationPayload,,财务账户通知载荷,当 FinancialAccount 资源发生变化时推送的事件载荷。
FinancialAccountRef_FVO,AccountReceivable reference. An account of money owed by a party to another entity in exchange for goods or services that have been delivered or used. An account receivable aggregates the amounts of one or more party accounts (billing or settlement) owned by a given party.,财务账户引用,用于简要引用一个财务账户，通常指应收账款账户。
FinancialAccountRef_MVO,AccountReceivable reference. An account of money owed by a party to another entity in exchange for goods or services that have been delivered or used. An account receivable aggregates the amounts of one or more party accounts (billing or settlement) owned by a given party.,财务账户引用,用于简要引用一个财务账户，通常指应收账款账户。
GeographicAddressRelationship_FVO,,地理地址关系,定义不同地理地址之间的关系。
GeographicAddressRelationship_MVO,,地理地址关系,定义不同地理地址之间的关系。
GeographicSiteRef_FVO,,地理站点引用,用于简要引用一个地理站点（如一栋建筑或一个数据中心）。
GeographicSiteRef_MVO,,地理站点引用,用于简要引用一个地理站点（如一栋建筑或一个数据中心）。
GeographicSiteRefOrValue_FVO,"The polymorphic attributes @type, @schemaLocation & @referredType are related to the GeographicSite entity and not the GeographicSiteRefOrValue class itself",地理站点引用或值,一个灵活的模型，既可以包含一个完整的地理站点信息（值），也可以只包含对一个已存在站点的引用。
GeographicSiteRefOrValue_MVO,"The polymorphic attributes @type, @schemaLocation & @referredType are related to the GeographicSite entity and not the GeographicSiteRefOrValue class itself",地理站点引用或值,一个灵活的模型，既可以包含一个完整的地理站点信息（值），也可以只包含对一个已存在站点的引用。
IndividualNotificationPayload,,个人通知载荷,当 Individual 资源（个人客户）变更时的通知载荷。
InteractionItem_FVO,,交互项,一次交互中所涉及的具体项目或议题。
InteractionItem_MVO,,交互项,一次交互中所涉及的具体项目或议题。
InteractionItemRelationship_FVO,,交互项关系,描述同一次交互中不同交互项之间的关系。
InteractionItemRelationship_MVO,,交互项关系,描述同一次交互中不同交互项之间的关系。
InteractionRelationship_FVO,,交互关系,描述不同交互记录之间的关系，例如一个交互是另一个的后续跟进。
InteractionRelationship_MVO,,交互关系,描述不同交互记录之间的关系，例如一个交互是另一个的后续跟进。
ListBillFormatRequestParameters,,列出账单格式请求参数,查询 BillFormat 列表时可用的分页与过滤条件。
ListBillFormatRequestParametersHeader,,列出账单格式请求头参数,列表查询 API 的 Header 定义。
ListBillingAccountRequestParameters,,列出计费账户请求参数,查询 BillingAccount 资源列表时使用的参数。
ListBillingAccountRequestParametersHeader,,列出计费账户请求头参数,对应 Header 定义。
ListBillingCycleSpecificationRequestParameters,,列出计费周期规范请求参数,查询 BillingCycleSpecification 资源时可选参数。
ListBillingCycleSpecificationRequestParametersHeader,,列出计费周期规范请求头参数,对应 Header 定义。
ListBillPresentationMediaRequestParameters,,列出账单呈现媒介请求参数,查询账单展示媒介资源列表的请求参数。
ListBillPresentationMediaRequestParametersHeader,,列出账单呈现媒介请求头参数,对应 Header 定义。
ListFinancialAccountRequestParameters,,列出财务账户请求参数,查询 FinancialAccount 资源的分页、过滤参数。
ListFinancialAccountRequestParametersHeader,,列出财务账户请求头参数,对应 Header 定义。
ListIndividualRequestParameters,,列出个人请求参数,查询 Individual 列表的分页与过滤条件。
ListIndividualRequestParametersHeader,,列出个人请求头参数,对应 Header 定义。
ListOrganizationRequestParameters,,列出组织请求参数,查询 Organization 列表的请求参数。
ListOrganizationRequestParametersHeader,,列出组织请求头参数,对应 Header 定义。
ListPartyAccountRequestParameters,,列出当事方账户请求参数,查询 PartyAccount 列表的过滤与分页参数。
ListPartyAccountRequestParametersHeader,,列出当事方账户请求头参数,对应 Header 定义。
ListSettlementAccountRequestParameters,,列出结算账户请求参数,查询 SettlementAccount 资源列表的参数。
ListSettlementAccountRequestParametersHeader,,列出结算账户请求头参数,对应 Header 定义。
MapAnyCharacteristicValue_FVO,,任意值映射表特征,一个值为映射表（键值对）的特征，其中值可以是任意类型。
MapAnyCharacteristicValue_MVO,,任意值映射表特征,一个值为映射表（键值对）的特征，其中值可以是任意类型。
OrganizationNotificationPayload,,组织通知载荷,当 Organization 资源（企业客户）变更时的通知载荷。
PartyAccount_FVO,,参与方账户,描述与参与方关联的账户信息，用于计费、结算或订单处理。
PartyAccount_MVO,,参与方账户,描述与参与方关联的账户信息，用于计费、结算或订单处理。
PartyAccountNotificationPayload,,当事方账户通知载荷,当 PartyAccount （参与方账户）状态变更时的通知。
PartyAccountRef_FVO,,参与方账户引用,用于简要引用一个与参与方关联的账户。
PartyAccountRef_MVO,,参与方账户引用,用于简要引用一个与参与方关联的账户。
PartyInteraction_FVO,,参与方交互,记录一次与参与方（如客户）的交互事件，例如一次电话、一封邮件或一次到店访问。
PartyInteraction_MVO,,参与方交互,记录一次与参与方（如客户）的交互事件，例如一次电话、一封邮件或一次到店访问。
PartyPrivacyAgreement_FVO,,参与方隐私协议,描述参与方（如客户）与服务提供商之间签订的关于数据隐私的协议。
PartyPrivacyAgreement_MVO,,参与方隐私协议,描述参与方（如客户）与服务提供商之间签订的关于数据隐私的协议。
PartyPrivacyAgreementRef_FVO,Reference to Party Privacy Agreement resource,参与方隐私协议引用,用于简要引用一个参与方隐私协议。
PartyPrivacyAgreementRef_MVO,Reference to Party Privacy Agreement resource,参与方隐私协议引用,用于简要引用一个参与方隐私协议。
PartyPrivacyProfile_FVO,,参与方隐私配置,记录参与方针对其个人数据的具体隐私设置和偏好。
PartyPrivacyProfile_MVO,,参与方隐私配置,记录参与方针对其个人数据的具体隐私设置和偏好。
PartyPrivacyProfileCharacteristic_FVO,,参与方隐私配置特征,参与方隐私配置实例中的一个具体特征或属性。
PartyPrivacyProfileCharacteristic_MVO,,参与方隐私配置特征,参与方隐私配置实例中的一个具体特征或属性。
PartyPrivacyProfileRef_FVO,Reference to Party Privacy Profile resource,参与方隐私配置引用,用于简要引用一个参与方隐私配置。
PartyPrivacyProfileRef_MVO,Reference to Party Privacy Profile resource,参与方隐私配置引用,用于简要引用一个参与方隐私配置。
PartyPrivacyProfileSpecification_FVO,,参与方隐私配置规约,定义参与方隐私配置的模板，规定了哪些隐私选项是可用的。
PartyPrivacyProfileSpecification_MVO,,参与方隐私配置规约,定义参与方隐私配置的模板，规定了哪些隐私选项是可用的。
PartyPrivacyProfileSpecificationCharacteristic_FVO,,参与方隐私配置规约特征,参与方隐私配置规约（模板）中的一个具体特征或属性。
PartyPrivacyProfileSpecificationCharacteristic_MVO,,参与方隐私配置规约特征,参与方隐私配置规约（模板）中的一个具体特征或属性。
PartyPrivacyProfileSpecificationRef_FVO,Reference to Party Privacy Specification resource,参与方隐私配置规约引用,用于简要引用一个参与方隐私配置规约（模板）。
PartyPrivacyProfileSpecificationRef_MVO,Reference to Party Privacy Specification resource,参与方隐私配置规约引用,用于简要引用一个参与方隐私配置规约（模板）。
PartyPrivacyRoleSpecification_FVO,,参与方隐私角色规约,定义了特定参与方角色（如客户、员工）的隐私规则和权限模板。
PartyPrivacyRoleSpecification_MVO,,参与方隐私角色规约,定义了特定参与方角色（如客户、员工）的隐私规则和权限模板。
PartyRevSharingAlgorithm_FVO,,参与方收入分成算法,定义了不同参与方（如合作伙伴）之间如何分配收入的算法或规则。
PartyRevSharingAlgorithm_MVO,,参与方收入分成算法,定义了不同参与方（如合作伙伴）之间如何分配收入的算法或规则。
PartyRevSharingAlgorithmRef_FVO,A PartyRevSharingAlgorithmRef reference,参与方收入分成算法引用,用于简要引用一个定义参与方之间收入分成规则的算法。
PartyRevSharingAlgorithmRef_MVO,A PartyRevSharingAlgorithmRef reference,参与方收入分成算法引用,用于简要引用一个定义参与方之间收入分成规则的算法。
PartyRevSharingModel_FVO,,参与方收入分成模型,基于分成算法的一个具体实例，定义了特定场景下各方的收入分成方案。
PartyRevSharingModel_MVO,,参与方收入分成模型,基于分成算法的一个具体实例，定义了特定场景下各方的收入分成方案。
PartyRevSharingModelInvolPrice_FVO,,参与方收入分成模型相关价格,收入分成模型中涉及到的价格或费率。
PartyRevSharingModelInvolPrice_MVO,,参与方收入分成模型相关价格,收入分成模型中涉及到的价格或费率。
PartyRevSharingModelInvolPriceRef_FVO,,参与方收入分成模型相关价格引用,用于简要引用收入分成模型中涉及的价格。
PartyRevSharingModelInvolPriceRef_MVO,,参与方收入分成模型相关价格引用,用于简要引用收入分成模型中涉及的价格。
PartyRevSharingModelItem_FVO,,参与方收入分成模型项,收入分成模型中的一个具体规则或条款。
PartyRevSharingModelItem_MVO,,参与方收入分成模型项,收入分成模型中的一个具体规则或条款。
PartyRevSharingModelItemInvolvement_FVO,,参与方收入分成模型项参与,描述模型项中涉及到的具体参与方及其角色。
PartyRevSharingModelItemInvolvement_MVO,,参与方收入分成模型项参与,描述模型项中涉及到的具体参与方及其角色。
PartyRevSharingModelItemRef_FVO,Reference of a party revenue sharing model item.,参与方收入分成模型项引用,用于简要引用一个收入分成模型中的具体项目。
PartyRevSharingModelItemRef_MVO,Reference of a party revenue sharing model item.,参与方收入分成模型项引用,用于简要引用一个收入分成模型中的具体项目。
PartyRevSharingModelRef_FVO,A PartyRevSharingModelRef reference,参与方收入分成模型引用,用于简要引用一个参与方收入分成模型。
PartyRevSharingModelRef_MVO,A PartyRevSharingModelRef reference,参与方收入分成模型引用,用于简要引用一个参与方收入分成模型。
PartyRevSharingPolicyActionVariable_FVO,,参与方收入分成策略动作变量,在收入分成策略的动作执行中使用的变量。
PartyRevSharingPolicyActionVariable_MVO,,参与方收入分成策略动作变量,在收入分成策略的动作执行中使用的变量。
PartyRevSharingPolicyConditionVariable_FVO,,参与方收入分成策略条件变量,在收入分成策略的条件判断中使用的变量。
PartyRevSharingPolicyConditionVariable_MVO,,参与方收入分成策略条件变量,在收入分成策略的条件判断中使用的变量。
PartyRevSharingReport_FVO,,参与方收入分成报告,详细记录了按照分成模型计算出的各方收入分成结果的报告。
PartyRevSharingReport_MVO,,参与方收入分成报告,详细记录了按照分成模型计算出的各方收入分成结果的报告。
PartyRevSharingReportItem_FVO,,参与方收入分成报告项,收入分成报告中的一个具体分成项目。
PartyRevSharingReportItem_MVO,,参与方收入分成报告项,收入分成报告中的一个具体分成项目。
PartyRevSharingReportItemDetail_FVO,,参与方收入分成报告项详情,收入分成报告中，某个分成项的详细数据。
PartyRevSharingReportItemDetail_MVO,,参与方收入分成报告项详情,收入分成报告中，某个分成项的详细数据。
PartyRoleSpecification_FVO,,参与方角色规约,参与方角色的模板或蓝图，定义了角色的名称、描述和通用规则。
PartyRoleSpecification_MVO,,参与方角色规约,参与方角色的模板或蓝图，定义了角色的名称、描述和通用规则。
PatchBillFormatRequestParameters,,更新账单格式请求参数,局部更新 BillFormat 资源时的请求体。
PatchBillFormatRequestParametersHeader,,更新账单格式请求头参数,对应 PATCH 操作的 Header 定义。
PatchBillingAccountRequestParameters,,更新计费账户请求参数,局部修改 BillingAccount 时的输入参数。
PatchBillingAccountRequestParametersHeader,,更新计费账户请求头参数,对应 Header 定义。
PatchBillingCycleSpecificationRequestParameters,,更新计费周期规范请求参数,用于修改计费周期规范部分属性的请求体。
PatchBillingCycleSpecificationRequestParametersHeader,,更新计费周期规范请求头参数,对应 Header 定义。
PatchBillPresentationMediaRequestParameters,,更新账单呈现媒介请求参数,更新账单展示媒介定义的请求体。
PatchBillPresentationMediaRequestParametersHeader,,更新账单呈现媒介请求头参数,对应 Header 定义。
PatchFinancialAccountRequestParameters,,更新财务账户请求参数,更新 FinancialAccount 部分属性的请求体。
PatchFinancialAccountRequestParametersHeader,,更新财务账户请求头参数,对应 Header 定义。
PatchIndividualRequestParameters,,更新个人请求参数,修改 Individual 资源的部分属性。
PatchIndividualRequestParametersHeader,,更新个人请求头参数,对应 Header 定义。
PatchOrganizationRequestParameters,,更新组织请求参数,更新 Organization 资源的请求体。
PatchOrganizationRequestParametersHeader,,更新组织请求头参数,对应 Header 定义。
PatchPartyAccountRequestParameters,,更新当事方账户请求参数,修改 PartyAccount 部分属性。
PatchPartyAccountRequestParametersHeader,,更新当事方账户请求头参数,对应 Header 定义。
PatchSettlementAccountRequestParameters,,更新结算账户请求参数,修改 SettlementAccount 部分属性。
PatchSettlementAccountRequestParametersHeader,,更新结算账户请求头参数,对应 Header 定义。
PaymentPlan_FVO,,付款计划,描述分期付款或定期付款的计划和条款。
PaymentPlan_MVO,,付款计划,描述分期付款或定期付款的计划和条款。
PermissionSpecificationSetRef_FVO,A PermissionSpecificationSet defines a set of permissions that can be attached to a party role specification. The resulting permissions will then apply to all users that adopt this party role.,权限规约集引用,用于简要引用一组预定义的权限集合。
PermissionSpecificationSetRef_MVO,A PermissionSpecificationSet defines a set of permissions that can be attached to a party role specification. The resulting permissions will then apply to all users that adopt this party role.,权限规约集引用,用于简要引用一组预定义的权限集合。
PolicyActionRef_MVO,,策略动作引用,用于简要引用一个策略中定义的动作。
PolicyConditionRef_FVO,,策略条件引用,用于简要引用一个策略中定义的条件。
PolicyConditionRef_MVO,,策略条件引用,用于简要引用一个策略中定义的条件。
PolicyEntityRef_FVO,,策略实体引用,用于简要引用一个与策略相关的通用实体。
PolicyEntityRef_MVO,,策略实体引用,用于简要引用一个与策略相关的通用实体。
PolicyVariableRef_FVO,,策略变量引用,用于简要引用一个策略中定义的变量。
PolicyVariableRef_MVO,,策略变量引用,用于简要引用一个策略中定义的变量。
ProductAgreementItem_FVO,,产品协议项,协议中与特定产品相关的条款。
ProductAgreementItem_MVO,,产品协议项,协议中与特定产品相关的条款。
ProductOrderItemRef_FVO,,产品订单项引用,用于简要引用一个产品订单中的具体项目。
ProductOrderItemRef_MVO,,产品订单项引用,用于简要引用一个产品订单中的具体项目。
ProductOrderRef_FVO,A reference to an existing Product Order.,产品订单引用,用于简要引用一个已存在的产品订单。
ProductOrderRef_MVO,A reference to an existing Product Order.,产品订单引用,用于简要引用一个已存在的产品订单。
ProductStockRef_FVO,,产品库存引用,用于简要引用一个产品的库存记录。
ProductStockRef_MVO,,产品库存引用,用于简要引用一个产品的库存记录。
RelatedChannel_FVO,,关联渠道,描述与当前实体相关的渠道，并定义两者间的关系。
RelatedChannel_MVO,,关联渠道,描述与当前实体相关的渠道，并定义两者间的关系。
RelatedDocumentRefOrValue_FVO,,关联文档引用或值,一个灵活的模型，既可以包含一个完整的关联文档信息，也可以只包含对一个已存在文档的引用。
RelatedDocumentRefOrValue_MVO,,关联文档引用或值,一个灵活的模型，既可以包含一个完整的关联文档信息，也可以只包含对一个已存在文档的引用。
RelatedParty_FVO,,关联参与方,描述与当前实体相关的参与方（个人或组织），并定义两者间的关系。
RelatedParty_MVO,,关联参与方,描述与当前实体相关的参与方（个人或组织），并定义两者间的关系。
RelatedShipment_FVO,A related shipment addressable entity,关联货运,描述一个与当前实体相关的货运。
RelatedShipment_MVO,A related shipment addressable entity,关联货运,描述一个与当前实体相关的货运。
RelatedShippingOrder_FVO,,关联发货单,描述一个与当前实体相关的发货单。
RelatedShippingOrder_MVO,,关联发货单,描述一个与当前实体相关的发货单。
ReserveProductStockRef_FVO,Product Stock Reservation reference,产品库存预留引用,用于简要引用一次产品库存的预留记录。
ReserveProductStockRef_MVO,Product Stock Reservation reference,产品库存预留引用,用于简要引用一次产品库存的预留记录。
RetrieveBillFormatRequestParameters,,获取账单格式请求参数,根据 ID 获取 BillFormat 资源详情的输入参数。
RetrieveBillFormatRequestParametersHeader,,获取账单格式请求头参数,对应 GET / {id} 操作的 Header 定义。
RetrieveBillingAccountRequestParameters,,获取计费账户请求参数,根据 ID 获取 BillingAccount 详情的参数。
RetrieveBillingAccountRequestParametersHeader,,获取计费账户请求头参数,对应 Header 定义。
RetrieveBillingCycleSpecificationRequestParameters,,获取计费周期规范请求参数,根据 ID 查询计费周期规范的请求参数。
RetrieveBillingCycleSpecificationRequestParametersHeader,,获取计费周期规范请求头参数,对应 Header 定义。
RetrieveBillPresentationMediaRequestParameters,,获取账单呈现媒介请求参数,根据 ID 获取账单展示媒介的参数。
RetrieveBillPresentationMediaRequestParametersHeader,,获取账单呈现媒介请求头参数,对应 Header 定义。
RetrieveFinancialAccountRequestParameters,,获取财务账户请求参数,根据 ID 获取 FinancialAccount 资源详情的参数。
RetrieveFinancialAccountRequestParametersHeader,,获取财务账户请求头参数,对应 Header 定义。
RetrieveIndividualRequestParameters,,获取个人请求参数,根据 ID 获取 Individual 详情。
RetrieveIndividualRequestParametersHeader,,获取个人请求头参数,对应 Header 定义。
RetrieveOrganizationRequestParameters,,获取组织请求参数,根据 ID 获取 Organization 详情。
RetrieveOrganizationRequestParametersHeader,,获取组织请求头参数,对应 Header 定义。
RetrievePartyAccountRequestParameters,,获取当事方账户请求参数,根据 ID 获取 PartyAccount 资源。
RetrievePartyAccountRequestParametersHeader,,获取当事方账户请求头参数,对应 Header 定义。
RetrieveSettlementAccountRequestParameters,,获取结算账户请求参数,根据 ID 获取 SettlementAccount 详情。
RetrieveSettlementAccountRequestParametersHeader,,获取结算账户请求头参数,对应 Header 定义。
SettlementAccount_FVO,"A party account used for settlement purposes. It includes a description of the bill structure (frequency, presentation media, format and so on). It is a specialization of entity PartyAccount.",结算账户,用于合作方之间进行结算的账户，例如运营商之间的漫游费结算。
SettlementAccount_MVO,"A party account used for settlement purposes. It includes a description of the bill structure (frequency, presentation media, format and so on). It is a specialization of entity PartyAccount.",结算账户,用于合作方之间进行结算的账户，例如运营商之间的漫游费结算。
SettlementAccountNotificationPayload,,结算账户通知载荷,通知 SettlementAccount 资源变化的事件载荷。
Shipment_FVO,,货运,描述一次实际的货物运输活动。
Shipment_MVO,,货运,描述一次实际的货物运输活动。
ShipmentItem_FVO,,货运项,一次货运中包含的一个具体物品。
ShipmentItem_MVO,,货运项,一次货运中包含的一个具体物品。
ShipmentSpecification_FVO,,货运规约,货运的模板或蓝图，定义了货运的类型、要求和标准流程。
ShipmentSpecification_MVO,,货运规约,货运的模板或蓝图，定义了货运的类型、要求和标准流程。
ShipmentSpecificationRef_FVO,Shipment specification reference,货运规约引用,用于简要引用一个货运规约（模板）。
ShipmentSpecificationRef_MVO,Shipment specification reference,货运规约引用,用于简要引用一个货运规约（模板）。
ShipmentSpecificationRefOrValue_FVO,"A shipment specification defined by value or existing defined by reference. The polymorphic attributes @type, @schemaLocation &amp; @referredType are related to the shipment specification entity and not the related ShipmentSpecificationRefOrValue class itself",货运规约引用或值,一个灵活的模型，既可以包含一个完整的货运规约，也可以只包含对一个已存在规约的引用。
ShipmentSpecificationRefOrValue_MVO,"A shipment specification defined by value or existing defined by reference. The polymorphic attributes @type, @schemaLocation &amp; @referredType are related to the shipment specification entity and not the related ShipmentSpecificationRefOrValue class itself",货运规约引用或值,一个灵活的模型，既可以包含一个完整的货运规约，也可以只包含对一个已存在规约的引用。
ShipmentSpecificationRelationship_FVO,,货运规约关系,描述不同货运规约（模板）之间的关系。
ShipmentSpecificationRelationship_MVO,,货运规约关系,描述不同货运规约（模板）之间的关系。
ShipmentTrackingRef_FVO,ShipmentTracking reference,货运跟踪引用,用于简要引用一个货运的跟踪信息（如快递单号）。
ShipmentTrackingRef_MVO,ShipmentTracking reference,货运跟踪引用,用于简要引用一个货运的跟踪信息（如快递单号）。
ShippingInstruction_FVO,,发货指令,包含在发货单中的具体操作指示，例如“需冷藏”。
ShippingInstruction_MVO,,发货指令,包含在发货单中的具体操作指示，例如“需冷藏”。
ShippingOrder_FVO,,发货单,用于安排货物从源地运送到目的地的指令单。
ShippingOrder_MVO,,发货单,用于安排货物从源地运送到目的地的指令单。
ShippingOrderItem_FVO,,发货单项,发货单中包含的一个具体的待运送物品。
ShippingOrderItem_MVO,,发货单项,发货单中包含的一个具体的待运送物品。
TargetShipmentSchema_FVO,The reference object to the schema and type of target shipment which is described by shipment specification,目标货运结构,描述目标货运的结构（Schema）和类型（Type）。
TargetShipmentSchema_MVO,The reference object to the schema and type of target shipment which is described by shipment specification,目标货运结构,描述目标货运的结构（Schema）和类型（Type）。
AccountRef_FVO,Account reference. A account may be a party account or a financial account.,账户引用,用于简要引用一个账户，可以是客户账户或财务账户。
AccountRef_MVO,,账户引用,用于简要引用一个账户，可以是客户账户或财务账户。
ActualCost_FVO,,实际成本,为提供某项产品、服务或完成某项操作所发生的实际成本记录。
ActualCost_MVO,,实际成本,为提供某项产品、服务或完成某项操作所发生的实际成本记录。
ActualCostItem_FVO,,实际成本项,构成总实际成本的一个具体成本项目。
Addressable_FVO,Base schema for adressable entities,可寻址实体,这是一个基础模型，用于定义那些拥有唯一地址（比如URL）并能被直接访问的资源。
Addressable_MVO,Base schema for adressable entities,可寻址实体,这是一个基础模型，用于定义那些拥有唯一地址（比如URL）并能被直接访问的资源。
AgreementItemRef_FVO,,协议项引用,用于简要引用协议（Agreement）中的一个具体条款或项目。
AgreementItemRef_MVO,,协议项引用,用于简要引用协议（Agreement）中的一个具体条款或项目。
AgreementRef_FVO,"Agreement reference. An agreement represents a contract or arrangement, either written or verbal and sometimes enforceable by law, such as a service level agreement or a customer price agreement. An agreement involves a number of other business entities, such as products, services, and resources and/or their specifications.",协议引用,用于简要引用一份协议或合同，例如服务水平协议（SLA）。
AgreementRef_MVO,"Agreement reference. An agreement represents a contract or arrangement, either written or verbal and sometimes enforceable by law, such as a service level agreement or a customer price agreement. An agreement involves a number of other business entities, such as products, services, and resources and/or their specifications.",协议引用,用于简要引用一份协议或合同，例如服务水平协议（SLA）。
AlternateGeographicAddressValidation_FVO,,备选地理地址验证,当地址验证失败时，系统推荐的备选或修正后的地址建议。
AlternateGeographicAddressValidation_MVO,,备选地理地址验证,当地址验证失败时，系统推荐的备选或修正后的地址建议。
ApiAuthorization_FVO,,API授权,描述一次API访问的授权信息。
ApiConsumerPermission_FVO,,API消费者权限,描述API消费者（应用）所拥有的权限。
ApiConsumerPermission_MVO,,API消费者权限,描述API消费者（应用）所拥有的权限。
ApiDigitalIdentity_FVO,,API数字身份,与API交互相关的数字身份信息。
ApiDigitalIdentity_MVO,,API数字身份,与API交互相关的数字身份信息。
ApiErrorCodeType,Valid values for the code of the API Errors.,API 错误代码类型,标准化的 API 错误代码集合，例如 400 BadRequest、404 NotFound 等，用于统一错误响应。
ApiErrorReasonType,Valid values for the reason of the API Errors.,API 错误原因类型,对错误原因的枚举说明，例如 missingParameter、invalidValue 等。帮助客户端理解错误源。
ApiListAssetGroup_FVO,,API列表资产组,一种资产组，通过API列表的方式定义其包含的资产。
ApiListAssetGroup_MVO,,API列表资产组,一种资产组，通过API列表的方式定义其包含的资产。
ApiPermissionSet_FVO,,API权限集,专门用于API访问控制的一组权限集合。
ApiPermissionSet_MVO,,API权限集,专门用于API访问控制的一组权限集合。
ApiProductActionAdd_FVO,,API产品添加动作,添加API产品的通用配置动作。
ApiProductActionAddDeviceLocationVerification_FVO,,API产品动作-添加设备位置验证,添加设备位置验证API产品的配置动作。
ApiProductActionAddDeviceLocationVerificationBundled_FVO,,API产品动作-添加组合设备位置验证,添加组合式的设备位置验证API产品的配置动作。
ApiProductActionModify_FVO,,API产品修改动作,修改API产品的通用配置动作。
ApiProductActionModifyDeviceLocationVerification_FVO,,API产品动作-修改设备位置验证,修改设备位置验证API产品的配置动作。
ApiProductOrder_FVO,,API产品订单,用于订购API产品的订单。
ApiProductOrderItemAdd_FVO,,API产品订单项-新增,API产品订单中用于新增产品的订单项。
ApiProductOrderItemModify_FVO,,API产品订单项-修改,API产品订单中用于修改现有产品的订单项。
ApiPurposeType,Valid values for the purpose of the API product.,API 目的类型,描述 API 调用的用途或上下文（如创建、查询、验证等），用于分类或治理。
Application_FVO,,应用,描述一个软件应用，它通常是API的消费者。
Application_MVO,,应用,描述一个软件应用，它通常是API的消费者。
ApplicationOwner_FVO,,应用所有者,拥有某个应用（Application）的个人或组织。
ApplicationOwner_MVO,,应用所有者,拥有某个应用（Application）的个人或组织。
ApplicationOwnerOrganization_FVO,,应用所有者(组织),当应用所有者是一个组织时的详细信息。
ApplicationOwnerOrganization_MVO,,应用所有者(组织),当应用所有者是一个组织时的详细信息。
ApplicationOwnerPartyOrPartyRole_FVO,Schema that permits to identify an Individual or an Organisation in the Open Gateway context.,应用所有者(参与方或角色),在Open Gateway场景下，用于标识作为应用所有者的个人或组织。
ApplicationOwnerPartyOrPartyRole_MVO,,应用所有者(参与方或角色),在Open Gateway场景下，用于标识作为应用所有者的个人或组织。
ApplicationOwnerRelatedIndividual_FVO,,应用所有者关联个人,与应用所有者相关的个人信息。
ApplicationOwnerRelatedIndividual_MVO,,应用所有者关联个人,与应用所有者相关的个人信息。
ApplicationOwnerRelatedLocalRepresentative_FVO,,应用所有者关联本地代表,与应用所有者相关的本地代表信息。
ApplicationOwnerRelatedLocalRepresentative_MVO,,应用所有者关联本地代表,与应用所有者相关的本地代表信息。
ApplicationOwnerRelatedOrganization_FVO,,应用所有者关联组织,与应用所有者相关的组织信息。
ApplicationOwnerRelatedOrganization_MVO,,应用所有者关联组织,与应用所有者相关的组织信息。
ApplicationRef_FVO,Reference to an Application.,应用引用,用于简要引用一个应用。
AssetGroup_FVO,"Defines a group of assets (entities) to which access can be controlled. Specific subclasses allow definition in various ways (list of entities, queries, ownership by customer, etc.). AssetGroup is not a managed entity, its concrete subclasses are always included by value in their containing entities.",资产组,定义一组可以进行访问控制的资产（实体），用于权限管理。
AssetGroup_MVO,"Defines a group of assets (entities) to which access can be controlled. Specific subclasses allow definition in various ways (list of entities, queries, ownership by customer, etc.). AssetGroup is not a managed entity, its concrete subclasses are always included by value in their containing entities.",资产组,定义一组可以进行访问控制的资产（实体），用于权限管理。
AssociationSpecificationRef_FVO,reference to an AssociationSpecification object,关联规约引用,用于简要引用一个定义实体间关联关系的模板或规则。
AssociationSpecificationRef_MVO,reference to an AssociationSpecification object,关联规约引用,用于简要引用一个定义实体间关联关系的模板或规则。
Attachment_FVO,,附件,描述一个附件的完整信息，如文件类型、大小、URL链接等。
Attachment_MVO,,附件,描述一个附件的完整信息，如文件类型、大小、URL链接等。
AttachmentRef_FVO,,附件引用,用于简要引用一个附件（如文档、图片）的信息，通常包含ID和链接。
AttachmentRef_MVO,,附件引用,用于简要引用一个附件（如文档、图片）的信息，通常包含ID和链接。
AttachmentRefOrValue_FVO,"The polymorphic attributes @type, @schemaLocation & @referredType are related to the Attachment entity and not the AttachmentRefOrValue class itself",附件引用或值,一个灵活的模型，既可以包含一个完整的附件信息（值），也可以只包含对一个已存在附件的引用。
AttachmentRefOrValue_MVO,"The polymorphic attributes @type, @schemaLocation & @referredType are related to the Attachment entity and not the AttachmentRefOrValue class itself",附件引用或值,一个灵活的模型，既可以包含一个完整的附件信息（值），也可以只包含对一个已存在附件的引用。
BaseEvent_FVO,,基础事件,所有具体事件模型的通用基础，定义了事件ID、事件时间等公共属性。
BaseEvent_MVO,,基础事件,所有具体事件模型的通用基础，定义了事件ID、事件时间等公共属性。
BillingAccountRef_FVO,,计费账户引用,用于简要引用一个用于计费和支付的账户。
BillingAccountRef_MVO,,计费账户引用,用于简要引用一个用于计费和支付的账户。
BiometricCredential_FVO,,生物特征凭证,一种凭证类型，使用生物特征进行认证，例如指纹、人脸识别。
BiometricCredential_MVO,,生物特征凭证,一种凭证类型，使用生物特征进行认证，例如指纹、人脸识别。
BooleanArrayCharacteristic_FVO,,布尔数组特征,Characteristic的具体实现，其值必须是布尔值数组。
BooleanArrayCharacteristic_MVO,,布尔数组特征,Characteristic的具体实现，其值必须是布尔值数组。
BooleanArrayCharacteristicValueSpecification_FVO,,布尔数组特征值规约,CharacteristicValueSpecification的具体实现，用于为布尔数组类型的特征值定义规则。
BooleanArrayCharacteristicValueSpecification_MVO,,布尔数组特征值规约,CharacteristicValueSpecification的具体实现，用于为布尔数组类型的特征值定义规则。
BooleanCharacteristic_FVO,,布尔特征,Characteristic的具体实现，其值必须是布尔值（true/false）。
BooleanCharacteristic_MVO,,布尔特征,Characteristic的具体实现，其值必须是布尔值（true/false）。
BooleanCharacteristicValueSpecification_FVO,,布尔特征值规约,CharacteristicValueSpecification的具体实现，用于为布尔值（true/false）类型的特征值定义规则。
BooleanCharacteristicValueSpecification_MVO,,布尔特征值规约,CharacteristicValueSpecification的具体实现，用于为布尔值（true/false）类型的特征值定义规则。
BusinessPartner_FVO,When business partner is the BusinessPartner,业务合作伙伴,特指在业务关系中作为合作伙伴的参与方（Party）。
BusinessPartner_MVO,When business partner is the BusinessPartner,业务合作伙伴,特指在业务关系中作为合作伙伴的参与方（Party）。
CalendarPeriod_FVO,,日历周期,表示日历上的一个时间段，例如“周一至周五”或“每月1号”。
CalendarPeriod_MVO,,日历周期,表示日历上的一个时间段，例如“周一至周五”或“每月1号”。
CategoryRef_FVO,Reference to a category in the catalog.,分类引用,用于简要引用一个分类或类别。
CategoryRef_MVO,Reference to a category in the catalog.,分类引用,用于简要引用一个分类或类别。
Cdr_FVO,An occurrence of employing a product for its intended purpose with all rating details,通信详单记录(CDR),对一次通信事件（如通话、短信、数据会话）的详细记录，是计费的原始依据。
Cdr_MVO,An occurrence of employing a product for its intended purpose with all rating details,通信详单记录(CDR),对一次通信事件（如通话、短信、数据会话）的详细记录，是计费的原始依据。
CdrCharacteristic_FVO,Provides the value of a given characteristic,通信详单特征,通信详单（CDR）中的一个具体特征属性及其值。
CdrCharacteristic_MVO,Provides the value of a given characteristic,通信详单特征,通信详单（CDR）中的一个具体特征属性及其值。
CdrTransaction_FVO,,通信详单交易,与处理通信详单（CDR）相关的交易，通常用于合作方之间的结算。
CdrTransaction_MVO,,通信详单交易,与处理通信详单（CDR）相关的交易，通常用于合作方之间的结算。
CdrTransactionItem_FVO,,通信详单交易项,通信详单交易中的一个具体项目，例如某个参与方的收入分成明细。
CdrTransactionItem_MVO,,通信详单交易项,通信详单交易中的一个具体项目，例如某个参与方的收入分成明细。
ChannelRef_FVO,"The channel to which the resource reference to. e.g. channel for selling product offerings, channel for opening a trouble ticket etc..",渠道引用,用于简要引用一个交互渠道，如网上营业厅、实体店、客服热线等。
ChannelRef_MVO,"The channel to which the resource reference to. e.g. channel for selling product offerings, channel for opening a trouble ticket etc..",渠道引用,用于简要引用一个交互渠道，如网上营业厅、实体店、客服热线等。
Characteristic_FVO,,特征 / 属性,描述一个对象（如产品、服务）的具体属性，以“名称-值”对（name-value pair）的形式存在，例如“颜色-红色”。
Characteristic_MVO,,特征 / 属性,描述一个对象（如产品、服务）的具体属性，以“名称-值”对（name-value pair）的形式存在，例如“颜色-红色”。
CharacteristicRelationship_FVO,,特征关系,定义不同特征（Characteristic）之间的关系，例如一个特征依赖于另一个特征。
CharacteristicRelationship_MVO,,特征关系,定义不同特征（Characteristic）之间的关系，例如一个特征依赖于另一个特征。
CharacteristicSpecification_FVO,,特征规约,定义一个特征的模板，描述其名称、数据类型、允许值等元数据，用于创建具体的特征实例。
CharacteristicSpecification_MVO,,特征规约,定义一个特征的模板，描述其名称、数据类型、允许值等元数据，用于创建具体的特征实例。
CharacteristicSpecificationRelationship_FVO,,特征规约关系,定义不同特征规约（模板）之间的关系，例如一个特征规约依赖另一个。
CharacteristicSpecificationRelationship_MVO,,特征规约关系,定义不同特征规约（模板）之间的关系，例如一个特征规约依赖另一个。
CharacteristicValueSpecification_FVO,,特征值规约,定义一个特征（Characteristic）可以接受的值的规则，例如值的范围、单位或是否为默认值。
CharacteristicValueSpecification_MVO,,特征值规约,定义一个特征（Characteristic）可以接受的值的规则，例如值的范围、单位或是否为默认值。
CheckCredential_FVO,,检查凭证,用于验证一个用户凭证（如密码、令牌）是否有效的操作请求。
CheckPermission_FVO,,检查权限,用于检查某个用户或角色是否拥有执行特定操作的权限。
common_FVO,,通用定义,通常用于存放API中多个模型共用的通用属性或定义。
common_MVO,,通用定义,通常用于存放API中多个模型共用的通用属性或定义。
ConstraintRef_FVO,,约束引用,用于简要引用一个约束规则或条件。
ConstraintRef_MVO,,约束引用,用于简要引用一个约束规则或条件。
Consumer_FVO,,消费者,特指作为产品或服务最终消费者的参与方（Party）。
Consumer_MVO,,消费者,特指作为产品或服务最终消费者的参与方（Party）。
ContactMedium_FVO,,联系方式,描述一种联系方式的通用模型，如电话号码、电子邮箱、邮寄地址等。
ContactMedium_MVO,,联系方式,描述一种联系方式的通用模型，如电话号码、电子邮箱、邮寄地址等。
context_FVO,,上下文 (JSON-LD),JSON-LD中的一个关键字，用于定义简短术语与IRI（国际化资源标识符）之间的映射。
context_MVO,,上下文 (JSON-LD),JSON-LD中的一个关键字，用于定义简短术语与IRI（国际化资源标识符）之间的映射。
CorrelationHeader,,关联标识头,HTTP Header，用于跨系统调用链中传递相关性 ID（Correlation ID），支持请求追踪和日志关联。
Cost_FVO,,成本,一个通用的成本模型，可以是预计成本或实际成本。
Cost_MVO,,成本,一个通用的成本模型，可以是预计成本或实际成本。
CostItem_FVO,,成本项,构成总成本的一个具体项目。
CostItemAllocation_FVO,,成本项分摊,描述一个成本项如何在不同部门或项目之间进行分摊。
CostItemRelationship_FVO,,成本项关系,描述不同成本项之间的关系。
CostRelationship_FVO,,成本关系,描述不同成本记录之间的关系。
CreateGeographicAddressRequestParameters,,创建地理地址请求参数,用于提交新地理地址（如街道、城市、邮编）信息的请求体。
CreateGeographicAddressRequestParametersHeader,,创建地理地址请求头参数,对应 Header 定义，如版本号、授权信息。
CreateGeographicAddressValidationRequestParameters,,创建地址验证请求参数,用于验证地址合法性（如邮编格式或坐标有效性）的请求参数。
CreateGeographicAddressValidationRequestParametersHeader,,创建地址验证请求头参数,对应 Header 定义。
CreateTroubleTicketRequestParameters,,创建故障工单请求参数,用于创建 TroubleTicket（客户报障单）的请求体结构。
CreateTroubleTicketRequestParametersHeader,,创建故障工单请求头参数,对应 Header 定义。
CreateTroubleTicketSpecificationRequestParameters,,创建工单规格请求参数,定义工单模板或分类规则的请求体。
CreateTroubleTicketSpecificationRequestParametersHeader,,创建工单规格请求头参数,对应 Header 定义。
Credential_FVO,,凭证,用于证明身份或权限的通用信息载体，如密码、令牌、证书等。
Credential_MVO,,凭证,用于证明身份或权限的通用信息载体，如密码、令牌、证书等。
CredentialRefOrValue_FVO,"The polymorphic attributes @type, @schemaLocation & @referredType are related to the Credential entity and not the CredentialRefOrValue class itself.",凭证引用或值,一个灵活的模型，既可以包含一个完整的凭证信息，也可以只包含对一个已存在凭证的引用。
CreditProfile_FVO,,信用档案,描述信用状况的通用模型，包括信用评分、风险评级等。
CreditProfile_MVO,,信用档案,描述信用状况的通用模型，包括信用评分、风险评级等。
DataAccessEndpoint_FVO,,数据访问端点,描述用于访问数据的网络端点地址和协议信息。
DataAccessEndpoint_MVO,,数据访问端点,描述用于访问数据的网络端点地址和协议信息。
DataExportCountry_FVO,,数据导出国家,在数据导出操作中，指定目标国家，通常与数据主权法规相关。
DataFilterMap_FVO,,数据过滤映射表,一组用于数据过滤的映射项集合。
DataFilterMap_MVO,,数据过滤映射表,一组用于数据过滤的映射项集合。
DataFilterMapItem_FVO,definition of a field used for filtering template with the associated attributes.,数据过滤映射项,过滤模板中的一个具体字段及其相关属性。
DataFilterMapItem_MVO,definition of a field used for filtering template with the associated attributes.,数据过滤映射项,过滤模板中的一个具体字段及其相关属性。
DataFilterTemplate_FVO,,数据过滤模板,定义一个用于数据筛选的模板。
DataFilterTemplate_MVO,,数据过滤模板,定义一个用于数据筛选的模板。
DayOfMonthRecurrence_FVO,,按月重复,定义了按月重复的计划，例如“每月15日上午10点”。
DayOfMonthRecurrence_MVO,,按月重复,定义了按月重复的计划，例如“每月15日上午10点”。
DayOfWeekRecurrence_FVO,,按周重复,定义了按周重复的计划，例如“每周一、周三上午9点”。
DayOfWeekRecurrence_MVO,,按周重复,定义了按周重复的计划，例如“每周一、周三上午9点”。
DCSProductOrderItem_FVO,An identified part of the order. A product order is decomposed into one or more order items.,DCS产品订单项,数字化客户自服务（DCS）场景下的产品订单项。
DeleteGeographicAddressRequestParameters,,删除地理地址请求参数,删除指定地理地址资源时使用的参数。
DeleteGeographicAddressRequestParametersHeader,,删除地理地址请求头参数,对应 Header 定义。
DeleteTroubleTicketRequestParameters,,删除故障工单请求参数,删除 TroubleTicket 资源的参数。
DeleteTroubleTicketRequestParametersHeader,,删除故障工单请求头参数,对应 Header 定义。
DeleteTroubleTicketSpecificationRequestParameters,,删除工单规格请求参数,删除 TroubleTicketSpecification 的参数。
DeleteTroubleTicketSpecificationRequestParametersHeader,,删除工单规格请求头参数,对应 Header 定义。
DigitalIdentity_FVO,,数字身份,个人、组织或设备在网络世界中的数字化标识，用于交互和认证。
DigitalIdentity_MVO,,数字身份,个人、组织或设备在网络世界中的数字化标识，用于交互和认证。
DocumentSpecificationRef_FVO,,文档规约引用,用于简要引用一个文档规约（模板）。
DocumentSpecificationRef_MVO,,文档规约引用,用于简要引用一个文档规约（模板）。
DocumentSpecificationRefOrValue_FVO,,文档规约引用或值,一个灵活的模型，既可以包含一个完整的文档规约信息，也可以只包含对一个已存在规约的引用。
DocumentSpecificationRefOrValue_MVO,,文档规约引用或值,一个灵活的模型，既可以包含一个完整的文档规约信息，也可以只包含对一个已存在规约的引用。
DongleCredential_FVO,,加密狗凭证,一种凭证类型，存储在物理硬件（加密狗）中。
DongleCredential_MVO,,加密狗凭证,一种凭证类型，存储在物理硬件（加密狗）中。
DpvContext_FVO,,DPV-上下文,W3C数据隐私词汇表中定义的、描述数据处理相关背景信息的模型。
DpvProcess_FVO,,DPV-处理过程,W3C数据隐私词汇表中定义的、描述一次完整数据处理过程的模型。
EmailContactMedium_FVO,,邮件联系方式,专门用于表示电子邮件地址的联系方式。
EmailContactMedium_MVO,,邮件联系方式,专门用于表示电子邮件地址的联系方式。
Entity_FVO,Base entity schema for use in TMForum Open-APIs. Property.,实体,所有TMForum API资源模型的基础，提供了像id和href这样的通用属性。
Entity_MVO,Base entity schema for use in TMForum Open-APIs. Property.,实体,所有TMForum API资源模型的基础，提供了像id和href这样的通用属性。
EntityRef_FVO,,实体引用,用来引用另一个独立实体（比如客户、产品）的摘要信息，通常只包含ID和链接（href），以避免数据重复。
EntityRef_MVO,,实体引用,用来引用另一个独立实体（比如客户、产品）的摘要信息，通常只包含ID和链接（href），以避免数据重复。
EntityRefOrValue_FVO,,实体引用或值,一个灵活的模型，既可以包含一个完整的实体信息，也可以只包含对一个已存在实体的引用。
EntityRefOrValue_MVO,,实体引用或值,一个灵活的模型，既可以包含一个完整的实体信息，也可以只包含对一个已存在实体的引用。
EntityRelationship_FVO,A uni-directionmal relationship from this entity to a target entity instance,实体关系,描述从一个实体到另一个实体的单向关系，并可以定义关系的类型。
EntityRelationship_MVO,A uni-directionmal relationship from this entity to a target entity instance,实体关系,描述从一个实体到另一个实体的单向关系，并可以定义关系的类型。
EntitySpecification_FVO,,实体规约,定义一个实体的模板，描述其通用的属性、关系和约束。
EntitySpecification_MVO,,实体规约,定义一个实体的模板，描述其通用的属性、关系和约束。
EntitySpecificationRelationship_FVO,"A migration, substitution, dependency or exclusivity relationship between/among entity specifications.",实体规约关系,定义实体规约（模板）之间的关系，如替代、依赖或排他关系。
EntitySpecificationRelationship_MVO,"A migration, substitution, dependency or exclusivity relationship between/among entity specifications.",实体规约关系,定义实体规约（模板）之间的关系，如替代、依赖或排他关系。
Event_FVO,,事件,描述系统中发生的某个具体事件的详细信息，例如“客户创建成功”事件。
Event_MVO,,事件,描述系统中发生的某个具体事件的详细信息，例如“客户创建成功”事件。
ExpressionSpecification_MVO,,表达式规约,用于定义意图表达式的模板。
Extensible_FVO_FVO,Base Extensible schema for use in TMForum Open-APIs - When used for in a schema it means that the Entity described by the schema  MUST be extended with the @type,可扩展实体,一个基础模型，允许在运行时通过@type字段动态指定其具体类型，从而实现多态和灵活扩展。
Extensible_MVO,Base Extensible schema for use in TMForum Open-APIs - When used for in a schema it means that the Entity described by the schema  MUST be extended with the @type,可扩展实体,一个基础模型，允许在运行时通过@type字段动态指定其具体类型，从而实现多态和灵活扩展。
ExternalIdentifier_FVO,,外部标识符,用于记录实体在其他外部系统中的ID或标识。
ExternalIdentifier_MVO,,外部标识符,用于记录实体在其他外部系统中的ID或标识。
FaxContactMedium_FVO,,传真联系方式,专门用于表示传真号码的联系方式。
FaxContactMedium_MVO,,传真联系方式,专门用于表示传真号码的联系方式。
Feature_FVO,,功能特性,描述产品或服务的一个具体功能或组成部分。
Feature_MVO,,功能特性,描述产品或服务的一个具体功能或组成部分。
FeatureRelationship_FVO,,功能特性关系,定义不同功能特性之间的关系，例如一个功能依赖另一个功能。
FeatureRelationship_MVO,,功能特性关系,定义不同功能特性之间的关系，例如一个功能依赖另一个功能。
FieldsParameter,,字段选择参数,"定义响应中要返回的字段，用于减少冗余（例如 ?fields=id,name,status）。"
FileTransferData_FVO,,文件传输数据,描述通过文件传输方式（如FTP）获取数据的相关信息。
FileTransferData_MVO,,文件传输数据,描述通过文件传输方式（如FTP）获取数据的相关信息。
FilterAssetGroup_FVO,,过滤资产组,一种资产组，通过一组过滤条件来定义其成员。
FilterAssetGroup_MVO,,过滤资产组,一种资产组，通过一组过滤条件来定义其成员。
FloatArrayCharacteristic_FVO,,浮点数组特征,Characteristic的具体实现，其值必须是浮点数数组。
FloatArrayCharacteristic_MVO,,浮点数组特征,Characteristic的具体实现，其值必须是浮点数数组。
FloatArrayCharacteristicValueSpecification_FVO,,浮点数组特征值规约,CharacteristicValueSpecification的具体实现，用于为浮点数组类型的特征值定义规则。
FloatArrayCharacteristicValueSpecification_MVO,,浮点数组特征值规约,CharacteristicValueSpecification的具体实现，用于为浮点数组类型的特征值定义规则。
FloatCharacteristic_FVO,,浮点数特征,Characteristic的具体实现，其值必须是浮点数。
FloatCharacteristic_MVO,,浮点数特征,Characteristic的具体实现，其值必须是浮点数。
FloatCharacteristicValueSpecification_FVO,,浮点数特征值规约,CharacteristicValueSpecification的具体实现，用于为浮点数类型的特征值定义规则。
FloatCharacteristicValueSpecification_MVO,,浮点数特征值规约,CharacteristicValueSpecification的具体实现，用于为浮点数类型的特征值定义规则。
GCProductOrderItem_FVO,General Context ProductOrderItem that can be used as a Domain Specialization Order Item or as a non-specialised OrderItem.,通用产品订单项,一种通用的产品订单项，既可以作为特定领域的订单项基类，也可以直接用作非专业化的订单项。
GeographicAddress_FVO,,地理地址,描述一个结构化的邮寄地址，包含国家、城市、街道、门牌号等信息。
GeographicAddress_MVO,,地理地址,描述一个结构化的邮寄地址，包含国家、城市、街道、门牌号等信息。
GeographicAddressContactMedium_FVO,,地址联系方式,专门用于表示邮寄地址的联系方式。
GeographicAddressContactMedium_MVO,,地址联系方式,专门用于表示邮寄地址的联系方式。
GeographicAddressIdParameter,,地理地址 ID 参数,唯一标识地理地址资源的参数。
GeographicAddressRef_FVO,Reference to a Geographic Address.,地理地址引用,用于简要引用一个结构化的地理地址。
GeographicAddressRef_MVO,Reference to a Geographic Address.,地理地址引用,用于简要引用一个结构化的地理地址。
GeographicAddressValidation_FVO,,地理地址验证,用于验证一个地理地址是否真实、准确、有效的操作请求。
GeographicAddressValidation_MVO,,地理地址验证,用于验证一个地理地址是否真实、准确、有效的操作请求。
GeographicAddressValidationNotificationPayload,,地理地址验证通知载荷,当地址验证结果产生时推送的事件载荷，包含验证状态与结果详情。
GeographicLocation_FVO,,地理位置,用经纬度等坐标信息来定义一个地理点或地理区域。
GeographicLocation_MVO,,地理位置,用经纬度等坐标信息来定义一个地理点或地理区域。
GeographicLocationRef_FVO,,地理位置引用,用于简要引用一个地理位置（坐标点或区域）。
GeographicLocationRef_MVO,,地理位置引用,用于简要引用一个地理位置（坐标点或区域）。
GeographicLocationRefOrValue_FVO,"The polymorphic attributes @type, @schemaLocation & @referredType are related to the GeographicLocation entity and not the GeographicLocationRefOrValue class itself",地理位置引用或值,一个灵活的模型，既可以包含一个完整的地理位置信息（值），也可以只包含对一个已存在地理位置的引用。
GeographicLocationRefOrValue_MVO,"The polymorphic attributes @type, @schemaLocation & @referredType are related to the GeographicLocation entity and not the GeographicLocationRefOrValue class itself",地理位置引用或值,一个灵活的模型，既可以包含一个完整的地理位置信息（值），也可以只包含对一个已存在地理位置的引用。
GeographicSite_FVO,,地理站点,描述一个具有物理边界的场地，例如一栋建筑、一个数据中心或一个基站。
GeographicSite_MVO,,地理站点,描述一个具有物理边界的场地，例如一栋建筑、一个数据中心或一个基站。
GeographicSiteFeature_FVO,,地理站点特征,描述地理站点的一个特定功能或属性，例如“有WiFi覆盖”。
GeographicSiteFeature_MVO,,地理站点特征,描述地理站点的一个特定功能或属性，例如“有WiFi覆盖”。
GeographicSiteRelationship_FVO,,地理站点关系,定义不同地理站点之间的关系，例如一个站点包含另一个站点。
GeographicSiteRelationship_MVO,,地理站点关系,定义不同地理站点之间的关系，例如一个站点包含另一个站点。
GeographicSubAddress_FVO,,地理子地址,描述一个完整地址内部的细分部分，例如楼层、公寓、房间号等。
GeographicSubAddress_MVO,,地理子地址,描述一个完整地址内部的细分部分，例如楼层、公寓、房间号等。
GeographicSubAddressUnit_FVO,,地理子地址单元,地址的更小单元，例如公寓号、楼层、单元号等。
GeographicSubAddressUnit_MVO,,地理子地址单元,地址的更小单元，例如公寓号、楼层、单元号等。
GeoJsonLineString_FVO,GeoJson LineString is a collection of points forming a connected line,地理线 (GeoJSON),GeoJSON标准格式：由一系列坐标点连接而成的线。
GeoJsonLineString_MVO,GeoJson LineString is a collection of points forming a connected line,地理线 (GeoJSON),GeoJSON标准格式：由一系列坐标点连接而成的线。
GeoJsonMultiLineString_FVO,GeoJson MultiLineString is a one or more GeoJSON LineStrings,地理多线 (GeoJSON),GeoJSON标准格式：由多条独立的线（LineString）组成的集合。
GeoJsonMultiLineString_MVO,GeoJson MultiLineString is a one or more GeoJSON LineStrings,地理多线 (GeoJSON),GeoJSON标准格式：由多条独立的线（LineString）组成的集合。
GeoJsonMultiPoint_FVO,GeoJson MultiPoint is a one or more GeoJSON points,地理多点 (GeoJSON),GeoJSON标准格式：由多个坐标点（Point）组成的集合。
GeoJsonMultiPoint_MVO,GeoJson MultiPoint is a one or more GeoJSON points,地理多点 (GeoJSON),GeoJSON标准格式：由多个坐标点（Point）组成的集合。
GeoJsonMultiPolygon_FVO,A GeoJson MultiPolygon is an array of polygons,地理多多边形 (GeoJSON),GeoJSON标准格式：由多个多边形（Polygon）组成的集合。
GeoJsonMultiPolygon_MVO,A GeoJson MultiPolygon is an array of polygons,地理多多边形 (GeoJSON),GeoJSON标准格式：由多个多边形（Polygon）组成的集合。
GeoJsonPoint_FVO,A GeoJsonPoint is a single point,地理点 (GeoJSON),GeoJSON标准格式：代表一个位置的单个坐标点。
GeoJsonPoint_MVO,A GeoJsonPoint is a single point,地理点 (GeoJSON),GeoJSON标准格式：代表一个位置的单个坐标点。
GeoJsonPolygon_FVO,A GeoJsonPolygon is an array of linear rings,地理多边形 (GeoJSON),GeoJSON标准格式：由一个或多个线性环（linear ring）组成的区域。
GeoJsonPolygon_MVO,A GeoJsonPolygon is an array of linear rings,地理多边形 (GeoJSON),GeoJSON标准格式：由一个或多个线性环（linear ring）组成的区域。
graph_FVO,,图谱 (JSON-LD),JSON-LD中的一个关键字，用于表示一组节点和边的集合。
graph_MVO,,图谱 (JSON-LD),JSON-LD中的一个关键字，用于表示一组节点和边的集合。
HourPeriod_FVO,,小时周期,表示一天中的一个时间段，例如“上午9点到下午5点”。
HourPeriod_MVO,,小时周期,表示一天中的一个时间段，例如“上午9点到下午5点”。
Hub_FVO,Sets the communication endpoint address the service instance must use to deliver notification information,事件订阅回调端点,用于设置一个接收通知的回调地址（URL）。当某个事件发生时，系统会向这个地址发送通知。
IdParameter,,ID 参数,通用的资源标识参数，用于 GET /{id}、DELETE /{id} 等接口。
Individual_FVO,,个人,描述一个自然人的详细信息，例如姓名、出生日期、国籍等。
Individual_MVO,,个人,描述一个自然人的详细信息，例如姓名、出生日期、国籍等。
IndividualIdentification_FVO,,个人标识,个人的身份证明文件信息，例如身份证号码、护照号码。
IndividualIdentification_MVO,,个人标识,个人的身份证明文件信息，例如身份证号码、护照号码。
IntegerArrayCharacteristic_FVO,,整数数组特征,Characteristic的具体实现，其值必须是整数数组。
IntegerArrayCharacteristic_MVO,,整数数组特征,Characteristic的具体实现，其值必须是整数数组。
IntegerArrayCharacteristicValueSpecification_FVO,,整数数组特征值规约,CharacteristicValueSpecification的具体实现，用于为整数数组类型的特征值定义规则。
IntegerArrayCharacteristicValueSpecification_MVO,,整数数组特征值规约,CharacteristicValueSpecification的具体实现，用于为整数数组类型的特征值定义规则。
IntegerCharacteristic_FVO,,整数特征,Characteristic的具体实现，其值必须是整数。
IntegerCharacteristic_MVO,,整数特征,Characteristic的具体实现，其值必须是整数。
IntegerCharacteristicValueSpecification_FVO,,整数特征值规约,CharacteristicValueSpecification的具体实现，用于为整数类型的特征值定义规则。
IntegerCharacteristicValueSpecification_MVO,,整数特征值规约,CharacteristicValueSpecification的具体实现，用于为整数类型的特征值定义规则。
Intent_FVO,,意图,描述一个期望达成的目标状态或业务目的，而不是具体的操作步骤。
Intent_MVO,,意图,描述一个期望达成的目标状态或业务目的，而不是具体的操作步骤。
IntentExpression_FVO,,意图表达式,用特定语言（如JSON-LD）来结构化地表达一个业务意图（Intent）。
IntentExpression_MVO,,意图表达式,用特定语言（如JSON-LD）来结构化地表达一个业务意图（Intent）。
IntentRef_FVO,"Intent reference, for when Intent is used by other entities",意图引用,用于简要引用一个业务或技术“意图”（即期望达到的目标状态）。
IntentRef_MVO,"Intent reference, for when Intent is used by other entities",意图引用,用于简要引用一个业务或技术“意图”（即期望达到的目标状态）。
IntentRefOrValue_FVO,Intent Ref (if Intent already exists) or Value (if Intent be created or its details be presented),意图引用或值,一个灵活的模型，既可以包含一个完整的意图信息（值），也可以只包含对一个已存在意图的引用。
IntentRefOrValue_MVO,Intent Ref (if Intent already exists) or Value (if Intent be created or its details be presented),意图引用或值,一个灵活的模型，既可以包含一个完整的意图信息（值），也可以只包含对一个已存在意图的引用。
IntentSpecification_FVO,,意图规约,意图的模板或蓝图，定义了一类意图的参数、目标和约束。
IntentSpecification_MVO,,意图规约,意图的模板或蓝图，定义了一类意图的参数、目标和约束。
IntentSpecificationRelationship_FVO,,意图规约关系,描述不同意图规约（模板）之间的关系。
IntentSpecificationRelationship_MVO,,意图规约关系,描述不同意图规约（模板）之间的关系。
ISO31661Alpha2StandardIdentifier_FVO,,ISO 3166-1 Alpha-2国家代码,一种标准标识符，用于表示符合ISO 3166-1 Alpha-2标准的两位字母国家代码，例如'CN'代表中国。
ISO31661Alpha2StandardIdentifier_MVO,,ISO 3166-1 Alpha-2国家代码,一种标准标识符，用于表示符合ISO 3166-1 Alpha-2标准的两位字母国家代码，例如'CN'代表中国。
JsonLdExpression_FVO,,JsonLd表达式,使用JSON-LD格式表示的意图表达式。
JsonLdExpression_MVO,,JsonLd表达式,使用JSON-LD格式表示的意图表达式。
JsonLdExpressionValue_FVO,Json LD expression value schema,JsonLd表达式值,使用JSON-LD格式表示的表达式的值。
JsonLdExpressionValue_MVO,Json LD expression value schema,JsonLd表达式值,使用JSON-LD格式表示的表达式的值。
JsonPatch_FVO,Path  structure,JSON补丁,遵循RFC 6902标准的一种格式，用于描述如何对一个JSON文档进行局部修改（如增加、替换、删除字段）。
JsonPatch_MVO,Path  structure,JSON补丁,遵循RFC 6902标准的一种格式，用于描述如何对一个JSON文档进行局部修改（如增加、替换、删除字段）。
JSONPathAssetGroup_FVO,,JSON路径资产组,一种资产组，通过JSONPath查询表达式来动态定义其成员。
JSONPathAssetGroup_MVO,,JSON路径资产组,一种资产组，通过JSONPath查询表达式来动态定义其成员。
LightGeographicAddress_FVO,,轻量地理地址,一个简化的地理地址模型，只包含最核心的字段。
LightGeographicAddress_MVO,,轻量地理地址,一个简化的地理地址模型，只包含最核心的字段。
LightGeographicSubAddress_FVO,,轻量地理子地址,一个简化的地理子地址模型，只包含最核心的字段。
LightGeographicSubAddress_MVO,,轻量地理子地址,一个简化的地理子地址模型，只包含最核心的字段。
LimitParameter,,限制数量参数,控制分页查询返回的最大记录数。
LineString_FVO,GeoJSON: A collection of Points forming a connected line,线 (GeoJSON),GeoJSON标准格式：由一系列坐标点连接而成的线。
LineString_MVO,GeoJSON: A collection of Points forming a connected line,线 (GeoJSON),GeoJSON标准格式：由一系列坐标点连接而成的线。
ListAssetGroup_FVO,,列表资产组,一种资产组，通过明确列出其成员的方式来定义。
ListAssetGroup_MVO,,列表资产组,一种资产组，通过明确列出其成员的方式来定义。
ListGeographicAddressGeographicSubAddressRequestParameters,,列出子地址请求参数,查询地理子地址（如楼层、单元号）的参数。
ListGeographicAddressGeographicSubAddressRequestParametersHeader,,列出子地址请求头参数,对应 Header 定义。
ListGeographicAddressRequestParameters,,列出地理地址请求参数,查询地址列表时的过滤与分页参数。
ListGeographicAddressRequestParametersHeader,,列出地理地址请求头参数,对应 Header 定义。
ListGeographicAddressValidationRequestParameters,,列出地址验证请求参数,查询已提交的地址验证记录。
ListGeographicAddressValidationRequestParametersHeader,,列出地址验证请求头参数,对应 Header 定义。
ListTroubleTicketRequestParameters,,列出故障工单请求参数,查询 TroubleTicket 列表的分页与过滤条件。
ListTroubleTicketRequestParametersHeader,,列出故障工单请求头参数,对应 Header 定义。
ListTroubleTicketSpecificationRequestParameters,,列出工单规格请求参数,查询 TroubleTicket 规格列表的参数。
ListTroubleTicketSpecificationRequestParametersHeader,,列出工单规格请求头参数,对应 Header 定义。
LogicalResource_FVO,,逻辑资源,描述一个非物理的、抽象的资源，例如IP地址或软件许可证。
LogicalResource_MVO,,逻辑资源,描述一个非物理的、抽象的资源，例如IP地址或软件许可证。
LogicalResourceRole_FVO,Logic Resource Role,逻辑资源角色,一个逻辑资源在特定上下文中扮演的角色。
LogicalResourceRole_MVO,Logic Resource Role,逻辑资源角色,一个逻辑资源在特定上下文中扮演的角色。
LoginPasswordCredential_FVO,,登录密码凭证,一种凭证类型，由用户名和密码组成。
LoginPasswordCredential_MVO,,登录密码凭证,一种凭证类型，由用户名和密码组成。
ManagementJob_FVO,,管理任务,一个通用的管理任务模型，是其他具体任务（如度量采集任务）的基类。
ManagementJob_MVO,,管理任务,一个通用的管理任务模型，是其他具体任务（如度量采集任务）的基类。
MapArrayCharacteristicValueSpecification_FVO,,映射表数组特征值规约,CharacteristicValueSpecification的具体实现，用于为映射表数组类型的特征值定义规则。
MapArrayCharacteristicValueSpecification_MVO,,映射表数组特征值规约,CharacteristicValueSpecification的具体实现，用于为映射表数组类型的特征值定义规则。
MapCharacteristicValueSpecification_FVO,,映射表特征值规约,CharacteristicValueSpecification的具体实现，用于为映射表（键值对）类型的特征值定义规则。
MapCharacteristicValueSpecification_MVO,,映射表特征值规约,CharacteristicValueSpecification的具体实现，用于为映射表（键值对）类型的特征值定义规则。
MeasurementCollectionJob_FVO,,度量采集任务,定义一个用于采集性能度量数据的任务。
MeasurementCollectionJob_MVO,,度量采集任务,定义一个用于采集性能度量数据的任务。
MeasurementJob_FVO,,度量任务,一个通用的度量任务模型，是度量采集任务的基类。
MeasurementJob_MVO,,度量任务,一个通用的度量任务模型，是度量采集任务的基类。
MonitoredClassCriteria_FVO,,被监控分类标准,定义筛选需要被监控的对象类别的标准。
MonitoredInstancesCriteria_FVO,,被监控实例标准,定义筛选需要被监控的具体对象实例的标准。
MonthlyScheduleDayOfWeekDefinition_FVO,,按月计划-周定义,在按月重复的计划中，具体定义在哪一周的星期几执行。
MonthlyScheduleDayOfWeekDefinition_MVO,,按月计划-周定义,在按月重复的计划中，具体定义在哪一周的星期几执行。
MultiLineString_FVO,GeoJSON: A collection of distinct LineStrings,多线 (GeoJSON),GeoJSON标准格式：由多条独立的线（LineString）组成的集合。
MultiLineString_MVO,GeoJSON: A collection of distinct LineStrings,多线 (GeoJSON),GeoJSON标准格式：由多条独立的线（LineString）组成的集合。
MultiPoint_FVO,GeoJSON: A collection of Points,多点 (GeoJSON),GeoJSON标准格式：由多个坐标点（Point）组成的集合。
MultiPoint_MVO,GeoJSON: A collection of Points,多点 (GeoJSON),GeoJSON标准格式：由多个坐标点（Point）组成的集合。
MultiPolygon_FVO,GeoJSON: A collection of Polygons,多多边形 (GeoJSON),GeoJSON标准格式：由多个多边形（Polygon）组成的集合。
MultiPolygon_MVO,GeoJSON: A collection of Polygons,多多边形 (GeoJSON),GeoJSON标准格式：由多个多边形（Polygon）组成的集合。
NetworkCredential_FVO,,网络凭证,一种凭证类型，用于访问网络资源。
NetworkCredential_MVO,,网络凭证,一种凭证类型，用于访问网络资源。
Note_FVO,,备注,用于给实体添加文本备注信息，通常包含作者和创建时间。
Note_MVO,,备注,用于给实体添加文本备注信息，通常包含作者和创建时间。
NumberArrayCharacteristic_FVO,,数字数组特征,Characteristic的具体实现，其值必须是数字数组。
NumberArrayCharacteristic_MVO,,数字数组特征,Characteristic的具体实现，其值必须是数字数组。
NumberArrayCharacteristicValueSpecification_FVO,,数字数组特征值规约,CharacteristicValueSpecification的具体实现，用于为数字数组类型的特征值定义规则。
NumberArrayCharacteristicValueSpecification_MVO,,数字数组特征值规约,CharacteristicValueSpecification的具体实现，用于为数字数组类型的特征值定义规则。
NumberCharacteristic_FVO,,数字特征,Characteristic的具体实现，其值必须是数字。
NumberCharacteristic_MVO,,数字特征,Characteristic的具体实现，其值必须是数字。
NumberCharacteristicValueSpecification_FVO,,数字特征值规约,CharacteristicValueSpecification的具体实现，用于为数字类型的特征值定义规则。
NumberCharacteristicValueSpecification_MVO,,数字特征值规约,CharacteristicValueSpecification的具体实现，用于为数字类型的特征值定义规则。
OAuth2ClientCredential_FVO,,OAuth2客户端凭证,客户端应用在OAuth 2.0授权流程中用于向授权服务器进行身份验证的凭证。
OAuth2ClientCredential_MVO,,OAuth2客户端凭证,客户端应用在OAuth 2.0授权流程中用于向授权服务器进行身份验证的凭证。
ObjectArrayCharacteristic_FVO,,对象数组特征,Characteristic的具体实现，其值必须是对象数组。
ObjectArrayCharacteristic_MVO,,对象数组特征,Characteristic的具体实现，其值必须是对象数组。
ObjectArrayCharacteristicValueSpecification_FVO,,对象数组特征值规约,CharacteristicValueSpecification的具体实现，用于为对象数组类型的特征值定义规则。
ObjectArrayCharacteristicValueSpecification_MVO,,对象数组特征值规约,CharacteristicValueSpecification的具体实现，用于为对象数组类型的特征值定义规则。
ObjectCharacteristic_FVO,,对象特征,Characteristic的具体实现，其值是一个复杂的对象。
ObjectCharacteristic_MVO,,对象特征,Characteristic的具体实现，其值是一个复杂的对象。
ObjectCharacteristicValueSpecification_FVO,,对象特征值规约,CharacteristicValueSpecification的具体实现，用于为对象类型的特征值定义规则。
ObjectCharacteristicValueSpecification_MVO,,对象特征值规约,CharacteristicValueSpecification的具体实现，用于为对象类型的特征值定义规则。
OffsetParameter,,偏移量参数,控制分页查询起始位置（例如 ?offset=20）。
OpenGatewayOrderItemRelationship_FVO,,OGW订单项关系,Open Gateway场景下，订单项之间的关系。
OrderItemRelationship_FVO,,订单项关系,描述订单中不同订单项之间的关系，例如依赖关系。
Organization_FVO,,组织,描述一个组织或公司的详细信息，例如名称、类型、法律地位等。
Organization_MVO,,组织,描述一个组织或公司的详细信息，例如名称、类型、法律地位等。
OrganizationChildRelationship_FVO,,子组织关系,描述一个组织与其子组织（如子公司）之间的关系。
OrganizationChildRelationship_MVO,,子组织关系,描述一个组织与其子组织（如子公司）之间的关系。
OrganizationIdentification_FVO,,组织标识,组织的身份证明文件信息，例如营业执照号码。
OrganizationIdentification_MVO,,组织标识,组织的身份证明文件信息，例如营业执照号码。
OrganizationParentRelationship_FVO,,父组织关系,描述一个组织与其父组织（如母公司）之间的关系。
OrganizationParentRelationship_MVO,,父组织关系,描述一个组织与其父组织（如母公司）之间的关系。
OrganizationRef_FVO,,组织引用,用于简要引用一个组织。
OrganizationRef_MVO,,组织引用,用于简要引用一个组织。
OtherNameOrganization_FVO,,组织曾用名,记录一个组织的其他名称，例如曾用名或商号。
OtherNameOrganization_MVO,,组织曾用名,记录一个组织的其他名称，例如曾用名或商号。
Party_FVO,,参与方,表示一个独立的实体，可以是一个人（Individual）或一个组织（Organization）。
Party_MVO,,参与方,表示一个独立的实体，可以是一个人（Individual）或一个组织（Organization）。
PartyCreditProfile_FVO,,参与方信用档案,记录一个参与方（个人或组织）的信用信息，如信用评分和有效期。
PartyCreditProfile_MVO,,参与方信用档案,记录一个参与方（个人或组织）的信用信息，如信用评分和有效期。
PartyOrPartyRole_FVO,,参与方或角色,一个灵活的模型，既可以表示一个参与方（Party），也可以表示其扮演的角色（PartyRole）。
PartyOrPartyRole_MVO,,参与方或角色,一个灵活的模型，既可以表示一个参与方（Party），也可以表示其扮演的角色（PartyRole）。
PartyRef_FVO,A Party reference,参与方引用,用于简要引用一个参与方（个人或组织）的信息，通常只包含ID和链接。
PartyRef_MVO,A Party reference,参与方引用,用于简要引用一个参与方（个人或组织）的信息，通常只包含ID和链接。
PartyRefOrPartyRoleRef_FVO,,参与方或角色引用,一个灵活的模型，既可以用来引用一个参与方（Party），也可以引用一个参与方角色（PartyRole）。
PartyRefOrPartyRoleRef_MVO,,参与方或角色引用,一个灵活的模型，既可以用来引用一个参与方（Party），也可以引用一个参与方角色（PartyRole）。
PartyRole_FVO,,参与方角色,描述一个参与方（Party）在特定业务场景下扮演的角色，例如“客户”、“账单联系人”。
PartyRole_MVO,,参与方角色,描述一个参与方（Party）在特定业务场景下扮演的角色，例如“客户”、“账单联系人”。
PartyRoleRef_FVO,,参与方角色引用,用于简要引用一个参与方所扮演的角色（如客户、供应商），通常只包含ID和链接。
PartyRoleRef_MVO,,参与方角色引用,用于简要引用一个参与方所扮演的角色（如客户、供应商），通常只包含ID和链接。
PartyRoleSpecificationRef_FVO,Party role specification reference. A party role specification gives additional details on the part played by a party in a given context.,参与方角色规约引用,用于简要引用一个参与方角色的模板或定义（规约）。
PartyRoleSpecificationRef_MVO,Party role specification reference. A party role specification gives additional details on the part played by a party in a given context.,参与方角色规约引用,用于简要引用一个参与方角色的模板或定义（规约）。
PatchGeographicAddressRequestParameters,,更新地理地址请求参数,修改地理地址部分属性（如坐标或名称）。
PatchGeographicAddressRequestParametersHeader,,更新地理地址请求头参数,对应 Header 定义。
PatchGeographicAddressValidationRequestParameters,,更新地址验证请求参数,修改验证状态或备注。
PatchGeographicAddressValidationRequestParametersHeader,,更新地址验证请求头参数,对应 Header 定义。
PatchTroubleTicketRequestParameters,,更新故障工单请求参数,修改 TroubleTicket（如状态、负责人）的部分字段。
PatchTroubleTicketRequestParametersHeader,,更新故障工单请求头参数,对应 Header 定义。
PatchTroubleTicketSpecificationRequestParameters,,更新工单规格请求参数,修改 TroubleTicketSpecification 部分属性。
PatchTroubleTicketSpecificationRequestParametersHeader,,更新工单规格请求头参数,对应 Header 定义。
PaymentMethodRef_FVO,PaymentMethod reference. A payment method defines a specific mean of payment (e.g direct debit).,支付方式引用,用于简要引用一种支付方式，例如信用卡、直接借记。
PaymentMethodRef_MVO,PaymentMethod reference. A payment method defines a specific mean of payment (e.g direct debit).,支付方式引用,用于简要引用一种支付方式，例如信用卡、直接借记。
PaymentRef_FVO,"If an immediate payment has been done at the product order submission, the payment information are captured and stored (as a reference) in the order.",支付引用,用于简要引用一笔支付记录。
PaymentRef_MVO,"If an immediate payment has been done at the product order submission, the payment information are captured and stored (as a reference) in the order.",支付引用,用于简要引用一笔支付记录。
PerformanceIndicatorGroupSpecification_FVO,,性能指标组规约,性能指标组的模板，定义了一组相关联的性能指标。
PerformanceIndicatorGroupSpecification_MVO,,性能指标组规约,性能指标组的模板，定义了一组相关联的性能指标。
PerformanceIndicatorSpecification_FVO,,性能指标规约,性能指标（KPI）的模板，定义了指标的计算方法、单位、阈值等。
PerformanceIndicatorSpecification_MVO,,性能指标规约,性能指标（KPI）的模板，定义了指标的计算方法、单位、阈值等。
PerformanceIndicatorSpecificationRef_FVO,,性能指标规约引用,用于简要引用一个性能指标规约（模板）。
PerformanceIndicatorSpecificationRef_MVO,,性能指标规约引用,用于简要引用一个性能指标规约（模板）。
PerformanceIndicatorSpecificationRefOrValue_FVO,"A product to be created defined by value or existing defined by reference. The polymorphic attributes @type, @schemaLocation & @referredType are related to the product entity and not the RelatedProductRefOrValue class itself",性能指标规约引用或值,一个灵活的模型，既可以包含一个完整的性能指标规约信息，也可以只包含对一个已存在规约的引用。
PerformanceIndicatorSpecificationRefOrValue_MVO,"A product to be created defined by value or existing defined by reference. The polymorphic attributes @type, @schemaLocation & @referredType are related to the product entity and not the RelatedProductRefOrValue class itself",性能指标规约引用或值,一个灵活的模型，既可以包含一个完整的性能指标规约信息，也可以只包含对一个已存在规约的引用。
PerformanceIndicatorSpecRelationship_FVO,,性能指标规约关系,定义不同性能指标规约之间的关系。
PerformanceIndicatorSpecRelationship_MVO,,性能指标规约关系,定义不同性能指标规约之间的关系。
Permission_FVO,,权限,描述一个允许执行的、单一的原子操作。
Permission_MVO,,权限,描述一个允许执行的、单一的原子操作。
PermissionSet_FVO,,权限集,一组权限的集合，可以方便地赋给某个角色。
PermissionSet_MVO,,权限集,一组权限的集合，可以方便地赋给某个角色。
PermissionSpecification_FVO,,权限规约,定义一个具体权限的模板，描述该权限的名称、范围和约束。
PermissionSpecification_MVO,,权限规约,定义一个具体权限的模板，描述该权限的名称、范围和约束。
PermissionSpecificationRef_FVO,"A PermissionSpecificationRef defines a permissible action (e.g. read, write) on some function, where a function can be an entity class name or some specific functionality.",权限规约引用,用于简要引用一个权限规约（模板）。
PermissionSpecificationRef_MVO,"A PermissionSpecificationRef defines a permissible action (e.g. read, write) on some function, where a function can be an entity class name or some specific functionality.",权限规约引用,用于简要引用一个权限规约（模板）。
PermissionSpecificationRefOrValue_FVO,"Related Entity reference. A related PermissionSpecification defines a PermissionSpecification described by reference or by value linked to a specific entity. The polymorphic attributes @type, @schemaLocation & @referredType are related to the PermissionSpecification entity and not the PermissionSpecificationRefOrValue class itself",权限规约引用或值,一个灵活的模型，既可以包含一个完整的权限规约信息，也可以只包含对一个已存在规约的引用。
PermissionSpecificationRefOrValue_MVO,"Related Entity reference. A related PermissionSpecification defines a PermissionSpecification described by reference or by value linked to a specific entity. The polymorphic attributes @type, @schemaLocation & @referredType are related to the PermissionSpecification entity and not the PermissionSpecificationRefOrValue class itself",权限规约引用或值,一个灵活的模型，既可以包含一个完整的权限规约信息，也可以只包含对一个已存在规约的引用。
PermissionSpecificationSet_FVO,,权限规约集,一组权限规约的集合，可以方便地赋给某个角色规约。
PermissionSpecificationSet_MVO,,权限规约集,一组权限规约的集合，可以方便地赋给某个角色规约。
PhoneContactMedium_FVO,,电话联系方式,专门用于表示电话号码的联系方式。
PhoneContactMedium_MVO,,电话联系方式,专门用于表示电话号码的联系方式。
Place_FVO,,地点,描述一个地点的完整信息，可以是地理地址、地理位置坐标或其他任何形式的地点。
Place_MVO,Place reference.,地点,描述一个地点的完整信息，可以是地理地址、地理位置坐标或其他任何形式的地点。
PlaceRef_FVO,Place reference.,地点引用,用于简要引用一个地点（如地理位置、地址）。
PlaceRef_MVO,Place reference.,地点引用,用于简要引用一个地点（如地理位置、地址）。
PlaceRefOrValue_FVO,"The polymorphic attributes @type, @schemaLocation & @referredType are related to the Place entity and not the PlaceRefOrValue class itself",地点引用或值,一个灵活的模型，既可以包含一个完整的地点信息（值），也可以只包含对一个已存在地点的引用。
PlaceRefOrValue_MVO,"The polymorphic attributes @type, @schemaLocation & @referredType are related to the Place entity and not the PlaceRefOrValue class itself",地点引用或值,一个灵活的模型，既可以包含一个完整的地点信息（值），也可以只包含对一个已存在地点的引用。
Point_FVO,GeoJSON: A single position,点 (GeoJSON),GeoJSON标准格式：代表一个位置的单个坐标点。
Point_MVO,GeoJSON: A single position,点 (GeoJSON),GeoJSON标准格式：代表一个位置的单个坐标点。
PolicyRef_FVO_FVO,,策略引用,用于简要引用一个策略规则（如折扣策略、安全策略）。
PolicyRef_MVO,,策略引用,用于简要引用一个策略规则（如折扣策略、安全策略）。
Polygon_FVO,GeoJSON: An array of linear rings,多边形 (GeoJSON),GeoJSON标准格式：由一个或多个线性环（linear ring）组成的区域。
Polygon_MVO,GeoJSON: An array of linear rings,多边形 (GeoJSON),GeoJSON标准格式：由一个或多个线性环（linear ring）组成的区域。
Price_FVO,,价格,描述一个价格的详细信息，可能包含一次性费用、周期性费用、税费等。
Price_MVO,,价格,描述一个价格的详细信息，可能包含一次性费用、周期性费用、税费等。
PriceAlteration_FVO,,价格变更,描述对一个基础价格的修改，例如折扣、附加费或价格覆盖。
PriceAlteration_MVO,,价格变更,描述对一个基础价格的修改，例如折扣、附加费或价格覆盖。
ProbeIntent_FVO,"An Probe Intent instance is the formal description of all expectations including requirements, goals, and constraints given to a technical system",探测意图,一种特殊的意图，用于探测或测试系统的状态和能力。
ProbeIntent_MVO,"An Probe Intent instance is the formal description of all expectations including requirements, goals, and constraints given to a technical system",探测意图,一种特殊的意图，用于探测或测试系统的状态和能力。
ProcessFlow_FVO,,流程,描述一个业务流程的步骤、顺序和逻辑。
ProcessFlow_MVO,,流程,描述一个业务流程的步骤、顺序和逻辑。
ProcessFlowSpecificationRef_FVO,A reference to a ProcessFlowSpecification defined design-time,流程规约引用,用于简要引用一个预先定义好的流程模板。
ProcessFlowSpecificationRef_MVO,A reference to a ProcessFlowSpecification defined design-time,流程规约引用,用于简要引用一个预先定义好的流程模板。
Producer_FVO,,生产商,特指在业务关系中作为产品或服务生产商的参与方（Party）。
Producer_MVO,,生产商,特指在业务关系中作为产品或服务生产商的参与方（Party）。
Product_FVO,,产品,描述一个客户已订购并正在使用的具体产品实例。
Product_MVO,,产品,描述一个客户已订购并正在使用的具体产品实例。
ProductOfferingPriceRef_FVO,,产品价格引用,用于简要引用产品目录（Product Offering）中的一个价格或价格计划。
ProductOfferingPriceRef_MVO,,产品价格引用,用于简要引用产品目录（Product Offering）中的一个价格或价格计划。
ProductOfferingRef_FVO,,产品目录引用,用于简要引用一个可供销售的产品规格或套餐（即产品目录中的一项）。
ProductOfferingRef_MVO,,产品目录引用,用于简要引用一个可供销售的产品规格或套餐（即产品目录中的一项）。
ProductOfferingTermOrCondition_FVO,,产品目录条款,与某个可销售产品（Product Offering）相关的具体条款和条件。
ProductOfferingTermOrConditionApproval_FVO,Approval entity for the ProductOfferingTermOrCondition. Exists when Terms or Conditions are approved.,产品目录条款审批,对产品目录条款的审批记录。
ProductOfferingTermOrConditionSpecRef_FVO,,产品目录条款规约引用,用于简要引用一个产品目录条款的规约（模板）。
ProductOrderItemDelete_FVO,,删除产品订单项,用于表示删除一个产品订单项的动作或请求。
ProductPrice_FVO,,产品价格,描述一个产品实例的价格信息，包括基础价格和各种价格变更。
ProductPrice_MVO,,产品价格,描述一个产品实例的价格信息，包括基础价格和各种价格变更。
ProductRef_FVO,A Product reference,产品引用,用于简要引用一个已售出的具体产品实例。
ProductRef_MVO,A Product reference,产品引用,用于简要引用一个已售出的具体产品实例。
ProductRefOrValue_FVO,"The polymorphic attributes @type, @schemaLocation & @referredType are related to the Product entity and not the ProductRefOrValue class itself",产品引用或值,一个灵活的模型，既可以包含一个完整的产品实例信息（值），也可以只包含对一个已存在产品的引用。
ProductRefOrValue_MVO,"The polymorphic attributes @type, @schemaLocation & @referredType are related to the Product entity and not the ProductRefOrValue class itself",产品引用或值,一个灵活的模型，既可以包含一个完整的产品实例信息（值），也可以只包含对一个已存在产品的引用。
ProductRelationship_FVO,,产品关系,描述不同产品实例之间的关系，例如一个产品是另一个产品的附加组件。
ProductRelationship_MVO,,产品关系,描述不同产品实例之间的关系，例如一个产品是另一个产品的附加组件。
ProductSpecificationRef_FVO,,产品规格引用,用于简要引用一个产品规格（Product Specification），即产品的设计蓝图或模板。
ProductSpecificationRef_MVO,,产品规格引用,用于简要引用一个产品规格（Product Specification），即产品的设计蓝图或模板。
ProductTerm_FVO,,产品条款,描述与产品相关的条款和条件，例如合同期限、使用限制等。
ProductTerm_MVO,,产品条款,描述与产品相关的条款和条件，例如合同期限、使用限制等。
ProjectedCost_FVO,,预计成本,对未来某项活动或资源使用的成本估算。
ProjectedCost_MVO,,预计成本,对未来某项活动或资源使用的成本估算。
ProjectedCostItem_FVO,,预计成本项,构成总预计成本的一个具体项目。
ProtocolTransferData_FVO,,协议传输数据,描述通过特定协议（如HTTP）获取数据的相关信息。
ProtocolTransferData_MVO,,协议传输数据,描述通过特定协议（如HTTP）获取数据的相关信息。
QueryFilters,,查询过滤参数,定义通用过滤条件，例如按状态、时间段、类型过滤结果。
QueryFiltersHeader,,查询过滤头参数,对应 HTTP Header 中传递的过滤条件（如 X-Query-Filter）。
RatedCdr_FVO,An occurrence of employing a cdr for its intended purpose with all rating details,已计费通信详单,经过计费引擎处理后，带有费用信息的通信详单记录（CDR）。
RatedCdr_MVO,An occurrence of employing a cdr for its intended purpose with all rating details,已计费通信详单,经过计费引擎处理后，带有费用信息的通信详单记录（CDR）。
Reference_MVO,Reference schema .,引用,一个通用的引用模型，包含ID和链接（href）。
RelatedContactMedium_FVO,,关联联系方式,描述与当前实体相关的联系方式，并定义两者间的关系。
RelatedEntity_FVO,,关联实体,描述与当前实体相关的另一个实体，并定义两者间的关系。
RelatedEntity_MVO,,关联实体,描述与当前实体相关的另一个实体，并定义两者间的关系。
RelatedEntityRefOrValue_FVO,,关联实体引用或值,一个灵活的模型，既可以包含一个完整的关联实体信息，也可以只包含对一个已存在实体的引用。
RelatedEntityRefOrValue_MVO,,关联实体引用或值,一个灵活的模型，既可以包含一个完整的关联实体信息，也可以只包含对一个已存在实体的引用。
RelatedOrderItem_FVO,,关联订单项,描述订单项之间的关系，例如一个订单项依赖于另一个。
RelatedOrderItem_MVO,,关联订单项,描述订单项之间的关系，例如一个订单项依赖于另一个。
RelatedPartyOrPartyRole_FVO,,关联参与方或角色,用于描述与当前实体相关的某个参与方或其角色，并定义他们之间的关系。
RelatedPartyOrPartyRole_MVO,,关联参与方或角色,用于描述与当前实体相关的某个参与方或其角色，并定义他们之间的关系。
RelatedPartyRefOrPartyRoleRef_FVO,,关联参与方或角色引用,用于引用与当前实体相关的某个参与方或其角色，并能定义他们之间的关系类型（例如“联系人”）。
RelatedPartyRefOrPartyRoleRef_MVO,,关联参与方或角色引用,用于引用与当前实体相关的某个参与方或其角色，并能定义他们之间的关系类型（例如“联系人”）。
RelatedPlaceRef_FVO,,关联地点引用,用于简要引用一个与当前实体相关的地点。
RelatedPlaceRef_MVO,,关联地点引用,用于简要引用一个与当前实体相关的地点。
RelatedPlaceRefOrValue_FVO,,关联地点引用或值,用于描述一个与当前实体相关的地点，并可以定义两者间的关系类型。可以包含完整地点信息或引用。
RelatedPlaceRefOrValue_MVO,,关联地点引用或值,用于描述一个与当前实体相关的地点，并可以定义两者间的关系类型。可以包含完整地点信息或引用。
RelatedResourceOrderItem_FVO,,关联资源订单项,描述资源订单中不同订单项之间的关系。
RelatedResourceOrderItem_MVO,,关联资源订单项,描述资源订单中不同订单项之间的关系。
RelatedSecurityPrincipalRef_FVO,,关联安全主体引用,用于简要引用一个相关的安全主体（如用户、用户组）。
RequestChannel,,请求通道,指明请求来源（如 Web、API、内部系统），用于审计或多渠道集成。
RequestHeaders,,请求头集合,定义所有标准化请求头字段，如 Content-Type、Authorization 等。
Resource_FVO,,资源,描述一个用于交付服务的物理或非物理资产，如设备、网络端口或软件。
Resource_MVO,,资源,描述一个用于交付服务的物理或非物理资产，如设备、网络端口或软件。
ResourceRef_FVO,"Resource reference, for when Resource is used by other entities.",资源引用,用于简要引用一个物理或非物理资源（如网络设备、端口、软件）。
ResourceRef_MVO,"Resource reference, for when Resource is used by other entities.",资源引用,用于简要引用一个物理或非物理资源（如网络设备、端口、软件）。
ResourceRefOrValue_FVO,"The polymorphic attributes @type, @schemaLocation & @referredType are related to the Resource entity and not the ResourceRefOrValue class itself",资源引用或值,一个灵活的模型，既可以包含一个完整的资源信息（值），也可以只包含对一个已存在资源的引用。
ResourceRefOrValue_MVO,"The polymorphic attributes @type, @schemaLocation & @referredType are related to the Resource entity and not the ResourceRefOrValue class itself",资源引用或值,一个灵活的模型，既可以包含一个完整的资源信息（值），也可以只包含对一个已存在资源的引用。
ResourceRelationship_FVO,,资源关系,描述不同资源之间的关系，例如一个资源包含另一个资源。
ResourceRelationship_MVO,,资源关系,描述不同资源之间的关系，例如一个资源包含另一个资源。
ResourceSpecificationRef_FVO,,资源规格引用,用于简要引用一个资源规格（Resource Specification），即资源的设计蓝图或模板。
ResourceSpecificationRef_MVO,,资源规格引用,用于简要引用一个资源规格（Resource Specification），即资源的设计蓝图或模板。
RetrieveGeographicAddressGeographicSubAddressRequestParameters,,获取子地址请求参数,查询单个子地址信息。
RetrieveGeographicAddressGeographicSubAddressRequestParametersHeader,,获取子地址请求头参数,对应 Header 定义。
RetrieveGeographicAddressRequestParameters,,获取地理地址请求参数,按 ID 查询单个地理地址详情。
RetrieveGeographicAddressRequestParametersHeader,,获取地理地址请求头参数,对应 Header 定义。
RetrieveGeographicAddressValidationRequestParameters,,获取地址验证请求参数,查询特定验证请求的结果。
RetrieveGeographicAddressValidationRequestParametersHeader,,获取地址验证请求头参数,对应 Header 定义。
RetrieveTroubleTicketRequestParameters,,获取故障工单请求参数,根据 ID 获取 TroubleTicket 详情。
RetrieveTroubleTicketRequestParametersHeader,,获取故障工单请求头参数,对应 Header 定义。
RetrieveTroubleTicketSpecificationRequestParameters,,获取工单规格请求参数,查询 TroubleTicketSpecification 详情。
RetrieveTroubleTicketSpecificationRequestParametersHeader,,获取工单规格请求头参数,对应 Header 定义。
ScheduleDefinition_FVO,,计划定义,定义一个任务或活动的执行计划，例如执行频率、开始和结束时间。
ScheduleDefinition_MVO,,计划定义,定义一个任务或活动的执行计划，例如执行频率、开始和结束时间。
ServiceRef_FVO,"Service reference, for when Service is used by other entities.",服务引用,用于简要引用一个客户正在使用的具体服务实例（如宽带服务）。
ServiceRef_MVO,"Service reference, for when Service is used by other entities.",服务引用,用于简要引用一个客户正在使用的具体服务实例（如宽带服务）。
ServiceSpecificationRef_FVO,,服务规格引用,用于简要引用一个服务规格（Service Specification），即服务的设计蓝图或模板。
ServiceSpecificationRef_MVO,,服务规格引用,用于简要引用一个服务规格（Service Specification），即服务的设计蓝图或模板。
SetAssetGroup_FVO,,集合资产组,一种资产组，通过数学集合的方式来定义其成员。
SetAssetGroup_MVO,,集合资产组,一种资产组，通过数学集合的方式来定义其成员。
SimpleAttachment_FVO,,简单附件,标准附件（Attachment）模型的一个简化版本。
SocialContactMedium_FVO,,社交媒体联系方式,专门用于表示社交媒体账号的联系方式，如Twitter、微信等。
SocialContactMedium_MVO,,社交媒体联系方式,专门用于表示社交媒体账号的联系方式，如Twitter、微信等。
StandardIdentifier_FVO,,标准标识符,一个标准的、全球唯一的标识符，例如ISBN（书籍）、UPC（商品）。
StandardIdentifier_MVO,,标准标识符,一个标准的、全球唯一的标识符，例如ISBN（书籍）、UPC（商品）。
StatusChange_FVO,,状态变更,描述一次状态变更的详细信息，包括变更原因和备注。
StatusChange_MVO,,状态变更,描述一次状态变更的详细信息，包括变更原因和备注。
StatusCode200Header,,状态码 200 响应头,表示请求成功时的响应头定义。
StatusCode201Header,,状态码 201 响应头,表示资源成功创建时的响应头定义。
StatusCode204Header,,状态码 204 响应头,表示请求成功但无内容返回。
StatusCode400Header,,状态码 400 响应头,表示客户端请求无效（Bad Request）。
StatusCode401Header,,状态码 401 响应头,表示认证失败或缺失。
StatusCode403Header,,状态码 403 响应头,表示用户权限不足。
StatusCode404Header,,状态码 404 响应头,表示请求的资源不存在。
StatusCode405Header,,状态码 405 响应头,表示请求使用了不允许的 HTTP 方法。
StatusCode409Header,,状态码 409 响应头,表示资源冲突（如重复创建或状态不符）。
StatusCode500Header,,状态码 500 响应头,表示服务器内部错误。
StatusCode501Header,,状态码 501 响应头,表示未实现的功能（Not Implemented）。
StatusCode503Header,,状态码 503 响应头,表示服务不可用（Service Unavailable）。
StringArrayCharacteristic_FVO,,字符串数组特征,Characteristic的具体实现，其值必须是字符串数组。
StringArrayCharacteristic_MVO,,字符串数组特征,Characteristic的具体实现，其值必须是字符串数组。
StringArrayCharacteristicValueSpecification_FVO,,字符串数组特征值规约,CharacteristicValueSpecification的具体实现，用于为字符串数组类型的特征值定义规则。
StringArrayCharacteristicValueSpecification_MVO,,字符串数组特征值规约,CharacteristicValueSpecification的具体实现，用于为字符串数组类型的特征值定义规则。
StringCharacteristic_FVO,,字符串特征,Characteristic的具体实现，其值必须是字符串。
StringCharacteristic_MVO,,字符串特征,Characteristic的具体实现，其值必须是字符串。
StringCharacteristicValueSpecification_FVO,,字符串特征值规约,CharacteristicValueSpecification的具体实现，用于为字符串类型的特征值定义规则。
StringCharacteristicValueSpecification_MVO,,字符串特征值规约,CharacteristicValueSpecification的具体实现，用于为字符串类型的特征值定义规则。
Supplier_FVO,When business partner is the Supplier,供应商,特指在业务关系中作为供应商的参与方（Party）。
Supplier_MVO,When business partner is the Supplier,供应商,特指在业务关系中作为供应商的参与方（Party）。
TargetEntitySchema_FVO,The reference object to the schema and type of target entity which is described by a specification,目标实体结构,描述规约所定义的目标实体的结构（Schema）和类型（Type）。
TargetEntitySchema_MVO,The reference object to the schema and type of target entity which is described by a specification,目标实体结构,描述规约所定义的目标实体的结构（Schema）和类型（Type）。
TargetProductSchema_FVO,The reference object to the schema and type of target product which is described by product specification,目标产品结构,描述产品规格所定义的目标产品的结构（Schema）和类型（Type）。
TargetProductSchema_MVO,The reference object to the schema and type of target product which is described by product specification,目标产品结构,描述产品规格所定义的目标产品的结构（Schema）和类型（Type）。
TaskFlow_FVO,,任务流,构成一个业务流程的一系列自动化或人工任务的序列。
TaskFlow_MVO,,任务流,构成一个业务流程的一系列自动化或人工任务的序列。
TaskFlowRef_FVO,,任务流引用,用于简要引用一个任务流。
TaskFlowRef_MVO,,任务流引用,用于简要引用一个任务流。
TaskFlowRelationship_FVO,Describes relationship between taskFlow,任务流关系,描述不同任务流之间的关系。
TaskFlowRelationship_MVO,Describes relationship between taskFlow,任务流关系,描述不同任务流之间的关系。
TaskFlowSpecificationRef_FVO,A reference to a TaskFlowSpecification defined design-time,任务流规约引用,用于简要引用一个预先定义好的任务流模板。
TaskFlowSpecificationRef_MVO,A reference to a TaskFlowSpecification defined design-time,任务流规约引用,用于简要引用一个预先定义好的任务流模板。
TaxDefinition_FVO,,税收定义,定义一种税收的详细信息，例如税种、税率。
TaxDefinition_MVO,,税收定义,定义一种税收的详细信息，例如税种、税率。
TaxExemptionCertificate_FVO,,免税证明,描述一个客户的免税资格证明信息。
TaxExemptionCertificate_MVO,,免税证明,描述一个客户的免税资格证明信息。
TokenCredential_FVO,,令牌凭证,一种凭证类型，使用安全令牌（Token）进行认证，例如OAuth令牌。
TokenCredential_MVO,,令牌凭证,一种凭证类型，使用安全令牌（Token）进行认证，例如OAuth令牌。
TrackingRecord_FVO,,跟踪记录,用于记录实体（如订单、故障单）在处理过程中的状态变更和操作历史。
TrackingRecord_MVO,,跟踪记录,用于记录实体（如订单、故障单）在处理过程中的状态变更和操作历史。
TroubleTicket_FVO,,故障单,用于报告和跟踪服务故障、客户投诉或其他问题的记录。
TroubleTicket_MVO,,故障单,用于报告和跟踪服务故障、客户投诉或其他问题的记录。
TroubleTicketNotificationPayload,,故障工单通知载荷,当工单创建、状态变更或关闭时推送的事件载荷。
TroubleTicketRelationship_FVO,,故障单关系,描述不同故障单之间的关系，例如重复或关联关系。
TroubleTicketRelationship_MVO,,故障单关系,描述不同故障单之间的关系，例如重复或关联关系。
TroubleTicketSpecification_FVO,,故障单规约,故障单的模板，定义了一类故障单的通用属性和处理规则。
TroubleTicketSpecification_MVO,,故障单规约,故障单的模板，定义了一类故障单的通用属性和处理规则。
TroubleTicketSpecificationNotificationPayload,,工单规格通知载荷,当工单规格定义变更时推送的事件载荷。
TroubleTicketSpecificationRef_FVO,,故障单规约引用,用于简要引用一个故障单的规约（模板）。
TroubleTicketSpecificationRef_MVO,,故障单规约引用,用于简要引用一个故障单的规约（模板）。
TurtleExpression_FVO,,Turtle表达式,使用Turtle格式表示的意图表达式。
TurtleExpression_MVO,,Turtle表达式,使用Turtle格式表示的意图表达式。
WebFormContactMedium_FVO,,网页表单联系方式,一种联系方式，通过提交网页表单进行联系。
WebFormContactMedium_MVO,,网页表单联系方式,一种联系方式，通过提交网页表单进行联系。
XResultCountHeader,,当前页记录数头,返回当前分页响应的记录条数。
XTotalCountHeader,,总记录数头,返回所有匹配条件的总记录数。
AdjustBalance_FVO,,余额调整,对账户余额进行一次手动的增加或减少操作。
AdjustBalance_MVO,,余额调整,对账户余额进行一次手动的增加或减少操作。
AppliedBillingTaxRate_FVO,,已应用计费税率,记录在计费过程中实际应用到账单上的税率。
AppliedBillingTaxRate_MVO,,已应用计费税率,记录在计费过程中实际应用到账单上的税率。
AppliedCustomerBillingRate_FVO,,已应用客户计费费率,记录在计费过程中实际应用到客户账单上的费率。
AppliedCustomerBillingRate_MVO,,已应用客户计费费率,记录在计费过程中实际应用到客户账单上的费率。
AppliedPayment_MVO,The applied payment is the result of lettering process. It enables to assign automatically or manually part of incoming payment amount to a bill.,已应用付款,记录一笔付款与账单或费用项进行核销匹配的结果。
AppointmentRef_FVO,,预约引用,用于简要引用一个预约记录，例如上门安装服务预约。
AppointmentRef_MVO,,预约引用,用于简要引用一个预约记录，例如上门安装服务预约。
AttachmentValue_FVO,,附件值,表示附件的实际内容或数据，而不是一个链接或引用。
AttachmentValue_MVO,,附件值,表示附件的实际内容或数据，而不是一个链接或引用。
Authorization_FVO,,授权,描述一次授权操作的记录，例如用户授权应用访问其数据。
BalanceAction_FVO,,余额操作,对账户余额执行的一个通用操作，如充值、调整、预留等。
BalanceAction_MVO,,余额操作,对账户余额执行的一个通用操作，如充值、调整、预留等。
BalanceActionRef_FVO,link to the resource that holds balance-related request information,余额操作引用,用于简要引用一个与余额相关的操作请求。
BalanceActionRef_MVO,link to the resource that holds balance-related request information,余额操作引用,用于简要引用一个与余额相关的操作请求。
BillCycle_FVO,,计费周期,一个具体的计费周期实例，例如“2025年9月账期”。
BillCycle_MVO,,计费周期,一个具体的计费周期实例，例如“2025年9月账期”。
BillCycleRef_FVO,,计费周期引用,用于简要引用一个具体的计费周期实例。
BillCycleRef_MVO,,计费周期引用,用于简要引用一个具体的计费周期实例。
BillCycleSpecificationRef_FVO,,计费周期规约引用,用于简要引用一个计费周期规约（模板）。
BillCycleSpecificationRef_MVO,,计费周期规约引用,用于简要引用一个计费周期规约（模板）。
Bucket_FVO,,资源桶 / 流量包,表示一定数量的非货币性资源余额，例如套餐内的通话分钟数或数据流量。
Bucket_MVO,,资源桶 / 流量包,表示一定数量的非货币性资源余额，例如套餐内的通话分钟数或数据流量。
BucketCounter_FVO,,资源桶计数器,描述资源桶（流量包）中资源的具体数值，如总量、余量等。
BucketCounter_MVO,,资源桶计数器,描述资源桶（流量包）中资源的具体数值，如总量、余量等。
BucketRef_FVO,,资源桶引用,用于简要引用一个资源桶（例如流量包、分钟数包）。
BucketRef_MVO,,资源桶引用,用于简要引用一个资源桶（例如流量包、分钟数包）。
BucketRefOrValue_FVO,"A bucket (called UsageVolumProduct in the SID Model) represents and tracks a quantity of usage (remaining or consumed). It could be either a quantity or an amount in a currency. It can represent a fixed number of SMS, MMS, call minutes, quantity of data and so on",资源桶引用或值,一个灵活的模型，既可以包含一个完整的资源桶信息（值），也可以只包含对一个已存在资源桶的引用。
BucketRefOrValue_MVO,"A bucket (called UsageVolumProduct in the SID Model) represents and tracks a quantity of usage (remaining or consumed). It could be either a quantity or an amount in a currency. It can represent a fixed number of SMS, MMS, call minutes, quantity of data and so on",资源桶引用或值,一个灵活的模型，既可以包含一个完整的资源桶信息（值），也可以只包含对一个已存在资源桶的引用。
BucketRelationship_FVO,,资源桶关系,描述不同资源桶之间的关系，例如共享关系。
BucketRelationship_MVO,,资源桶关系,描述不同资源桶之间的关系，例如共享关系。
BucketSpecification_FVO,,资源桶规约,资源桶的模板，定义了其类型（如数据流量、通话分钟）、容量和规则。
BucketSpecification_MVO,,资源桶规约,资源桶的模板，定义了其类型（如数据流量、通话分钟）、容量和规则。
BucketSpecificationRef_FVO,"Bucket specification reference. A bucket specification gives additional details on the bucket in a given context, e.g. voice minutes, data, prepaid balance, digital wallet.",资源桶规约引用,用于简要引用一个资源桶的规约（模板），该规约定义了资源桶的类型（如通话分钟、数据流量）和属性。
BucketSpecificationRef_MVO,"Bucket specification reference. A bucket specification gives additional details on the bucket in a given context, e.g. voice minutes, data, prepaid balance, digital wallet.",资源桶规约引用,用于简要引用一个资源桶的规约（模板），该规约定义了资源桶的类型（如通话分钟、数据流量）和属性。
BucketSpecificationRelationship_FVO,,资源桶规约关系,描述不同资源桶规约（模板）之间的关系。
BucketSpecificationRelationship_MVO,,资源桶规约关系,描述不同资源桶规约（模板）之间的关系。
BundledGroupProductOffering_FVO,,组合包产品目录,描述产品目录中一个组的概念，用于对组合产品进行分组。
BundledGroupProductOfferingOption_FVO,,组合包产品选项,描述组合产品中某个分组的选项。
BundledProductOffering_FVO,,组合产品目录,一种可销售的产品，它由多个其他产品目录捆绑而成，例如“宽带+电话”套餐。
BundledProductOfferingOption_FVO,,组合产品选项,定义了组合产品（套餐）中包含的可选或必选项目的数量范围。
CancelProductOrder_FVO,,取消产品订单,描述一个取消产品订单的请求。
CancelProductOrder_MVO,,取消产品订单,描述一个取消产品订单的请求。
CancelProductOrderNotificationPayload,,产品订单取消通知载荷,当产品订单被取消时推送的事件通知。
CancelProductOrderRef_FVO,A reference to an existing Product Order Cancel request,产品订单取消引用,用于简要引用一个已存在的产品订单取消请求。
CancelProductOrderRef_MVO,A reference to an existing Product Order Cancel request,产品订单取消引用,用于简要引用一个已存在的产品订单取消请求。
CartItem_FVO,,购物车项,购物车中的一个具体商品或服务。
CartItem_MVO,,购物车项,购物车中的一个具体商品或服务。
CartItemRelationship_FVO,,购物车项关系,描述购物车中不同项目之间的关系，例如捆绑关系。
CartItemRelationship_MVO,,购物车项关系,描述购物车中不同项目之间的关系，例如捆绑关系。
CartPrice_FVO,,购物车价格,购物车中所有商品的总价，包括折扣、税费等。
CartPrice_MVO,,购物车价格,购物车中所有商品的总价，包括折扣、税费等。
CartTerm_FVO,,购物车条款,与购物车中商品或服务相关的条款和条件。
CartTerm_MVO,,购物车条款,与购物车中商品或服务相关的条款和条件。
CheckProductConfiguration_FVO,,检查产品配置,（同步）用于检查和验证一个产品配置是否有效的操作请求。
CheckProductConfigurationItem_FVO,,检查产品配置项,（同步）检查产品配置请求中的一个具体项目。
ConfigurationAction_FVO,,配置动作,在产品配置过程中需要执行的动作。
ConfigurationCharacteristic_FVO,,配置特征,产品配置中的一个具体特征或属性。
ConfigurationCharacteristicRelationship_FVO,,配置特征关系,描述配置中不同特征之间的关系。
ConfigurationCharacteristicValue_FVO,,配置特征值,某个配置特征的具体取值。
ConfigurationPrice_FVO,,配置价格,某个特定产品配置的价格信息。
ConfigurationTerm_FVO,,配置条款,与某个特定产品配置相关的条款和条件。
CreateCancelProductOrderRequestParameters,,创建取消订单请求参数,提交取消订单请求时的输入结构。
CreateCancelProductOrderRequestParametersHeader,,创建取消订单请求头参数,对应 Header 定义。
CreateCustomerBillOnDemandRequestParameters,,创建按需账单请求参数,客户主动触发账单生成的请求参数。
CreateCustomerBillOnDemandRequestParametersHeader,,创建按需账单请求头参数,对应 Header 定义。
CreateCustomerRequestParameters,,创建客户请求参数,创建 Customer 资源的请求体结构。
CreateCustomerRequestParametersHeader,,创建客户请求头参数,对应 Header 定义。
CreateProductOrderRequestParameters,,创建产品订单请求参数,创建 ProductOrder 时的请求体。
CreateProductOrderRequestParametersHeader,,创建产品订单请求头参数,对应 Header 定义。
Customer_FVO,,客户,描述一个购买或使用产品/服务的个人或组织，是Party在销售场景下的一个角色。
Customer_MVO,,客户,描述一个购买或使用产品/服务的个人或组织，是Party在销售场景下的一个角色。
CustomerBill_FVO,,客户账单,向客户提供的、关于其产品和服务消费的正式费用清单。
CustomerBill_MVO,,客户账单,向客户提供的、关于其产品和服务消费的正式费用清单。
CustomerBillNotificationPayload,,客户账单通知载荷,客户账单（CustomerBill）创建、修改或支付状态变更的通知载荷。
CustomerBillOnDemand_FVO,,按需客户账单,在常规计费周期之外，根据客户请求生成的账单。
CustomerBillOnDemand_MVO,,按需客户账单,在常规计费周期之外，根据客户请求生成的账单。
CustomerBillOnDemandNotificationPayload,,按需账单通知载荷,当账单按需生成完成时的事件通知。
CustomerNotificationPayload,,客户通知载荷,当客户创建、更新或删除时推送的事件载荷。
DeleteCustomerRequestParameters,,删除客户请求参数,删除客户的输入参数结构。
DeleteCustomerRequestParametersHeader,,删除客户请求头参数,对应 Header 定义。
DeleteProductOrderRequestParameters,,删除产品订单请求参数,删除 ProductOrder 的参数结构。
DeleteProductOrderRequestParametersHeader,,删除产品订单请求头参数,对应 Header 定义。
ErrorMessage_FVO,,错误消息,用于在批量操作中报告单个操作的错误信息。
ErrorMessage_MVO,,错误消息,用于在批量操作中报告单个操作的错误信息。
Expression_FVO,,表达式,用于以结构化方式表示一个意图。
Expression_MVO,,表达式,用于以结构化方式表示一个意图。
ImpactedBucket_FVO,,受影响的资源桶,在一次操作中，受到影响的资源桶。
ImpactedBucket_MVO,,受影响的资源桶,在一次操作中，受到影响的资源桶。
ImpactedBucketItem_FVO,,受影响的资源桶项,在一次操作中，资源桶内受影响的具体项目或计数器。
ImpactedBucketItem_MVO,,受影响的资源桶项,在一次操作中，资源桶内受影响的具体项目或计数器。
ItemRef_FVO,,项目引用,一个通用的、用于简要引用某个项目的模型。
JeopardyAlert_FVO,,风险告警,当某个流程或订单（如SLA）有无法按时完成的风险时触发的告警。
JeopardyAlert_MVO,,风险告警,当某个流程或订单（如SLA）有无法按时完成的风险时触发的告警。
ListAppliedCustomerBillingRateRequestParameters,,列出客户计费费率请求参数,查询客户应用费率（AppliedBillingRate）记录。
ListAppliedCustomerBillingRateRequestParametersHeader,,列出客户计费费率请求头参数,对应 Header 定义。
ListBillCycleRequestParameters,,列出账单周期请求参数,查询账单周期（BillCycle）资源的参数。
ListBillCycleRequestParametersHeader,,列出账单周期请求头参数,对应 Header 定义。
ListCancelProductOrderRequestParameters,,列出取消订单请求参数,查询取消订单列表的分页与过滤参数。
ListCancelProductOrderRequestParametersHeader,,列出取消订单请求头参数,对应 Header 定义。
ListCustomerBillOnDemandRequestParameters,,列出按需账单请求参数,查询按需账单任务记录。
ListCustomerBillOnDemandRequestParametersHeader,,列出按需账单请求头参数,对应 Header 定义。
ListCustomerBillRequestParameters,,列出客户账单请求参数,查询客户账单（CustomerBill）列表的参数。
ListCustomerBillRequestParametersHeader,,列出客户账单请求头参数,对应 Header 定义。
ListCustomerRequestParameters,,列出客户请求参数,查询客户列表的分页与过滤条件。
ListCustomerRequestParametersHeader,,列出客户请求头参数,对应 Header 定义。
ListProductOrderRequestParameters,,列出产品订单请求参数,用于查询产品订单（ProductOrder）列表时的过滤、排序和分页参数定义。
ListProductOrderRequestParametersHeader,,列出产品订单请求头参数,对应列表查询接口的 HTTP Header 定义，如版本号、授权信息等。
LogicalResourceRef_FVO,,逻辑资源引用,用于简要引用一个逻辑资源实例（如IP地址、软件许可证）。
LogicalResourceRef_MVO,,逻辑资源引用,用于简要引用一个逻辑资源实例（如IP地址、软件许可证）。
LoyaltyAccountRef_FVO,Reference to a loyalty account.,忠诚度账户引用,用于简要引用一个客户忠诚度计划的账户（如积分账户）。
LoyaltyAccountRef_MVO,Reference to a loyalty account.,忠诚度账户引用,用于简要引用一个客户忠诚度计划的账户（如积分账户）。
Milestone_FVO,,里程碑,标记订单或流程处理过程中的一个关键时间点或状态。
Milestone_MVO,,里程碑,标记订单或流程处理过程中的一个关键时间点或状态。
OrderItemRelationship_MVO,,订单项关系,描述订单中不同订单项之间的关系，例如依赖关系。
OrderPrice_FVO,,订单价格,描述订单的总价信息，包括各项费用、税费和折扣。
OrderPrice_MVO,,订单价格,描述订单的总价信息，包括各项费用、税费和折扣。
OrderRelationship_FVO,,订单关系,描述不同订单之间的关系，例如拆分或合并关系。
OrderRelationship_MVO,,订单关系,描述不同订单之间的关系，例如拆分或合并关系。
OrderTerm_FVO,,订单条款,描述与订单相关的具体条款和条件，例如付款条款、交付条款等。
OrderTerm_MVO,,订单条款,描述与订单相关的具体条款和条件，例如付款条款、交付条款等。
PartyRoleProductOfferingRiskAssessment_FVO,,参与方角色产品目录风险评估,针对某个参与方角色与特定产品目录的交互进行的风险评估。
PartyRoleRiskAssessment_FVO,,参与方角色风险评估,对某个参与方角色（如新客户）进行的风险评估。
PatchCustomerBillRequestParameters,,更新客户账单请求参数,用于部分更新客户账单（CustomerBill）的信息，如状态、备注等。
PatchCustomerBillRequestParametersHeader,,更新客户账单请求头参数,与 PATCH /customerBill API 对应的 Header 定义。
PatchCustomerRequestParameters,,更新客户请求参数,用于更新客户（Customer）资源的部分字段，如联系方式、等级等。
PatchCustomerRequestParametersHeader,,更新客户请求头参数,对应 PATCH 操作的 HTTP Header 定义。
PatchProductOrderRequestParameters,,更新产品订单请求参数,用于修改产品订单（ProductOrder）的状态、项目信息或附加说明。
PatchProductOrderRequestParametersHeader,,更新产品订单请求头参数,对应 PATCH /productOrder API 的 Header 定义。
PaymentMethod_FVO,,支付方式,定义一种具体的支付方式及其详细信息，例如信用卡、银行转账等。
PaymentMethod_MVO,,支付方式,定义一种具体的支付方式及其详细信息，例如信用卡、银行转账等。
ProductConfiguration_FVO,,产品配置,为某个客户定制的一套完整的产品属性、规则和服务的组合。
ProductConfigurationItemRelationship_FVO,,产品配置项关系,描述产品配置中不同配置项之间的关系。
ProductOfferingQualificationItemRef_FVO,,产品可提供性资格查询项引用,用于简要引用一次资格查询中的具体项目。
ProductOfferingQualificationItemRef_MVO,,产品可提供性资格查询项引用,用于简要引用一次资格查询中的具体项目。
ProductOfferingQualificationRef_FVO,A productOfferingQualification that has been executed previously,产品可提供性资格查询引用,用于简要引用一次产品可提供性资格查询（POQ）的结果。
ProductOfferingQualificationRef_MVO,A productOfferingQualification that has been executed previously,产品可提供性资格查询引用,用于简要引用一次产品可提供性资格查询（POQ）的结果。
ProductOfferingRiskAssessment_FVO,,产品目录风险评估,与特定可销售产品相关的风险评估。
ProductOrder_FVO,,产品订单,客户用于订购产品或服务的请求，包含了订单项、价格、客户信息等。
ProductOrder_MVO,,产品订单,客户用于订购产品或服务的请求，包含了订单项、价格、客户信息等。
ProductOrderErrorMessage_FVO,,产品订单错误消息,描述在处理产品订单的某个环节中发生的具体错误信息。
ProductOrderErrorMessage_MVO,,产品订单错误消息,描述在处理产品订单的某个环节中发生的具体错误信息。
ProductOrderItem_FVO,,产品订单项,产品订单中的一个具体项目，描述了要对哪个产品执行何种操作（如新增、修改）。
ProductOrderItem_MVO,,产品订单项,产品订单中的一个具体项目，描述了要对哪个产品执行何种操作（如新增、修改）。
ProductOrderJeopardyAlert_FVO,,产品订单风险告警,当一个产品订单有无法按时完成的风险时触发的告警。
ProductOrderJeopardyAlert_MVO,,产品订单风险告警,当一个产品订单有无法按时完成的风险时触发的告警。
ProductOrderMilestone_FVO,,产品订单里程碑,标记产品订单处理过程中的一个关键时间点或状态。
ProductOrderMilestone_MVO,,产品订单里程碑,标记产品订单处理过程中的一个关键时间点或状态。
ProductOrderNotificationPayload,,产品订单通知载荷,当产品订单创建、修改、取消或完成时，用于推送事件的标准通知结构。
ProductOrderRiskAssessment_FVO,,产品订单风险评估,对一个产品订单进行的风险评估，例如欺诈风险检测。
QueryProductConfiguration_FVO,,查询产品配置,（异步）用于查询或验证一个产品配置的操作请求，通常用于更复杂的场景。
QueryProductConfigurationItem_FVO,,查询产品配置项,（异步）查询产品配置请求中的一个具体项目。
Quote_FVO,,报价单,为客户提供产品或服务的价格估算，通常在正式下单前生成。
Quote_MVO,,报价单,为客户提供产品或服务的价格估算，通常在正式下单前生成。
QuoteItem_FVO,,报价项,报价单中的一个具体项目，通常对应一个可销售产品。
QuoteItemRef_FVO,,报价项引用,用于简要引用报价单中的一个具体项目。
QuoteItemRef_MVO,,报价项引用,用于简要引用报价单中的一个具体项目。
QuoteItemRelationship_FVO,,报价项关系,描述报价单中不同项目之间的关系。
QuotePrice_FVO,,报价价格,描述报价单中的价格信息，包括各项费用、税费和折扣。
QuoteRef_FVO,Quote reference. It's a Quote that has been executed previously.,报价引用,用于简要引用一个之前已生成的报价单。
QuoteRef_MVO,Quote reference. It's a Quote that has been executed previously.,报价引用,用于简要引用一个之前已生成的报价单。
RelatedPlace_MVO,,关联地点,描述与当前实体相关的地点，并定义两者间的关系。
ReserveBalance_FVO,,余额预留,为将来的交易预先冻结或保留一部分账户余额的操作。
ReserveBalance_MVO,,余额预留,为将来的交易预先冻结或保留一部分账户余额的操作。
ReserveBalanceRef_FVO,"The ReserveBalance resource allows adjustments to be made to the original BalanceTopup eg increment the amount, alter the recharge periodicity",预留余额引用,用于引用一个预留余额操作，该操作可以对原始充值进行调整。
ReserveBalanceRef_MVO,"The ReserveBalance resource allows adjustments to be made to the original BalanceTopup eg increment the amount, alter the recharge periodicity",预留余额引用,用于引用一个预留余额操作，该操作可以对原始充值进行调整。
RetrieveAppliedCustomerBillingRateRequestParameters,,获取客户应用费率请求参数,根据 ID 查询客户适用费率（AppliedCustomerBillingRate）详情的参数结构。
RetrieveAppliedCustomerBillingRateRequestParametersHeader,,获取客户应用费率请求头参数,对应 Header 定义。
RetrieveBillCycleRequestParameters,,获取账单周期请求参数,查询账单周期（BillCycle）对象详情的请求参数。
RetrieveBillCycleRequestParametersHeader,,获取账单周期请求头参数,对应 Header 定义。
RetrieveCancelProductOrderRequestParameters,,获取取消订单请求参数,根据 ID 查询取消产品订单（CancelProductOrder）的详细信息。
RetrieveCancelProductOrderRequestParametersHeader,,获取取消订单请求头参数,对应 Header 定义。
RetrieveCustomerBillOnDemandRequestParameters,,获取按需账单请求参数,查询客户主动生成的账单任务详情。
RetrieveCustomerBillOnDemandRequestParametersHeader,,获取按需账单请求头参数,对应 Header 定义。
RetrieveCustomerBillRequestParameters,,获取客户账单请求参数,根据账单 ID 查询账单详情。
RetrieveCustomerBillRequestParametersHeader,,获取客户账单请求头参数,对应 Header 定义。
RetrieveCustomerRequestParameters,,获取客户请求参数,根据客户 ID 查询客户资源详情。
RetrieveCustomerRequestParametersHeader,,获取客户请求头参数,对应 Header 定义。
RetrieveProductOrderRequestParameters,,获取产品订单请求参数,查询特定产品订单的详细信息。
RetrieveProductOrderRequestParametersHeader,,获取产品订单请求头参数,对应 Header 定义。
RiskAssessment_FVO,,风险评估,识别、分析和评估潜在风险的过程或记录。
ShoppingCart_FVO,,购物车,临时存放客户意向购买商品或服务的容器，是生成订单的前一步。
ShoppingCart_MVO,,购物车,临时存放客户意向购买商品或服务的容器，是生成订单的前一步。
ShoppingCartRiskAssessment_FVO,,购物车风险评估,对购物车内容进行的风险评估，例如在结算前进行欺诈检测。
StateReason_FVO,,状态原因,为某个特定状态提供更详细的原因说明或代码。
TaxItem_FVO,,税项,描述一笔费用中的具体税项信息，如税种和税额。
TaxItem_MVO,,税项,描述一笔费用中的具体税项信息，如税种和税额。
TopupBalance_FVO,,余额充值,向账户余额中增加资金或单位（如流量）的操作。
TopupBalance_MVO,,余额充值,向账户余额中增加资金或单位（如流量）的操作。
TransferBalance_FVO,,余额转移,将余额从一个账户/资源桶转移到另一个的操作。
TransferBalance_MVO,,余额转移,将余额从一个账户/资源桶转移到另一个的操作。
GeographicAddressValue_FVO,,地理地址值,一个完整的地理地址信息（非引用）。
GeographicAddressValue_MVO,,地理地址值,一个完整的地理地址信息（非引用）。
GeographicLocationValue_FVO,,地理位置值,一个完整的地理位置信息（非引用）。
GeographicLocationValue_MVO,,地理位置值,一个完整的地理位置信息（非引用）。
GeographicSubAddressValue_FVO,,地理子地址值,一个完整的地理子地址信息（非引用）。
GeographicSubAddressValue_MVO,,地理子地址值,一个完整的地理子地址信息（非引用）。
MarketingCampaignRef_FVO,MarketingCampaign reference. Marketing campaign represents the carrier-initiated marketing activity which aims at the better recognition about its brand and offerings by the market,营销活动引用,用于简要引用一个市场营销活动。
MarketingCampaignRef_MVO,MarketingCampaign reference. Marketing campaign represents the carrier-initiated marketing activity which aims at the better recognition about its brand and offerings by the market,营销活动引用,用于简要引用一个市场营销活动。
MarketSegmentRef_FVO,"provides references to the corresponding market segment as target of product offerings. A market segment is grouping of Parties, GeographicAreas, SalesChannels, and so forth.",细分市场引用,用于简要引用一个细分市场，即产品所面向的特定客户群体、区域或渠道的组合。
MarketSegmentRef_MVO,"provides references to the corresponding market segment as target of product offerings. A market segment is grouping of Parties, GeographicAreas, SalesChannels, and so forth.",细分市场引用,用于简要引用一个细分市场，即产品所面向的特定客户群体、区域或渠道的组合。
ProductValue_FVO,,产品值,一个完整的产品实例信息（非引用）。
ProductValue_MVO,,产品值,一个完整的产品实例信息（非引用）。
RelatedPartyWithContactInfo_FVO,,带联系方式的关联方,一个关联方，其信息中包含了具体的联系方式。
RelatedPartyWithContactInfo_MVO,,带联系方式的关联方,一个关联方，其信息中包含了具体的联系方式。
SalesLead_FVO,A Sales Lead is the identification of a person or organization that has an interest in the goods and/or services provided in the prospect of them becoming Customers with one or more Subscriptions.,销售线索,对产品或服务表现出兴趣的潜在客户（个人或组织）的初步信息记录。
SalesLead_MVO,A Sales Lead is the identification of a person or organization that has an interest in the goods and/or services provided in the prospect of them becoming Customers with one or more Subscriptions.,销售线索,对产品或服务表现出兴趣的潜在客户（个人或组织）的初步信息记录。
SalesLeadRef_MVO,,销售线索引用,用于简要引用一个销售线索。
SalesOpportunity_FVO,"An opportunity represents a confirmed interest on a product you plan to sale. Once the Opportunity is created, some salesTasks can be done by sales team members, in order to turn the opportunity into a sale",销售机会,一个经过初步确认、有较高成交可能性的销售线索，销售团队会在此基础上跟进。
SalesOpportunity_MVO,"An opportunity represents a confirmed interest on a product you plan to sale. Once the Opportunity is created, some salesTasks can be done by sales team members, in order to turn the opportunity into a sale",销售机会,一个经过初步确认、有较高成交可能性的销售线索，销售团队会在此基础上跟进。
SalesOpportunityItem_FVO,,销售机会项,销售机会中涉及的一个具体产品或服务。
SalesOpportunityItem_MVO,,销售机会项,销售机会中涉及的一个具体产品或服务。
SalesOpportunityRef_FVO,Sales Opportunity is an 'opportunity' to generate revenue from a Sales Account or Sales Lead. Opportunities are the pending deals that need to be tracked and on which Sales Team plans and executes Sales Activities (Events and Tasks).,销售机会引用,用于简要引用一个销售机会。
SalesOpportunityRef_MVO,Sales Opportunity is an 'opportunity' to generate revenue from a Sales Account or Sales Lead. Opportunities are the pending deals that need to be tracked and on which Sales Team plans and executes Sales Activities (Events and Tasks).,销售机会引用,用于简要引用一个销售机会。
SalesTaskRef_MVO,,销售任务引用,用于简要引用一个分配给销售人员的具体任务。
AllowedProductAction_FVO,,允许的产品动作,定义了对一个给定产品所允许执行的操作，例如“新增”、“修改”、“删除”。
AllowedProductAction_MVO,,允许的产品动作,定义了对一个给定产品所允许执行的操作，例如“新增”、“修改”、“删除”。
AlternateProductOfferingProposal_MVO,,备选产品建议,当客户请求的产品无法提供时，系统推荐的替代产品方案。
BundledGroupProductOffering_MVO,,组合包产品目录,描述产品目录中一个组的概念，用于对组合产品进行分组。
BundledGroupProductOfferingOption_MVO,,组合包产品选项,描述组合产品中某个分组的选项。
BundledProductOffering_MVO,,组合产品目录,一种可销售的产品，它由多个其他产品目录捆绑而成，例如“宽带+电话”套餐。
BundledProductOfferingOption_MVO,,组合产品选项,定义了组合产品（套餐）中包含的可选或必选项目的数量范围。
BundledProductOfferingPriceRelationship_FVO,,组合产品价格关系,描述组合产品（套餐）中不同价格部分之间的关系。
BundledProductOfferingPriceRelationship_MVO,,组合产品价格关系,描述组合产品（套餐）中不同价格部分之间的关系。
BundledProductSpecification_FVO,,组合产品规格,组合产品（套餐）的设计蓝图或模板，定义了其包含的子产品规格和组合规则。
BundledProductSpecification_MVO,,组合产品规格,组合产品（套餐）的设计蓝图或模板，定义了其包含的子产品规格和组合规则。
Catalog_FVO,,目录,各种可管理实体的集合，例如产品目录、资源目录等。
Catalog_MVO,,目录,各种可管理实体的集合，例如产品目录、资源目录等。
Category_FVO,,分类,用于对实体（如产品、资源）进行分类和组织。
Category_MVO,,分类,用于对实体（如产品、资源）进行分类和组织。
CategoryNotificationPayload,,类别通知载荷,当产品类别（Category）发生新增、变更或删除时推送的事件载荷。
CheckProductOfferingQualification_FVO,,检查产品可提供性资格,（同步）检查某个产品目录是否能在特定条件下（如地点）提供给客户。
CheckProductOfferingQualification_MVO,,检查产品可提供性资格,（同步）检查某个产品目录是否能在特定条件下（如地点）提供给客户。
CheckProductOfferingQualificationItem_FVO,,检查产品可提供性资格项,（同步）检查产品可提供性资格请求中的一个具体查询项目。
CheckProductOfferingQualificationItem_MVO,,检查产品可提供性资格项,（同步）检查产品可提供性资格请求中的一个具体查询项目。
ConsumptionSummary_FVO,"The consumption counters (called ConsumptionSummary in the SID model) detail, for example, the different kinds of usage consumption.",消耗摘要,对不同类型的用量消耗的汇总信息。
CreateCategoryRequestParameters,,创建类别请求参数,定义新产品类别（Category）的创建输入结构。
CreateCategoryRequestParametersHeader,,创建类别请求头参数,对应 Header 定义。
CreateExportJobRequestParameters,,创建导出任务请求参数,启动导出产品目录或配置数据任务的请求结构。
CreateExportJobRequestParametersHeader,,创建导出任务请求头参数,对应 Header 定义。
CreateImportJobRequestParameters,,创建导入任务请求参数,提交导入产品目录、报价或规格文件的请求体。
CreateImportJobRequestParametersHeader,,创建导入任务请求头参数,对应 Header 定义。
CreateProductCatalogRequestParameters,,创建产品目录请求参数,新建产品目录（ProductCatalog）的输入定义。
CreateProductCatalogRequestParametersHeader,,创建产品目录请求头参数,对应 Header 定义。
CreateProductOfferingPriceRequestParameters,,创建产品报价请求参数,新增产品报价（ProductOfferingPrice）的输入结构。
CreateProductOfferingPriceRequestParametersHeader,,创建产品报价请求头参数,对应 Header 定义。
CreateProductOfferingRequestParameters,,创建产品提供项请求参数,用于创建新的产品提供项（ProductOffering），描述市场上可售卖的产品包。
CreateProductOfferingRequestParametersHeader,,创建产品提供项请求头参数,对应 Header 定义。
CreateProductRequestParameters,,创建产品请求参数,创建实际已订购的产品实例（Product）的请求体。
CreateProductRequestParametersHeader,,创建产品请求头参数,对应 Header 定义。
CreateProductSpecificationRequestParameters,,创建产品规格请求参数,用于定义产品技术规格（ProductSpecification）的输入结构。
CreateProductSpecificationRequestParametersHeader,,创建产品规格请求头参数,对应 Header 定义。
DeleteCategoryRequestParameters,,删除类别请求参数,删除产品类别（Category）的输入参数。
DeleteCategoryRequestParametersHeader,,删除类别请求头参数,对应 Header 定义。
DeleteExportJobRequestParameters,,删除导出任务请求参数,删除指定导出任务的参数结构。
DeleteExportJobRequestParametersHeader,,删除导出任务请求头参数,对应 Header 定义。
DeleteImportJobRequestParameters,,删除导入任务请求参数,删除指定导入任务的参数结构。
DeleteImportJobRequestParametersHeader,,删除导入任务请求头参数,对应 Header 定义。
DeleteProductCatalogRequestParameters,,删除产品目录请求参数,删除指定产品目录的输入参数。
DeleteProductCatalogRequestParametersHeader,,删除产品目录请求头参数,对应 Header 定义。
DeleteProductOfferingPriceRequestParameters,,删除产品报价请求参数,删除 ProductOfferingPrice 的参数定义。
DeleteProductOfferingPriceRequestParametersHeader,,删除产品报价请求头参数,对应 Header 定义。
DeleteProductOfferingRequestParameters,,删除产品提供项请求参数,删除 ProductOffering 的参数定义。
DeleteProductOfferingRequestParametersHeader,,删除产品提供项请求头参数,对应 Header 定义。
DeleteProductRequestParameters,,删除产品请求参数,删除产品实例的输入参数。
DeleteProductRequestParametersHeader,,删除产品请求头参数,对应 Header 定义。
DeleteProductSpecificationRequestParameters,,删除产品规格请求参数,删除 ProductSpecification 的参数定义。
DeleteProductSpecificationRequestParametersHeader,,删除产品规格请求头参数,对应 Header 定义。
EligibilityResultReason_MVO,,资格校验结果原因,描述资格校验不通过的具体原因。
ExportJob_FVO,,导出任务,定义一个数据导出任务的详细信息，如导出的文件URL、格式等。
ExportJob_MVO,,导出任务,定义一个数据导出任务的详细信息，如导出的文件URL、格式等。
ExportJobNotificationPayload,,导出任务通知载荷,当导出任务状态变化（启动、完成、失败）时推送的事件载荷。
ImportJob_FVO,,导入任务,定义一个数据导入任务的详细信息，如导入的文件URL、状态等。
ImportJob_MVO,,导入任务,定义一个数据导入任务的详细信息，如导入的文件URL、状态等。
ImportJobNotificationPayload,,导入任务通知载荷,当导入任务完成或出错时的事件通知载荷。
IntentSpecificationRef_FVO,,意图规约引用,用于简要引用一个意图规约（模板），该规约定义了意图的参数和约束。
IntentSpecificationRef_MVO,,意图规约引用,用于简要引用一个意图规约（模板），该规约定义了意图的参数和约束。
ListCategoryRequestParameters,,列出类别请求参数,查询产品类别列表时的过滤与分页参数。
ListCategoryRequestParametersHeader,,列出类别请求头参数,对应 Header 定义。
ListExportJobRequestParameters,,列出导出任务请求参数,查询导出任务列表。
ListExportJobRequestParametersHeader,,列出导出任务请求头参数,对应 Header 定义。
ListImportJobRequestParameters,,列出导入任务请求参数,查询导入任务记录。
ListImportJobRequestParametersHeader,,列出导入任务请求头参数,对应 Header 定义。
ListProductCatalogRequestParameters,,列出产品目录请求参数,查询 ProductCatalog 列表的参数结构。
ListProductCatalogRequestParametersHeader,,列出产品目录请求头参数,对应 Header 定义。
ListProductOfferingPriceRequestParameters,,列出产品报价请求参数,查询产品报价（ProductOfferingPrice）资源的参数。
ListProductOfferingPriceRequestParametersHeader,,列出产品报价请求头参数,对应 Header 定义。
ListProductOfferingRequestParameters,,列出产品提供项请求参数,查询产品提供项（ProductOffering）资源。
ListProductOfferingRequestParametersHeader,,列出产品提供项请求头参数,对应 Header 定义。
ListProductRequestParameters,,列出产品请求参数,查询已激活产品（Product）列表。
ListProductRequestParametersHeader,,列出产品请求头参数,对应 Header 定义。
ListProductSpecificationRequestParameters,,列出产品规格请求参数,查询产品规格（ProductSpecification）列表。
ListProductSpecificationRequestParametersHeader,,列出产品规格请求头参数,对应 Header 定义。
LoyaltyAccount_FVO,,忠诚度账户,用于记录和管理客户忠诚度积分（或里程等）的账户。
LoyaltyAccount_MVO,,忠诚度账户,用于记录和管理客户忠诚度积分（或里程等）的账户。
LoyaltyBurn_FVO,,忠诚度兑换,客户使用忠诚度积分（或里程等）来兑换商品或服务的交易。
LoyaltyEarn_FVO,,忠诚度累积,客户通过购买或参与活动获得忠诚度积分（或里程等）的交易。
LoyaltyProgramMember_FVO,,忠诚度计划会员,描述一个加入了忠诚度计划的客户（参与方）。
LoyaltyProgramPartner_FVO,,忠诚度计划伙伴,参与忠诚度计划的外部合作商家或机构。
LoyaltyProgramProduct_FVO,,忠诚度计划产品,忠诚度计划中的一个具体产品实例，例如可兑换的“1GB流量包”。
LoyaltyProgramProduct_MVO,,忠诚度计划产品,忠诚度计划中的一个具体产品实例，例如可兑换的“1GB流量包”。
LoyaltyProgramProductSpecification_FVO,,忠诚度计划产品规格,忠诚度计划中可供兑换或累积的产品的模板或蓝图。
LoyaltyProgramProductSpecification_MVO,,忠诚度计划产品规格,忠诚度计划中可供兑换或累积的产品的模板或蓝图。
PatchCategoryRequestParameters,,更新类别请求参数,修改 Category 部分属性，如名称或父类。
PatchCategoryRequestParametersHeader,,更新类别请求头参数,对应 Header 定义。
PatchProductCatalogRequestParameters,,更新产品目录请求参数,修改 ProductCatalog 的属性。
PatchProductCatalogRequestParametersHeader,,更新产品目录请求头参数,对应 Header 定义。
PatchProductOfferingPriceRequestParameters,,更新产品报价请求参数,更新报价内容、有效期或货币类型。
PatchProductOfferingPriceRequestParametersHeader,,更新产品报价请求头参数,对应 Header 定义。
PatchProductOfferingRequestParameters,,更新产品提供项请求参数,修改 ProductOffering 的属性（如状态、价格引用）。
PatchProductOfferingRequestParametersHeader,,更新产品提供项请求头参数,对应 Header 定义。
PatchProductRequestParameters,,更新产品请求参数,更新 Product 的部分属性。
PatchProductRequestParametersHeader,,更新产品请求头参数,对应 Header 定义。
PatchProductSpecificationRequestParameters,,更新产品规格请求参数,修改 ProductSpecification 的字段。
PatchProductSpecificationRequestParametersHeader,,更新产品规格请求头参数,对应 Header 定义。
Payment_FVO,,支付,记录一次完整的支付交易信息。
PaymentItem_FVO,,支付项,一次支付（Payment）中所包含的具体项目或费用明细。
PricingLogicAlgorithm_FVO,,定价逻辑算法,描述用于计算价格的特定算法或规则。
PricingLogicAlgorithm_MVO,,定价逻辑算法,描述用于计算价格的特定算法或规则。
ProductCatalog_FVO,,产品目录,描述可供销售的产品（Product Offering）的集合。
ProductCatalog_MVO,,产品目录,描述可供销售的产品（Product Offering）的集合。
ProductCatalogNotificationPayload,,产品目录通知载荷,当产品目录发生变更时推送的事件载荷。
ProductNotificationPayload,,产品通知载荷,产品实例（Product）生命周期变化的事件通知。
ProductOffering_FVO,,产品目录 / 可销售产品,描述一个可供客户订购的销售产品或套餐，是市场侧的视图。
ProductOffering_MVO,,产品目录 / 可销售产品,描述一个可供客户订购的销售产品或套餐，是市场侧的视图。
ProductOfferingNotificationPayload,,产品提供项通知载荷,当 ProductOffering 变更时的通知。
ProductOfferingPrice_FVO,,产品价格,描述产品目录中一个具体的价格，包括一次性费用、周期性费用、使用费等。
ProductOfferingPrice_MVO,,产品价格,描述产品目录中一个具体的价格，包括一次性费用、周期性费用、使用费等。
ProductOfferingPriceNotificationPayload,,产品报价通知载荷,当报价内容更新或生效状态改变时的通知。
ProductOfferingPriceRefOrValue_FVO,"The polymorphic attributes @type, @schemaLocation & @referredType are related to the ProductOfferingPrice entity and not the ProductOfferingPriceRefOrValue class itself",产品价格引用或值,一个灵活的模型，既可以包含一个完整的产品价格信息（值），也可以只包含对一个已存在价格的引用。
ProductOfferingPriceRefOrValue_MVO,"The polymorphic attributes @type, @schemaLocation & @referredType are related to the ProductOfferingPrice entity and not the ProductOfferingPriceRefOrValue class itself",产品价格引用或值,一个灵活的模型，既可以包含一个完整的产品价格信息（值），也可以只包含对一个已存在价格的引用。
ProductOfferingPriceRelationship_FVO,,产品价格关系,描述不同产品价格之间的关系，例如一个价格依赖于另一个价格。
ProductOfferingPriceRelationship_MVO,,产品价格关系,描述不同产品价格之间的关系，例如一个价格依赖于另一个价格。
ProductOfferingQualificationItemRelationship_FVO,,产品可提供性资格项关系,描述产品可提供性资格查询请求中不同查询项之间的关系。
ProductOfferingQualificationItemRelationship_MVO,,产品可提供性资格项关系,描述产品可提供性资格查询请求中不同查询项之间的关系。
ProductOfferingRelationship_FVO,,产品目录关系,描述不同产品目录之间的关系，例如升级、依赖或排他关系。
ProductOfferingRelationship_MVO,,产品目录关系,描述不同产品目录之间的关系，例如升级、依赖或排他关系。
ProductOfferingTerm_FVO,,产品目录条款,描述与产品目录（Product Offering）相关的条款和条件。
ProductOfferingTerm_MVO,,产品目录条款,描述与产品目录（Product Offering）相关的条款和条件。
ProductSpecification_FVO,,产品规格,产品和服务的设计蓝图或模板，定义了其通用的市场和技术特征。
ProductSpecification_MVO,,产品规格,产品和服务的设计蓝图或模板，定义了其通用的市场和技术特征。
ProductSpecificationCharacteristicValueUse_FVO,,产品规格特征值用途,定义了产品规格中某个特征值的具体用途和规则。
ProductSpecificationCharacteristicValueUse_MVO,,产品规格特征值用途,定义了产品规格中某个特征值的具体用途和规则。
ProductSpecificationNotificationPayload,,产品规格通知载荷,当 ProductSpecification 被修改时推送的事件载荷。
ProductSpecificationRelationship_FVO,,产品规格关系,定义产品规格（模板）之间的关系，例如升级、降级或依赖关系。
ProductSpecificationRelationship_MVO,,产品规格关系,定义产品规格（模板）之间的关系，例如升级、降级或依赖关系。
ProductUsage_FVO,,产品使用量,记录一次产品的使用事件，由一个或多个资源使用量聚合而成。
ProductUsage_MVO,,产品使用量,记录一次产品的使用事件，由一个或多个资源使用量聚合而成。
ProductUsageRef_FVO,Product Usage reference. An occurrence of usage on a Product derived from various resource usages.,产品使用量引用,用于简要引用一条产品使用量的记录。
ProductUsageRef_MVO,Product Usage reference. An occurrence of usage on a Product derived from various resource usages.,产品使用量引用,用于简要引用一条产品使用量的记录。
ProductUsageSpecification_FVO,,产品使用量规约,产品使用量的模板，定义了如何衡量某一类产品的使用情况及其属性。
ProductUsageSpecification_MVO,,产品使用量规约,产品使用量的模板，定义了如何衡量某一类产品的使用情况及其属性。
ProductUsageSpecificationRef_FVO,"ProductUsageSpecification reference. ProductUsageSpecification is a detailed description of a usage event that are of interest to the business and can have charges applied to it. It is comprised of characteristics, which define all attributes known for a particular type of usage.",产品使用量规约引用,用于简要引用一个产品使用量规约，该规约定义了如何衡量和计费一类产品的使用。
ProductUsageSpecificationRef_MVO,"ProductUsageSpecification reference. ProductUsageSpecification is a detailed description of a usage event that are of interest to the business and can have charges applied to it. It is comprised of characteristics, which define all attributes known for a particular type of usage.",产品使用量规约引用,用于简要引用一个产品使用量规约，该规约定义了如何衡量和计费一类产品的使用。
ProductUsageSpecRelationship_FVO,,产品使用量规约关系,描述不同产品使用量规约（模板）之间的关系。
ProductUsageSpecRelationship_MVO,,产品使用量规约关系,描述不同产品使用量规约（模板）之间的关系。
Promotion_FVO,"Promotion Resource is used to provide additional discounts, vouchers, bonuses, or gifts to customers who meet predefined criteria. By using promotions, the enterprise can attract users and encourage more consumption, especially continuous purchases. Normally, promotions are not considered a specific type of product or product offering. They are often applied when customers purchase product offerings that exceed a certain price or amount limit.",促销活动,描述一项完整的营销促销活动，旨在通过优惠、赠品等方式吸引客户。
Promotion_MVO,"Promotion Resource is used to provide additional discounts, vouchers, bonuses, or gifts to customers who meet predefined criteria. By using promotions, the enterprise can attract users and encourage more consumption, especially continuous purchases. Normally, promotions are not considered a specific type of product or product offering. They are often applied when customers purchase product offerings that exceed a certain price or amount limit.",促销活动,描述一项完整的营销促销活动，旨在通过优惠、赠品等方式吸引客户。
PromotionAction_FVO,"Action of the promotion. When the customer meets the conditions in the promotion pattern, the customer can be given the benefits in the action.",促销动作,描述客户满足促销条件后可以获得的具体利益，例如“九折优惠”或“赠送1GB流量”。
PromotionAction_MVO,"Action of the promotion. When the customer meets the conditions in the promotion pattern, the customer can be given the benefits in the action.",促销动作,描述客户满足促销条件后可以获得的具体利益，例如“九折优惠”或“赠送1GB流量”。
PromotionCriteria_FVO,Set of criteria to be followed by all parties.,促销标准,参与方需要满足的单个促销条件，例如“消费满100元”。
PromotionCriteria_MVO,Set of criteria to be followed by all parties.,促销标准,参与方需要满足的单个促销条件，例如“消费满100元”。
PromotionCriteriaGroup_FVO,"Set of group criteria to promotion. Fulfilling these criteria, parties will receice benefits",促销标准组,一组必须同时满足的促销条件。
PromotionCriteriaGroup_MVO,"Set of group criteria to promotion. Fulfilling these criteria, parties will receice benefits",促销标准组,一组必须同时满足的促销条件。
PromotionPattern_FVO,Detailed pattern of the promotion.The pattern decides the conditions of promotion and the benefit of the promotion to be given to the eligible customer.,促销模式,定义了促销活动的详细规则：“如果”满足什么条件（Criteria），“那么”就执行什么动作（Action）。
PromotionPattern_MVO,Detailed pattern of the promotion.The pattern decides the conditions of promotion and the benefit of the promotion to be given to the eligible customer.,促销模式,定义了促销活动的详细规则：“如果”满足什么条件（Criteria），“那么”就执行什么动作（Action）。
PromotionRef_MVO,"Promotion reference. Promotion Resource is used to provide the additional discount, voucher, bonus or gift to the customer who meets the pre-defined criteria. Using promotion, the enterprise is able to attract the users and encourage more consumption, especially continuous purchases.",促销活动引用,用于简要引用一个促销活动。
QueryProductOfferingQualification_FVO,,查询产品可提供性资格,（异步）查询某个产品目录是否能在特定条件下提供，通常用于更复杂的场景。
QueryProductOfferingQualification_MVO,,查询产品可提供性资格,（异步）查询某个产品目录是否能在特定条件下提供，通常用于更复杂的场景。
QueryProductOfferingQualificationItem_FVO,,查询产品可提供性资格项,（异步）查询产品可提供性资格请求中的一个具体查询项目。
QueryProductOfferingQualificationItem_MVO,,查询产品可提供性资格项,（异步）查询产品可提供性资格请求中的一个具体查询项目。
QueryUsageConsumption_FVO,,查询用量消耗,用于查询指定账户或用户的用量消耗数据的操作请求。
RatedProductUsage_FVO,An occurrence of employing a product for its intended purpose with all rating details,已计费产品使用量,记录一次带有详细计费（批价）结果的产品使用事件。
RatedProductUsage_MVO,An occurrence of employing a product for its intended purpose with all rating details,已计费产品使用量,记录一次带有详细计费（批价）结果的产品使用事件。
ResourceCandidateRef_FVO,,资源候选引用,用于简要引用一个可用于满足资源订单的资源候选（模板或实例）。
ResourceCandidateRef_MVO,,资源候选引用,用于简要引用一个可用于满足资源订单的资源候选（模板或实例）。
ResourceUsageRef_FVO,ResourceUsage reference. ResourceUsage is usage event for Resource.,资源使用量引用,用于简要引用一条资源使用量事件的记录。
ResourceUsageRef_MVO,ResourceUsage reference. ResourceUsage is usage event for Resource.,资源使用量引用,用于简要引用一条资源使用量事件的记录。
ResourceUsageSpecificationRef_FVO,"ResourceUsageSpecification reference. ResourceUsageSpecification is a detailed description of a usage event that are of interest to the business and can have charges applied to it. It is comprised of characteristics, which define all attributes known for a particular type of usage.",资源使用量规约引用,用于简要引用一个资源使用量规约，该规约定义了如何衡量和计费一类资源的使用。
ResourceUsageSpecificationRef_MVO,"ResourceUsageSpecification reference. ResourceUsageSpecification is a detailed description of a usage event that are of interest to the business and can have charges applied to it. It is comprised of characteristics, which define all attributes known for a particular type of usage.",资源使用量规约引用,用于简要引用一个资源使用量规约，该规约定义了如何衡量和计费一类资源的使用。
RetrieveCategoryRequestParameters,,获取类别请求参数,查询单个 Category 详情。
RetrieveCategoryRequestParametersHeader,,获取类别请求头参数,对应 Header 定义。
RetrieveExportJobRequestParameters,,获取导出任务请求参数,查询单个导出任务详情。
RetrieveExportJobRequestParametersHeader,,获取导出任务请求头参数,对应 Header 定义。
RetrieveImportJobRequestParameters,,获取导入任务请求参数,查询单个导入任务详情。
RetrieveImportJobRequestParametersHeader,,获取导入任务请求头参数,对应 Header 定义。
RetrieveProductCatalogRequestParameters,,获取产品目录请求参数,查询单个 ProductCatalog。
RetrieveProductCatalogRequestParametersHeader,,获取产品目录请求头参数,对应 Header 定义。
RetrieveProductOfferingPriceRequestParameters,,获取产品报价请求参数,查询单个报价（ProductOfferingPrice）详情。
RetrieveProductOfferingPriceRequestParametersHeader,,获取产品报价请求头参数,对应 Header 定义。
RetrieveProductOfferingRequestParameters,,获取产品提供项请求参数,查询单个 ProductOffering 详情。
RetrieveProductOfferingRequestParametersHeader,,获取产品提供项请求头参数,对应 Header 定义。
RetrieveProductRequestParameters,,获取产品请求参数,查询单个 Product 实例详情。
RetrieveProductRequestParametersHeader,,获取产品请求头参数,对应 Header 定义。
RetrieveProductSpecificationRequestParameters,,获取产品规格请求参数,查询单个 ProductSpecification 详情。
RetrieveProductSpecificationRequestParametersHeader,,获取产品规格请求头参数,对应 Header 定义。
ServiceCandidateRef_FVO,,服务候选引用,用于简要引用一个可用于满足服务订单的服务候选（模板或实例）。
ServiceCandidateRef_MVO,,服务候选引用,用于简要引用一个可用于满足服务订单的服务候选（模板或实例）。
ServiceUsageRef_FVO,,服务使用量引用,用于简要引用一条服务使用量的记录。
ServiceUsageRef_MVO,,服务使用量引用,用于简要引用一条服务使用量的记录。
ServiceUsageSpecificationRef_FVO,"UsageSpecification reference. UsageSpecification is a detailed description of a service usage event that are of interest to the business. It is comprised of characteristics, which define all attributes known for a particular type of usage.",服务使用量规约引用,用于简要引用一个服务使用量规约，该规约定义了如何衡量和计费一类服务的使用。
ServiceUsageSpecificationRef_MVO,"UsageSpecification reference. UsageSpecification is a detailed description of a service usage event that are of interest to the business. It is comprised of characteristics, which define all attributes known for a particular type of usage.",服务使用量规约引用,用于简要引用一个服务使用量规约，该规约定义了如何衡量和计费一类服务的使用。
SLARef_FVO,"ServiceLevelAgreement reference: A service level agreement (SLA) is a type of agreement that represents a formal negotiated agreement between two parties designed to create a common understanding about products, services, priorities, responsibilities, and so forth. The SLA is a set of appropriate procedures and targets formally or informally agreed between parties in order to achieve and maintain specified Quality of Service.",服务等级协议引用,用于简要引用一份服务等级协议（SLA），该协议规定了服务的质量、可用性和责任。
SLARef_MVO,"ServiceLevelAgreement reference: A service level agreement (SLA) is a type of agreement that represents a formal negotiated agreement between two parties designed to create a common understanding about products, services, priorities, responsibilities, and so forth. The SLA is a set of appropriate procedures and targets formally or informally agreed between parties in order to achieve and maintain specified Quality of Service.",服务等级协议引用,用于简要引用一份服务等级协议（SLA），该协议规定了服务的质量、可用性和责任。
TaskResource_FVO,,任务资源,描述完成某个任务所需的资源。
TerminationError_MVO,,终止错误,描述导致某个项目（如资格查询项）被异常终止的具体错误信息。
UsageConsumptionProductRef_FVO,,用量消耗产品引用,用于简要引用一个代表用量消耗的产品。
UsageConsumptionReport_FVO,,用量消耗报告,详细记录特定时间段内用量消耗情况的报告。
AckAlarm_FVO,,告警确认,对一个告警进行确认的操作。
Alarm_FVO,,告警,系统中发生的异常事件的通知。
Alarm_MVO,,告警,系统中发生的异常事件的通知。
AlarmedObjectRef_MVO,Reference to object which affected by Alarm (AlarmedObject).,受影响对象引用,用于简要引用一个受告警影响的对象（如某个设备或服务）。
AlarmRef_MVO,,告警引用,用于简要引用一个告警。
ApplicableTimePeriod_FVO,,适用时间段,定义了某个规则、价格或配置生效的时间范围。
ApplicableTimePeriod_MVO,,适用时间段,定义了某个规则、价格或配置生效的时间范围。
AvailabilityCheck_FVO,,可用性检查,用于检查某个资源、服务或产品是否可用的通用操作。
BindingFeature_FVO,Configuration feature for binding in TMF759.,绑定特征,用于资源绑定（TMF759）场景下的配置特征。
BindingFeature_MVO,Configuration feature for binding in TMF759.,绑定特征,用于资源绑定（TMF759）场景下的配置特征。
Capacity_FVO,,容量,表示一个资源的承载能力，例如网络带宽、服务器存储空间等。
Capacity_MVO,,容量,表示一个资源的承载能力，例如网络带宽、服务器存储空间等。
CapacitySpecification_FVO,,容量规约,定义一类容量的模板，描述其通用属性和规则，例如带宽容量、存储容量。
CapacitySpecification_MVO,,容量规约,定义一类容量的模板，描述其通用属性和规则，例如带宽容量、存储容量。
CapacitySpecificationRef_FVO,"CapacitySpecification reference, for when CapacitySpecification is used by other entities.",容量规约引用,用于简要引用一个容量规约（模板）。
CapacitySpecificationRef_MVO,"CapacitySpecification reference, for when CapacitySpecification is used by other entities.",容量规约引用,用于简要引用一个容量规约（模板）。
ClearAlarm_FVO,,告警清除,对一个已存在的告警进行清除的操作或记录。
CloudApplication_FVO,Cloud Application is a type of resource that describes the cloud application part of a binding in TMF759.,云应用,描述一个云应用资源实例。
CloudApplication_MVO,Cloud Application is a type of resource that describes the cloud application part of a binding in TMF759.,云应用,描述一个云应用资源实例。
CloudApplicationSpecification_FVO,"This is a derived class of LogicalResourceSpecification, and is used to define the invariant characteristics and behavior (attributes, methods, constraints, and relationships) of a CloudApplication.",云应用规约,云应用（作为一种逻辑资源）的模板或蓝图，定义了其通用特征和行为。
CloudApplicationSpecification_MVO,"This is a derived class of LogicalResourceSpecification, and is used to define the invariant characteristics and behavior (attributes, methods, constraints, and relationships) of a CloudApplication.",云应用规约,云应用（作为一种逻辑资源）的模板或蓝图，定义了其通用特征和行为。
Comment_MVO,,备注,通用的备注信息模型，包含备注文本、作者和时间。
CommentAlarm_FVO,,告警备注,对一个告警添加备注信息的操作或记录。
ConnectionPointSpecificationRef_FVO,,连接点规约引用,用于简要引用一个连接点的规约（模板）。
ConnectionPointSpecificationRef_MVO,,连接点规约引用,用于简要引用一个连接点的规约（模板）。
ConnectionSpecification_FVO,,连接规约,定义了服务或资源之间连接的技术规格。
ConnectionSpecification_MVO,,连接规约,定义了服务或资源之间连接的技术规格。
CrossedThresholdInformation_MVO,Identifies the details of the threshold that has been crossed.,越限阈值信息,描述告警触发时，具体是哪个监控阈值被突破以及相关的数据。
EndpointSpecificationRef_FVO,,端点规约引用,用于简要引用一个网络或服务连接端点的规约（模板）。
EndpointSpecificationRef_MVO,,端点规约引用,用于简要引用一个网络或服务连接端点的规约（模板）。
EntityRole_FVO,,实体角色,一个通用实体所扮演的角色。
EntityRole_MVO,,实体角色,一个通用实体所扮演的角色。
EntityRoleSpecification_FVO,,实体角色规约,一个通用实体角色的模板或蓝图。
EntityRoleSpecification_MVO,,实体角色规约,一个通用实体角色的模板或蓝图。
EntityRoleSpecificationRef_FVO,,实体角色规约引用,用于简要引用一个通用的实体角色规约（模板）。
EntityRoleSpecificationRef_MVO,,实体角色规约引用,用于简要引用一个通用的实体角色规约（模板）。
Extract_FVO,,提取任务,定义一个从源系统中提取数据的任务。
FeatureSpecification_FVO,,功能特性规约,定义一个功能特性的模板，描述其通用属性和约束。
FeatureSpecification_MVO,,功能特性规约,定义一个功能特性的模板，描述其通用属性和约束。
FeatureSpecificationRelationship_FVO,,功能特性规约关系,定义不同功能特性规约（模板）之间的关系。
FeatureSpecificationRelationship_MVO,,功能特性规约关系,定义不同功能特性规约（模板）之间的关系。
GroupAlarm_FVO,,告警分组,将多个相关的告警分组在一起的操作或记录。
LogicalResourceSpecification_FVO,"This is a derived class of ResourceSpecification, and is used to define the invariant characteristics and behavior (attributes, methods, constraints, and relationships) of a LogicalResource.",逻辑资源规约,逻辑资源（如IP地址、软件许可证）的设计蓝图或模板。
LogicalResourceSpecification_MVO,"This is a derived class of ResourceSpecification, and is used to define the invariant characteristics and behavior (attributes, methods, constraints, and relationships) of a LogicalResource.",逻辑资源规约,逻辑资源（如IP地址、软件许可证）的设计蓝图或模板。
PhysicalResource_FVO,,物理资源,描述一个物理存在的、有形的资源，如一台服务器、一根光纤或一张SIM卡。
PhysicalResource_MVO,,物理资源,描述一个物理存在的、有形的资源，如一台服务器、一根光纤或一张SIM卡。
PhysicalResourceSpecification_FVO,,物理资源规约,物理资源（如设备、卡、端口）的设计蓝图或模板。
PhysicalResourceSpecification_MVO,,物理资源规约,物理资源（如设备、卡、端口）的设计蓝图或模板。
Push_FVO,,推送任务,定义一个将数据从源系统推送到目标系统的任务。
RelatedPlace_FVO,,关联地点,描述与当前实体相关的地点，并定义两者间的关系。
ResourceCandidate_FVO,,资源候选,描述一个可以满足资源分配需求的潜在资源实例或模板。
ResourceCandidate_MVO,,资源候选,描述一个可以满足资源分配需求的潜在资源实例或模板。
ResourceCatalog_FVO,,资源目录,可用于实现服务的资源模板（Resource Specification）的集合。
ResourceCatalog_MVO,,资源目录,可用于实现服务的资源模板（Resource Specification）的集合。
ResourceCategory_FVO,,资源分类,用于对资源规格或资源目录进行分类和组织。
ResourceCategory_MVO,,资源分类,用于对资源规格或资源目录进行分类和组织。
ResourceCategoryRef_FVO,,资源分类引用,用于简要引用一个资源的分类。
ResourceCategoryRef_MVO,,资源分类引用,用于简要引用一个资源的分类。
ResourceCollection_FVO,,资源集合,用于表示一组资源的集合，通常在批量操作中使用。
ResourceCollection_MVO,,资源集合,用于表示一组资源的集合，通常在批量操作中使用。
ResourceGraphSpecification_FVO,,资源图谱规约,定义了多个资源规约及其相互连接关系的模板。
ResourceGraphSpecification_MVO,,资源图谱规约,定义了多个资源规约及其相互连接关系的模板。
ResourceGraphSpecificationRef_FVO,Resource graph specification reference.,资源图谱规约引用,用于简要引用一个资源图谱规约（模板）。
ResourceGraphSpecificationRef_MVO,Resource graph specification reference.,资源图谱规约引用,用于简要引用一个资源图谱规约（模板）。
ResourcePool_FVO,,资源池,将一组同类资源（如IP地址、端口）汇集在一起进行统一管理和分配的集合。
ResourcePool_MVO,,资源池,将一组同类资源（如IP地址、端口）汇集在一起进行统一管理和分配的集合。
ResourcePoolSpecification_FVO,,资源池规约,资源池的模板或蓝图，定义了池中资源的类型、容量和管理策略。
ResourcePoolSpecification_MVO,,资源池规约,资源池的模板或蓝图，定义了池中资源的类型、容量和管理策略。
ResourceRole_FVO,,资源角色,描述一个具体资源在特定场景下扮演的角色，例如“主用路由器”。
ResourceRole_MVO,,资源角色,描述一个具体资源在特定场景下扮演的角色，例如“主用路由器”。
ResourceRoleSpecification_FVO,Resource role specification.,资源角色规约,资源角色的模板或蓝图，定义了一类资源角色的通用属性和规则。
ResourceRoleSpecification_MVO,Resource role specification.,资源角色规约,资源角色的模板或蓝图，定义了一类资源角色的通用属性和规则。
ResourceSpecification_FVO,,资源规约,资源的设计蓝图或模板，定义了一类资源的通用特征、能力和规则。
ResourceSpecification_MVO,,资源规约,资源的设计蓝图或模板，定义了一类资源的通用特征、能力和规则。
ResourceSpecificationRelationship_FVO,,资源规约关系,定义资源规约（模板）之间的关系，如依赖、替代关系。
ResourceSpecificationRelationship_MVO,,资源规约关系,定义资源规约（模板）之间的关系，如依赖、替代关系。
ResourceUsage_FVO,,资源使用量,记录一次具体资源（如CPU、带宽）的使用情况，是服务使用量的基础。
ResourceUsage_MVO,,资源使用量,记录一次具体资源（如CPU、带宽）的使用情况，是服务使用量的基础。
ResourceUsageSpecification_FVO,,资源使用量规约,资源使用量的模板，定义了如何衡量某一类资源的使用情况及其属性。
ResourceUsageSpecification_MVO,,资源使用量规约,资源使用量的模板，定义了如何衡量某一类资源的使用情况及其属性。
ResourceUsageSpecRelationship_FVO,,资源使用量规约关系,描述不同资源使用量规约（模板）之间的关系。
ResourceUsageSpecRelationship_MVO,,资源使用量规约关系,描述不同资源使用量规约（模板）之间的关系。
TargetResourceSchema_FVO,The reference object to the schema and type of target resource which is described by resource specification,目标资源结构,描述资源规约所定义的目标资源的结构（Schema）和类型（Type）。
TargetResourceSchema_MVO,The reference object to the schema and type of target resource which is described by resource specification,目标资源结构,描述资源规约所定义的目标资源的结构（Schema）和类型（Type）。
ThresholdRef_MVO,,阈值引用,用于简要引用一个性能或监控阈值。
UnAckAlarm_FVO,,告警取消确认,对一个已确认的告警进行取消确认的操作或记录。
UnGroupAlarm_FVO,,告警取消分组,将已分组的告警取消分组的操作或记录。
UserEquipment_FVO,UserEquipment is a type of physical resource that describes any type of end user equipment in TMF759 binding.,用户设备(UE),描述一个终端用户设备资源实例，例如调制解调器、机顶盒等。
UserEquipment_MVO,UserEquipment is a type of physical resource that describes any type of end user equipment in TMF759 binding.,用户设备(UE),描述一个终端用户设备资源实例，例如调制解调器、机顶盒等。
UserEquipmentSpecification_FVO,,用户设备规约,用户设备（如路由器、机顶盒）的模板或蓝图，定义了其通用技术规格。
UserEquipmentSpecification_MVO,"UserEquipment are physical or non-physical components (or some combination of these) within an enterprise's infrastructure or inventory. They are typically consumed or used by services (for example a physical port assigned to a service) or contribute to the realization of a Product (for example, a SIM card). They can be drawn from the Application, Computing and Network domains, and include, for example, Network Elements, software, IT systems, content and information, and technology components.
A UserEquipmentSpecification is a base class that represents a generic means for implementing a particular type of UserEquipment. In essence, a UserEquipmentSpecification defines the common attributes and relationships of a set of related UserEquipment, while UserEquipment defines a specific instance that is based on a particular UserEquipmentSpecification.",用户设备规约,用户设备（如路由器、机顶盒）的模板或蓝图，定义了其通用技术规格。
AlternateServiceProposal_FVO,,备选服务建议,在服务资格查询失败时，系统推荐的可以替代原请求的服务方案。
Any_FVO,,任意类型,一个通用的占位符，可以容纳任何数据结构或类型的值。
Any_MVO,,任意类型,一个通用的占位符，可以容纳任何数据结构或类型的值。
AppliedConsequence_MVO,,已应用的结果,描述一个已实际应用的后果或动作，通常与策略或规则的执行相关。
CancelOrder_FVO,,取消订单,用于请求取消一个已提交的订单。
CancelServiceOrder_FVO,,取消服务订单,描述一个取消服务订单的请求。
CheckServiceQualification_FVO,,检查服务资格,用于检查在特定地点或条件下是否可以提供某个服务。这是一个同步的、简单的查询。
CheckServiceQualificationItem_FVO,,检查服务资格项,检查服务资格请求中的一个具体查询项目。
ContextUpdate_FVO,,上下文更新,用于描述对API上下文（Context）信息的更新。
ContextUpdate_MVO,,上下文更新,用于描述对API上下文（Context）信息的更新。
CreateServiceRequestParameters,,创建服务请求参数,创建 ServiceRequest 的输入结构，描述服务变更或支持请求。
CreateServiceRequestParametersHeader,,创建服务请求头参数,对应 Header 定义。
DeleteServiceRequestParameters,,删除服务请求参数,删除指定 ServiceRequest 的参数定义。
DeleteServiceRequestParametersHeader,,删除服务请求头参数,对应 Header 定义。
EventRef_FVO,,事件引用,用于简要引用一个事件。
EventRef_MVO,,事件引用,用于简要引用一个事件。
ExternalReference_FVO,,外部引用,用于引用外部系统中的一个实体或记录。
ExternalReference_MVO,,外部引用,用于引用外部系统中的一个实体或记录。
ImpactPattern_FVO,,影响模式,描述一个问题或事件可能产生的影响范围和模式，例如影响特定区域或特定类型的用户。
ImpactPattern_MVO,,影响模式,描述一个问题或事件可能产生的影响范围和模式，例如影响特定区域或特定类型的用户。
ListServiceRequestParameters,,列出服务请求参数,查询服务请求列表时的分页与过滤参数。
ListServiceRequestParametersHeader,,列出服务请求头参数,对应 Header 定义。
MeasureThresholdRuleViolation_MVO,,度量阈值违规,记录一次度量值违反预设阈值规则的事件。
MetricDefMeasureConsequence_MVO,,指标度量结果,当指标度量满足特定规则（如超过阈值）时，所产生的相应结果或应执行的动作。
MetricDefMeasureThresholdRule_MVO,,指标度量阈值规则,定义了指标度量的阈值规则，当度量值超过阈值时可触发相应动作。
OrderSpecificationRef_MVO,,订单规约引用,用于简要引用一个订单的规约（模板）。
Outage_FVO,,(服务)中断,描述一次服务或资源的中断事件及其影响范围。
Outage_MVO,,(服务)中断,描述一次服务或资源的中断事件及其影响范围。
PatchServiceRequestParameters,,更新服务请求参数,修改 ServiceRequest 的部分属性（如优先级、状态）。
PatchServiceRequestParametersHeader,,更新服务请求头参数,对应 Header 定义。
ProblemAcknowledgement_FVO,,问题确认,对一个服务问题进行确认的操作或记录。
ProblemAcknowledgement_MVO,,问题确认,对一个服务问题进行确认的操作或记录。
ProblemGroup_FVO,,问题分组,将多个相关的服务问题分组在一起的操作或记录。
ProblemGroup_MVO,,问题分组,将多个相关的服务问题分组在一起的操作或记录。
ProblemUnacknowledgement_FVO,,问题取消确认,对一个已确认的问题进行取消确认的操作或记录。
ProblemUnacknowledgement_MVO,,问题取消确认,对一个已确认的问题进行取消确认的操作或记录。
ProblemUngroup_FVO,,问题取消分组,将已分组的问题取消分组的操作或记录。
ProblemUngroup_MVO,,问题取消分组,将已分组的问题取消分组的操作或记录。
QueryServiceQualification_FVO,,查询服务资格,用于查询在特定地点或条件下是否可以提供某个服务，通常用于更复杂的场景，可能是异步的。
RdfXmlExpression_FVO,,RdfXml表达式,使用RDF/XML格式表示的表达式。
RdfXmlExpression_MVO,,RdfXml表达式,使用RDF/XML格式表示的表达式。
RelatedServiceOrderItem_FVO,,关联服务订单项,描述服务订单中不同订单项之间的关系。
RelatedServiceOrderItem_MVO,,关联服务订单项,描述服务订单中不同订单项之间的关系。
ResourceAlarmRef_FVO,,资源告警引用,用于简要引用一个与特定资源相关的告警。
ResourceAlarmRef_MVO,,资源告警引用,用于简要引用一个与特定资源相关的告警。
RetrieveServiceRequestParameters,,获取服务请求参数,根据 ID 查询服务请求详情。
RetrieveServiceRequestParametersHeader,,获取服务请求头参数,对应 Header 定义。
Service_FVO,,服务,描述一个客户正在使用的具体服务实例，是产品的技术实现。
Service_MVO,,服务,描述一个客户正在使用的具体服务实例，是产品的技术实现。
ServiceCandidate_FVO,,服务候选,描述一个可以满足服务订单需求的潜在服务实例或模板。
ServiceCandidate_MVO,,服务候选,描述一个可以满足服务订单需求的潜在服务实例或模板。
ServiceCatalog_FVO,,服务目录,组织内部使用的服务模板（Service Specification）的集合，用于创建具体服务。
ServiceCatalog_MVO,,服务目录,组织内部使用的服务模板（Service Specification）的集合，用于创建具体服务。
ServiceCategory_FVO,,服务分类,用于对服务规格或服务目录进行分类和组织。
ServiceCategory_MVO,,服务分类,用于对服务规格或服务目录进行分类和组织。
ServiceCategoryRef_FVO,,服务分类引用,用于简要引用一个服务的分类。
ServiceCategoryRef_MVO,,服务分类引用,用于简要引用一个服务的分类。
ServiceLevelSpecificationRef_FVO,"A Service Level Specification represents a pre-defined or negotiated set of Service Level 
Objectives. In addition, certain consequences are associated with not meeting the Service Level 
Objectives. Service Level Agreements are expressed in terms of Service Level Specifications.",服务等级规约引用,用于简要引用一个服务等级规约（SLS），该规约定义了一组预设的服务质量目标。
ServiceLevelSpecificationRef_MVO,"A Service Level Specification represents a pre-defined or negotiated set of Service Level 
Objectives. In addition, certain consequences are associated with not meeting the Service Level 
Objectives. Service Level Agreements are expressed in terms of Service Level Specifications.",服务等级规约引用,用于简要引用一个服务等级规约（SLS），该规约定义了一组预设的服务质量目标。
ServiceNotificationPayload,,服务通知载荷,当服务或服务请求发生变化时推送的事件载荷。
ServiceOrder_FVO,,服务订单,用于开通、变更或终止服务的内部工单，是产品订单的技术实现。
ServiceOrder_MVO,,服务订单,用于开通、变更或终止服务的内部工单，是产品订单的技术实现。
ServiceOrderItem_FVO,,服务订单项,服务订单中的一个具体项目，描述了要对哪个服务执行何种操作。
ServiceOrderItem_MVO,,服务订单项,服务订单中的一个具体项目，描述了要对哪个服务执行何种操作。
ServiceOrderItemErrorMessage_MVO,,服务订单项错误消息,描述在处理服务订单项时发生的具体错误信息。
ServiceOrderItemRef_MVO,,服务订单项引用,用于简要引用一个服务订单项。
ServiceOrderItemRelationship_MVO,,服务订单项关系,描述服务订单中不同订单项之间的关系。
ServiceOrderItemStateType_MVO,Possible values for the state of the order item,服务订单项状态类型,定义了一个服务订单项在其生命周期中所处的各种状态。
ServiceOrderRef_FVO,Service Order reference. Useful to understand the which was the Service order through which the service was instantiated in the service inventory,服务订单引用,用于简要引用一个服务订单，通常用于追溯服务是由哪个订单创建的。
ServiceOrderRelationship_FVO,,服务订单关系,描述不同服务订单之间的关系。
ServiceOrderRelationship_MVO,,服务订单关系,描述不同服务订单之间的关系。
ServiceProblem_FVO,,服务问题,描述影响服务的根本性问题，它可能是多个客户故障单（Trouble Ticket）的根源。
ServiceProblem_MVO,,服务问题,描述影响服务的根本性问题，它可能是多个客户故障单（Trouble Ticket）的根源。
ServiceProblemEventRecord_FVO,,服务问题事件记录,记录与服务问题相关的某个具体事件。
ServiceProblemRef_FVO,,服务问题引用,用于简要引用一个服务问题。
ServiceProblemRef_MVO,,服务问题引用,用于简要引用一个服务问题。
ServiceQualification_FVO,,服务资格,用于检查在特定地点或条件下是否可以提供某个服务的完整请求。
ServiceQualificationItem_FVO,,服务资格项,服务资格查询请求中的一个具体查询项目（例如“此地址是否能安装1Gbps光纤”）。
ServiceRefOrValue_FVO,"The polymorphic attributes @type, @schemaLocation & @referredType are related to the Service entity and not the ServiceRefOrValue class itself",服务引用或值,一个灵活的模型，既可以包含一个完整的服务实例信息（值），也可以只包含对一个已存在服务的引用。
ServiceRefOrValue_MVO,"The polymorphic attributes @type, @schemaLocation & @referredType are related to the Service entity and not the ServiceRefOrValue class itself",服务引用或值,一个灵活的模型，既可以包含一个完整的服务实例信息（值），也可以只包含对一个已存在服务的引用。
ServiceRelationship_FVO,,服务关系,描述不同服务实例之间的关系，例如一个服务依赖于另一个服务。
ServiceRelationship_MVO,,服务关系,描述不同服务实例之间的关系，例如一个服务依赖于另一个服务。
ServiceSpecification_FVO,,服务规格,服务的设计蓝图或模板，定义了其技术特征和行为，是资源侧的视图。
ServiceSpecification_MVO,,服务规格,服务的设计蓝图或模板，定义了其技术特征和行为，是资源侧的视图。
ServiceTest_FVO,,服务测试,描述在某个服务实例上执行的一次具体测试活动。
ServiceTest_MVO,,服务测试,描述在某个服务实例上执行的一次具体测试活动。
ServiceTestSpecification_FVO,,服务测试规约,服务测试的模板或蓝图，定义了测试的目标、方法和参数。
ServiceTestSpecification_MVO,,服务测试规约,服务测试的模板或蓝图，定义了测试的目标、方法和参数。
ServiceTestSpecificationRef_FVO,Service Test specification reference: ServiceTestSpecification(s) required to realize a Test Specification.,服务测试规约引用,用于简要引用一个服务测试规约（模板）。
ServiceTestSpecificationRef_MVO,Service Test specification reference: ServiceTestSpecification(s) required to realize a Test Specification.,服务测试规约引用,用于简要引用一个服务测试规约（模板）。
ServiceTestSpecRelationship_FVO,,服务测试规约关系,描述不同服务测试规约（模板）之间的关系。
ServiceTestSpecRelationship_MVO,,服务测试规约关系,描述不同服务测试规约（模板）之间的关系。
ServiceUsage_FVO,,服务使用量,记录客户使用一次服务的详细情况，用于后续计费。
ServiceUsage_MVO,,服务使用量,记录客户使用一次服务的详细情况，用于后续计费。
ServiceUsageSpecification_FVO,,服务使用量规约,服务使用量的模板，定义了如何衡量某一类服务的使用情况及其属性。
ServiceUsageSpecification_MVO,,服务使用量规约,服务使用量的模板，定义了如何衡量某一类服务的使用情况及其属性。
ServiceUsageSpecRelationship_FVO,,服务使用量规约关系,描述不同服务使用量规约（模板）之间的关系。
ServiceUsageSpecRelationship_MVO,,服务使用量规约关系,描述不同服务使用量规约（模板）之间的关系。
SLAViolationRef_FVO,,SLA违约引用,用于简要引用一次服务等级协议（SLA）的违约事件记录。
SLAViolationRef_MVO,,SLA违约引用,用于简要引用一次服务等级协议（SLA）的违约事件记录。
TestMeasure_FVO,,测试度量,描述一次具体的测试度量结果。
TestMeasure_MVO,,测试度量,描述一次具体的测试度量结果。
TestMeasureDefinition_FVO,,测试度量定义,定义一个测试度量的规则和属性。
TestMeasureDefinition_MVO,,测试度量定义,定义一个测试度量的规则和属性。
TroubleTicketRef_FVO,reference to an TroubleTicket object,故障单引用,用于简要引用一个故障单。
TroubleTicketRef_MVO,reference to an TroubleTicket object,故障单引用,用于简要引用一个故障单。
Activity_FVO,,活动,一个通用的、需要被执行的活动或任务。
Activity_MVO,,活动,一个通用的、需要被执行的活动或任务。
ActivityRelationship_FVO,,活动关系,描述不同活动之间的关系，例如依赖关系。
ActivityRelationship_MVO,,活动关系,描述不同活动之间的关系，例如依赖关系。
CancelWorkOrder_FVO,,取消工单,用于请求取消一个已下发的现场工单（Work Order）。
ClosedLoop_FVO,,闭环,描述一个完整的自动化闭环流程实例（监控-分析-决策-执行）。
ClosedLoop_MVO,,闭环,描述一个完整的自动化闭环流程实例（监控-分析-决策-执行）。
ClosedLoopActivity_FVO,,闭环活动,在一个闭环流程中执行的具体活动或任务，例如“调整网络参数”。
ClosedLoopActivity_MVO,,闭环活动,在一个闭环流程中执行的具体活动或任务，例如“调整网络参数”。
ClosedLoopActivityAttributeValueChangeEvent_FVO,,闭环活动属性值变更事件,当一个闭环活动的属性值发生变化时，系统发出的通知事件。
ClosedLoopActivityAttributeValueChangeEvent_MVO,,闭环活动属性值变更事件,当一个闭环活动的属性值发生变化时，系统发出的通知事件。
ClosedLoopActivityCreateEvent_FVO,,闭环活动创建事件,当一个闭环活动被创建时，系统发出的通知事件。
ClosedLoopActivityCreateEvent_MVO,,闭环活动创建事件,当一个闭环活动被创建时，系统发出的通知事件。
ClosedLoopActivityDeleteEvent_FVO,,闭环活动删除事件,当一个闭环活动被删除时，系统发出的通知事件。
ClosedLoopActivityDeleteEvent_MVO,,闭环活动删除事件,当一个闭环活动被删除时，系统发出的通知事件。
ClosedLoopActivitySpecification_FVO,,闭环活动规约,闭环活动的模板或蓝图，定义了一类活动的通用属性和规则。
ClosedLoopActivitySpecification_MVO,,闭环活动规约,闭环活动的模板或蓝图，定义了一类活动的通用属性和规则。
ClosedLoopActivitySpecificationAttributeValueChangeEvent_FVO,,闭环活动规约属性值变更事件,当一个闭环活动规约的属性值发生变化时，系统发出的通知事件。
ClosedLoopActivitySpecificationAttributeValueChangeEvent_MVO,,闭环活动规约属性值变更事件,当一个闭环活动规约的属性值发生变化时，系统发出的通知事件。
ClosedLoopActivitySpecificationCreateEvent_FVO,,闭环活动规约创建事件,当一个闭环活动规约被创建时，系统发出的通知事件。
ClosedLoopActivitySpecificationCreateEvent_MVO,,闭环活动规约创建事件,当一个闭环活动规约被创建时，系统发出的通知事件。
ClosedLoopActivitySpecificationDeleteEvent_FVO,,闭环活动规约删除事件,当一个闭环活动规约被删除时，系统发出的通知事件。
ClosedLoopActivitySpecificationDeleteEvent_MVO,,闭环活动规约删除事件,当一个闭环活动规约被删除时，系统发出的通知事件。
ClosedLoopActivityStateChange_FVO,,闭环活动状态变更事件,当一个闭环活动的状态发生变化时，系统发出的通知事件。
ClosedLoopActivityStateChange_MVO,,闭环活动状态变更事件,当一个闭环活动的状态发生变化时，系统发出的通知事件。
ClosedLoopAttributeValueChangeEvent_FVO,,闭环属性值变更事件,当一个闭环实例的属性值发生变化时，系统发出的通知事件。
ClosedLoopAttributeValueChangeEvent_MVO,,闭环属性值变更事件,当一个闭环实例的属性值发生变化时，系统发出的通知事件。
ClosedLoopBusinessRule_FVO,,闭环业务规则,用于指导闭环流程决策和行为的具体业务规则。
ClosedLoopBusinessRule_MVO,,闭环业务规则,用于指导闭环流程决策和行为的具体业务规则。
ClosedLoopBusinessRuleAttributeValueChangeEvent_FVO,,闭环业务规则属性值变更事件,当一个闭环业务规则的属性值发生变化时，系统发出的通知事件。
ClosedLoopBusinessRuleAttributeValueChangeEvent_MVO,,闭环业务规则属性值变更事件,当一个闭环业务规则的属性值发生变化时，系统发出的通知事件。
ClosedLoopBusinessRuleCreateEvent_FVO,,闭环业务规则创建事件,当一个闭环业务规则被创建时，系统发出的通知事件。
ClosedLoopBusinessRuleCreateEvent_MVO,,闭环业务规则创建事件,当一个闭环业务规则被创建时，系统发出的通知事件。
ClosedLoopBusinessRuleDeleteEvent_FVO,,闭环业务规则删除事件,当一个闭环业务规则被删除时，系统发出的通知事件。
ClosedLoopBusinessRuleDeleteEvent_MVO,,闭环业务规则删除事件,当一个闭环业务规则被删除时，系统发出的通知事件。
ClosedLoopBusinessRuleSpecification_FVO,,闭环业务规则规约,闭环业务规则的模板或蓝图，定义了一类规则的通用属性。
ClosedLoopBusinessRuleSpecification_MVO,,闭环业务规则规约,闭环业务规则的模板或蓝图，定义了一类规则的通用属性。
ClosedLoopBusinessRuleSpecificationAttributeValueChangeEvent_FVO,,闭环业务规则规约属性值变更事件,当一个闭环业务规则规约的属性值发生变化时，系统发出的通知事件。
ClosedLoopBusinessRuleSpecificationAttributeValueChangeEvent_MVO,,闭环业务规则规约属性值变更事件,当一个闭环业务规则规约的属性值发生变化时，系统发出的通知事件。
ClosedLoopBusinessRuleSpecificationCreateEvent_FVO,,闭环业务规则规约创建事件,当一个闭loop业务规则规约被创建时，系统发出的通知事件。
ClosedLoopBusinessRuleSpecificationCreateEvent_MVO,,闭环业务规则规约创建事件,当一个闭loop业务规则规约被创建时，系统发出的通知事件。
ClosedLoopBusinessRuleSpecificationDeleteEvent_FVO,,闭环业务规则规约删除事件,当一个闭loop业务规则规约被删除时，系统发出的通知事件。
ClosedLoopBusinessRuleSpecificationDeleteEvent_MVO,,闭环业务规则规约删除事件,当一个闭loop业务规则规约被删除时，系统发出的通知事件。
ClosedLoopBusinessRuleStatusChange_FVO,,闭环业务规则状态变更事件,当一个闭环业务规则的状态发生变化时，系统发出的通知事件。
ClosedLoopBusinessRuleStatusChange_MVO,,闭环业务规则状态变更事件,当一个闭环业务规则的状态发生变化时，系统发出的通知事件。
ClosedLoopCreateEvent_FVO,,闭环创建事件,当一个闭环实例被创建时，系统发出的通知事件。
ClosedLoopCreateEvent_MVO,,闭环创建事件,当一个闭环实例被创建时，系统发出的通知事件。
ClosedLoopDeleteEvent_FVO,,闭环删除事件,当一个闭环实例被删除时，系统发出的通知事件。
ClosedLoopDeleteEvent_MVO,,闭环删除事件,当一个闭环实例被删除时，系统发出的通知事件。
ClosedLoopGoal_FVO,,闭环目标,闭环流程期望达到的目标状态或业务指标，例如“网络延迟低于20ms”。
ClosedLoopGoal_MVO,,闭环目标,闭环流程期望达到的目标状态或业务指标，例如“网络延迟低于20ms”。
ClosedLoopGoalAttributeValueChangeEvent_FVO,,闭环目标属性值变更事件,当一个闭环目标的属性值发生变化时，系统发出的通知事件。
ClosedLoopGoalAttributeValueChangeEvent_MVO,,闭环目标属性值变更事件,当一个闭环目标的属性值发生变化时，系统发出的通知事件。
ClosedLoopGoalCreateEvent_FVO,,闭环目标创建事件,当一个闭环目标被创建时，系统发出的通知事件。
ClosedLoopGoalCreateEvent_MVO,,闭环目标创建事件,当一个闭环目标被创建时，系统发出的通知事件。
ClosedLoopGoalDeleteEvent_FVO,,闭环目标删除事件,当一个闭环目标被删除时，系统发出的通知事件。
ClosedLoopGoalDeleteEvent_MVO,,闭环目标删除事件,当一个闭环目标被删除时，系统发出的通知事件。
ClosedLoopGoalRef_FVO,A reference to the representation that captures the target  ambition of a closed loop.,闭环目标引用,用于简要引用一个闭环目标。
ClosedLoopGoalRef_MVO,A reference to the representation that captures the target  ambition of a closed loop.,闭环目标引用,用于简要引用一个闭环目标。
ClosedLoopGoalSpecification_FVO,,闭环目标规约,闭环目标的模板或蓝图，定义了一类目标的通用属性和衡量标准。
ClosedLoopGoalSpecification_MVO,,闭环目标规约,闭环目标的模板或蓝图，定义了一类目标的通用属性和衡量标准。
ClosedLoopGoalSpecificationAttributeValueChangeEvent_FVO,,闭环目标规约属性值变更事件,当一个闭环目标规约的属性值发生变化时，系统发出的通知事件。
ClosedLoopGoalSpecificationAttributeValueChangeEvent_MVO,,闭环目标规约属性值变更事件,当一个闭环目标规约的属性值发生变化时，系统发出的通知事件。
ClosedLoopGoalSpecificationCreateEvent_FVO,,闭环目标规约创建事件,当一个闭环目标规约被创建时，系统发出的通知事件。
ClosedLoopGoalSpecificationCreateEvent_MVO,,闭环目标规约创建事件,当一个闭环目标规约被创建时，系统发出的通知事件。
ClosedLoopGoalSpecificationDeleteEvent_FVO,,闭环目标规约删除事件,当一个闭环目标规约被删除时，系统发出的通知事件。
ClosedLoopGoalSpecificationDeleteEvent_MVO,,闭环目标规约删除事件,当一个闭环目标规约被删除时，系统发出的通知事件。
ClosedLoopGoalStateChange_FVO,,闭环目标状态变更事件,当一个闭环目标的状态发生变化时，系统发出的通知事件。
ClosedLoopGoalStateChange_MVO,,闭环目标状态变更事件,当一个闭环目标的状态发生变化时，系统发出的通知事件。
ClosedLoopGroup_FVO,,闭环组,用于对相关的闭环实例进行分组管理。
ClosedLoopGroup_MVO,,闭环组,用于对相关的闭环实例进行分组管理。
ClosedLoopRef_FVO,A reference to the representation that captures the object of ambition of a closed loop.,闭环引用,用于简要引用一个闭环实例。
ClosedLoopRef_MVO,A reference to the representation that captures the object of ambition of a closed loop.,闭环引用,用于简要引用一个闭环实例。
ClosedLoopSpecification_FVO,,闭环规约,闭环流程的模板或蓝图，定义了其目标、规则、活动和工作流。
ClosedLoopSpecification_MVO,,闭环规约,闭环流程的模板或蓝图，定义了其目标、规则、活动和工作流。
ClosedLoopSpecificationAttributeValueChangeEvent_FVO,,闭环规约属性值变更事件,当一个闭环规约的属性值发生变化时，系统发出的通知事件。
ClosedLoopSpecificationAttributeValueChangeEvent_MVO,,闭环规约属性值变更事件,当一个闭环规约的属性值发生变化时，系统发出的通知事件。
ClosedLoopSpecificationCreateEvent_FVO,,闭环规约创建事件,当一个闭环规约被创建时，系统发出的通知事件。
ClosedLoopSpecificationCreateEvent_MVO,,闭环规约创建事件,当一个闭环规约被创建时，系统发出的通知事件。
ClosedLoopSpecificationDeleteEvent_FVO,,闭环规约删除事件,当一个闭环规约被删除时，系统发出的通知事件。
ClosedLoopSpecificationDeleteEvent_MVO,,闭环规约删除事件,当一个闭环规约被删除时，系统发出的通知事件。
ClosedLoopStateChange_FVO,,闭环状态变更事件,当一个闭环实例的状态发生变化时，系统发出的通知事件。
ClosedLoopStateChange_MVO,,闭环状态变更事件,当一个闭环实例的状态发生变化时，系统发出的通知事件。
ClosedLoopWorkflow_FVO,,闭环工作流,闭环流程中各个活动执行的顺序和逻辑。
ClosedLoopWorkflow_MVO,,闭环工作流,闭环流程中各个活动执行的顺序和逻辑。
ClosedLoopWorkflowActivity_FVO,,闭环工作流活动,闭环工作流中的一个具体活动或任务实例。
ClosedLoopWorkflowActivity_MVO,,闭环工作流活动,闭环工作流中的一个具体活动或任务实例。
ClosedLoopWorkflowActivityAttributeValueChangeEvent_FVO,,闭环工作流活动属性值变更事件,当一个闭环工作流活动的属性值发生变化时，系统发出的通知事件。
ClosedLoopWorkflowActivityAttributeValueChangeEvent_MVO,,闭环工作流活动属性值变更事件,当一个闭环工作流活动的属性值发生变化时，系统发出的通知事件。
ClosedLoopWorkflowActivityCreateEvent_FVO,,闭环工作流活动创建事件,当一个闭环工作流活动被创建时，系统发出的通知事件。
ClosedLoopWorkflowActivityCreateEvent_MVO,,闭环工作流活动创建事件,当一个闭环工作流活动被创建时，系统发出的通知事件。
ClosedLoopWorkflowActivityDeleteEvent_FVO,,闭环工作流活动删除事件,当一个闭环工作流活动被删除时，系统发出的通知事件。
ClosedLoopWorkflowActivityDeleteEvent_MVO,,闭环工作流活动删除事件,当一个闭环工作流活动被删除时，系统发出的通知事件。
ClosedLoopWorkflowActivityRef_FVO,A reference to the representation that captures activity of a workflow in a closed loop.,闭环工作流活动引用,用于简要引用一个闭环工作流中的活动。
ClosedLoopWorkflowActivityRef_MVO,A reference to the representation that captures activity of a workflow in a closed loop.,闭环工作流活动引用,用于简要引用一个闭环工作流中的活动。
ClosedLoopWorkflowActivitySpecification_FVO,,闭环工作流活动规约,闭环工作流中具体活动的模板或蓝图。
ClosedLoopWorkflowActivitySpecification_MVO,,闭环工作流活动规约,闭环工作流中具体活动的模板或蓝图。
ClosedLoopWorkflowActivityStateChange_FVO,,闭环工作流活动状态变更事件,当一个闭环工作流活动的状态发生变化时，系统发出的通知事件。
ClosedLoopWorkflowActivityStateChange_MVO,,闭环工作流活动状态变更事件,当一个闭环工作流活动的状态发生变化时，系统发出的通知事件。
ClosedLoopWorkflowAttributeValueChangeEvent_FVO,,闭环工作流属性值变更事件,当一个闭环工作流的属性值发生变化时，系统发出的通知事件。
ClosedLoopWorkflowAttributeValueChangeEvent_MVO,,闭环工作流属性值变更事件,当一个闭环工作流的属性值发生变化时，系统发出的通知事件。
ClosedLoopWorkflowCreateEvent_FVO,,闭环工作流创建事件,当一个闭环工作流被创建时，系统发出的通知事件。
ClosedLoopWorkflowCreateEvent_MVO,,闭环工作流创建事件,当一个闭环工作流被创建时，系统发出的通知事件。
ClosedLoopWorkflowDeleteEvent_FVO,,闭环工作流删除事件,当一个闭环工作流被删除时，系统发出的通知事件。
ClosedLoopWorkflowDeleteEvent_MVO,,闭环工作流删除事件,当一个闭环工作流被删除时，系统发出的通知事件。
ClosedLoopWorkflowPriorityRef_FVO,A reference to the representation that captures the priority of a workflow of a closed loop.,闭环工作流优先级引用,用于简要引用一个闭环工作流的优先级。
ClosedLoopWorkflowPriorityRef_MVO,A reference to the representation that captures the priority of a workflow of a closed loop.,闭环工作流优先级引用,用于简要引用一个闭环工作流的优先级。
ClosedLoopWorkflowSpecification_FVO,,闭环工作流规约,闭环工作流的模板或蓝图，定义了其包含的活动和执行逻辑。
ClosedLoopWorkflowSpecification_MVO,,闭环工作流规约,闭环工作流的模板或蓝图，定义了其包含的活动和执行逻辑。
ClosedLoopWorkflowStateChange_FVO,,闭环工作流状态变更事件,当一个闭环工作流的状态发生变化时，系统发出的通知事件。
ClosedLoopWorkflowStateChange_MVO,,闭环工作流状态变更事件,当一个闭环工作流的状态发生变化时，系统发出的通知事件。
EntitySpecificationRef_FVO,,实体规约引用,用于简要引用一个实体规约（模板）。
EntitySpecificationRef_MVO,,实体规约引用,用于简要引用一个实体规约（模板）。
HeaderItem_FVO,An item typically included in a request or response,消息头项目,描述请求或响应消息头中的一个具体项目（键值对）。
HeaderItem_MVO,An item typically included in a request or response,消息头项目,描述请求或响应消息头中的一个具体项目（键值对）。
IncidentRef_FVO,,事件引用,用于简要引用一个事件或事故报告。
IncidentRef_MVO,,事件引用,用于简要引用一个事件或事故报告。
ManagedPolicy_FVO,Managed Policy,受管策略,一套由系统管理和执行的、包含条件和动作的规则集合。
ManagedPolicy_MVO,Managed Policy,受管策略,一套由系统管理和执行的、包含条件和动作的规则集合。
ManagedPolicyAction_FVO,Managed PolicyAction,受管策略动作,在受管策略中，当条件满足时需要执行的具体动作。
ManagedPolicyAction_MVO,Managed PolicyAction,受管策略动作,在受管策略中，当条件满足时需要执行的具体动作。
ManagedPolicyCondition_FVO,Managed PolicyCondition,受管策略条件,在受管策略中，用于触发策略执行的具体条件。
ManagedPolicyCondition_MVO,Managed PolicyCondition,受管策略条件,在受管策略中，用于触发策略执行的具体条件。
ManagedPolicyConstraint_FVO,Managed PolicyConstraint,受管策略约束,在受管策略中定义的一个必须满足的约束条件。
ManagedPolicyConstraint_MVO,Managed PolicyConstraint,受管策略约束,在受管策略中定义的一个必须满足的约束条件。
ManagedPolicyEvent_FVO,Managed PolicyEvent,受管策略事件,与受管策略相关的事件。
ManagedPolicyEvent_MVO,Managed PolicyEvent,受管策略事件,与受管策略相关的事件。
ManagedPolicyExpression_FVO,Managed PolicyExpression,受管策略表达式,在受管策略中用于逻辑判断的表达式。
ManagedPolicyExpression_MVO,Managed PolicyExpression,受管策略表达式,在受管策略中用于逻辑判断的表达式。
ManagedPolicyOperator_FVO,Managed PolicyOperator,受管策略操作符,在受管策略中使用的逻辑或比较操作符，例如AND、OR、大于、小于。
ManagedPolicyOperator_MVO,Managed PolicyOperator,受管策略操作符,在受管策略中使用的逻辑或比较操作符，例如AND、OR、大于、小于。
ManagedPolicyVariable_FVO,Managed PolicyVariable,受管策略变量,在受管策略中使用的变量。
ManagedPolicyVariable_MVO,Managed PolicyVariable,受管策略变量,在受管策略中使用的变量。
Monitor_FVO,,监控,用于定义一个监控任务或监控点，以跟踪特定指标或状态。
Monitor_MVO,,监控,用于定义一个监控任务或监控点，以跟踪特定指标或状态。
PartyRefOrValue_FVO,"Entity reference. A Party defines a Party described by reference or by value linked to a specific entity. The polymorphic attributes @type, @schemaLocation & @referredType are related to the Party entity and not the RelatedPartyRefOrValue class itself",参与方引用或值,一个灵活的模型，既可以包含一个完整的参与方信息（值），也可以只包含对一个已存在参与方的引用。
PartyRefOrValue_MVO,"Entity reference. A Party defines a Party described by reference or by value linked to a specific entity. The polymorphic attributes @type, @schemaLocation & @referredType are related to the Party entity and not the RelatedPartyRefOrValue class itself",参与方引用或值,一个灵活的模型，既可以包含一个完整的参与方信息（值），也可以只包含对一个已存在参与方的引用。
Policy_FVO,Policy is a set of rules that are used to manage and control the state and state transitions of one or more managed objects.,策略,用于管理和控制一个或多个对象状态及状态转换的一组规则。
Policy_MVO,Policy is a set of rules that are used to manage and control the state and state transitions of one or more managed objects.,策略,用于管理和控制一个或多个对象状态及状态转换的一组规则。
PolicyAction_FVO,,策略动作,当策略规则的条件满足时，需要被执行的动作。
PolicyAction_MVO,,策略动作,当策略规则的条件满足时，需要被执行的动作。
PolicyActionAtomic_FVO_FVO,,原子策略动作,一个单一的、不可再分的策略动作，例如“发送通知”。
PolicyActionAtomic_MVO,,原子策略动作,一个单一的、不可再分的策略动作，例如“发送通知”。
PolicyActionBase_FVO,A superclass (set of shared properties) inherited by PolicyActionAtomic and PolicyActionComposite.,策略动作基类,包含了原子策略动作和组合策略动作共用属性的基础模型。
PolicyActionBase_MVO,A superclass (set of shared properties) inherited by PolicyActionAtomic and PolicyActionComposite.,策略动作基类,包含了原子策略动作和组合策略动作共用属性的基础模型。
PolicyActionComposite_FVO_FVO,,组合策略动作,由多个原子或组合策略动作构成的复杂动作。
PolicyActionComposite_MVO,,组合策略动作,由多个原子或组合策略动作构成的复杂动作。
PolicyActionRef_FVO_FVO,,策略动作引用,用于简要引用一个策略中定义的动作。
PolicyActionRefOrValue_FVO,Container for PolicyAction Reference or unmanaged PolicyAction object,策略动作引用或值,一个灵活的模型，既可以包含一个完整的策略动作信息，也可以只包含对一个已存在动作的引用。
PolicyActionRefOrValue_MVO,Container for PolicyAction Reference or unmanaged PolicyAction object,策略动作引用或值,一个灵活的模型，既可以包含一个完整的策略动作信息，也可以只包含对一个已存在动作的引用。
PolicyActionRelationship_FVO_FVO,Contains details of a PolicyActionRelationship,策略动作关系,描述不同策略动作之间的关系，例如执行顺序。
PolicyActionRelationship_MVO,Contains details of a PolicyActionRelationship,策略动作关系,描述不同策略动作之间的关系，例如执行顺序。
PolicyBase_FVO_FVO,A superclass (set of shared properties) inherited by PolicyRule and PolicySet.,策略基类,包含了策略规则（PolicyRule）和策略集（PolicySet）共用属性的基础模型。
PolicyBase_MVO,A superclass (set of shared properties) inherited by PolicyRule and PolicySet.,策略基类,包含了策略规则（PolicyRule）和策略集（PolicySet）共用属性的基础模型。
PolicyCatalog_FVO,,策略目录,存储和管理所有可用策略的集合。
PolicyCatalog_MVO,,策略目录,存储和管理所有可用策略的集合。
PolicyCondition_FVO,"A PolicyCondition clause is an aggregation of individual PolicyConditions, and is treated as an atomic object that is aggregated by a PolicyRule. It is represented as a Boolean expression, and defines the necessary state and/or prerequisites that define whether the actions aggregated by that same PolicyRule should be performed. If PolicyCondition is successfully resolved then it must hold value TRUE or FALSE. Non successfull resolution does not contain any boolean value",策略条件,一个布尔表达式，用于判断策略规则中的动作是否应该被执行。
PolicyCondition_MVO,"A PolicyCondition clause is an aggregation of individual PolicyConditions, and is treated as an atomic object that is aggregated by a PolicyRule. It is represented as a Boolean expression, and defines the necessary state and/or prerequisites that define whether the actions aggregated by that same PolicyRule should be performed. If PolicyCondition is successfully resolved then it must hold value TRUE or FALSE. Non successfull resolution does not contain any boolean value",策略条件,一个布尔表达式，用于判断策略规则中的动作是否应该被执行。
PolicyConditionAtomic_FVO_FVO,PolicyCondition that executes only one statement,原子策略条件,一个单一的、不可再分的策略条件，例如“时间 > 5点”。
PolicyConditionAtomic_MVO,PolicyCondition that executes only one statement,原子策略条件,一个单一的、不可再分的策略条件，例如“时间 > 5点”。
PolicyConditionComposite_FVO_FVO,"PolicyCondition that executes one or many PolicyConditions, applying condition combination logic",组合策略条件,由多个原子或组合策略条件通过逻辑（如AND/OR）组合而成的复杂条件。
PolicyConditionComposite_MVO,"PolicyCondition that executes one or many PolicyConditions, applying condition combination logic",组合策略条件,由多个原子或组合策略条件通过逻辑（如AND/OR）组合而成的复杂条件。
PolicyConditionRefOrValue_FVO,Container for PolicyCondition Reference or unmanaged PolicyCondition object,策略条件引用或值,一个灵活的模型，既可以包含一个完整的策略条件信息，也可以只包含对一个已存在条件的引用。
PolicyConditionRefOrValue_MVO,Container for PolicyCondition Reference or unmanaged PolicyCondition object,策略条件引用或值,一个灵活的模型，既可以包含一个完整的策略条件信息，也可以只包含对一个已存在条件的引用。
PolicyConstraint_FVO,Any kind of condition that needs to be confirmed in order to proceed with next step,策略约束,为了继续执行下一步而必须满足的一种条件。
PolicyConstraint_MVO,Any kind of condition that needs to be confirmed in order to proceed with next step,策略约束,为了继续执行下一步而必须满足的一种条件。
PolicyConstraintRef_FVO,,策略约束引用,用于简要引用一个策略约束。
PolicyConstraintRef_MVO,,策略约束引用,用于简要引用一个策略约束。
PolicyConstraintRefOrValue_FVO,Container for PolicyConstraint Reference or unmanaged PolicyConstraint object,策略约束引用或值,一个灵活的模型，既可以包含一个完整的策略约束信息，也可以只包含对一个已存在约束的引用。
PolicyConstraintRefOrValue_MVO,Container for PolicyConstraint Reference or unmanaged PolicyConstraint object,策略约束引用或值,一个灵活的模型，既可以包含一个完整的策略约束信息，也可以只包含对一个已存在约束的引用。
PolicyDomain_FVO,,策略域,用于对策略进行逻辑分组的范畴，例如“安全策略域”、“计费策略域”。
PolicyDomain_MVO,,策略域,用于对策略进行逻辑分组的范畴，例如“安全策略域”、“计费策略域”。
PolicyEvent_FVO,"A PolicyEvent is an occurrence of an important event or multiple events, and can be used to trigger the evaluation of a Policy",策略事件,一个或多个重要事件的发生，可用于触发策略规则的评估。
PolicyEvent_MVO,"A PolicyEvent is an occurrence of an important event or multiple events, and can be used to trigger the evaluation of a Policy",策略事件,一个或多个重要事件的发生，可用于触发策略规则的评估。
PolicyEventAtomicBase_FVO_FVO,A PolicyEventAtomic is an occurrence of a single atomic event. It must be used as a abstract class overloaded by a particular event in TMF API domain for which Policy is defined,原子策略事件基类,所有单一、不可再分的策略事件的通用基础模型。
PolicyEventAtomicBase_MVO,A PolicyEventAtomic is an occurrence of a single atomic event. It must be used as a abstract class overloaded by a particular event in TMF API domain for which Policy is defined,原子策略事件基类,所有单一、不可再分的策略事件的通用基础模型。
PolicyEventComposite_FVO_FVO,A PolicyEventComposite is an event made of multiple PolicyEvents.,组合策略事件,由多个原子或组合策略事件构成的复杂事件。
PolicyEventComposite_MVO,A PolicyEventComposite is an event made of multiple PolicyEvents.,组合策略事件,由多个原子或组合策略事件构成的复杂事件。
PolicyEventConstraint_FVO_FVO,Constraint based on provided list of PolicyEvent references. If PolicyEvent type is found in the list then constraint is validated truthfully,策略事件约束,一种约束条件，当发生的事件类型在预定义的事件列表中时，该约束条件即被满足。
PolicyEventConstraint_MVO,Constraint based on provided list of PolicyEvent references. If PolicyEvent type is found in the list then constraint is validated truthfully,策略事件约束,一种约束条件，当发生的事件类型在预定义的事件列表中时，该约束条件即被满足。
PolicyEventRef_FVO_FVO,Reference to PolicyEvent object,策略事件引用,用于简要引用一个策略事件。
PolicyEventRef_MVO,Reference to PolicyEvent object,策略事件引用,用于简要引用一个策略事件。
PolicyEventRefOrValue_FVO,Container for PolicyEvent Reference or PolicyEvent object,策略事件引用或值,一个灵活的模型，既可以包含一个完整的策略事件信息，也可以只包含对一个已存在事件的引用。
PolicyEventRefOrValue_MVO,Container for PolicyEvent Reference or PolicyEvent object,策略事件引用或值,一个灵活的模型，既可以包含一个完整的策略事件信息，也可以只包含对一个已存在事件的引用。
PolicyEventRelationship_FVO_FVO,Contains details of a PolicyEventRelationship,策略事件关系,描述不同策略事件之间的关系。
PolicyEventRelationship_MVO,Contains details of a PolicyEventRelationship,策略事件关系,描述不同策略事件之间的关系。
PolicyExpression_FVO,"PolicyExpression is a constraint based on text expression and parsed by an Expression Language (SpEL, JS, Groovy, FEEL, ...)",策略表达式,一段可由脚本语言（如JS）解析的文本表达式，用于策略中的复杂逻辑判断。
PolicyExpression_FVO_FVO,"PolicyExpression is a constraint based on text expression and parsed by an Expression Language (SpEL, JS, Groovy, FEEL, ...)",策略表达式,一段可由脚本语言（如JS）解析的文本表达式，用于策略中的复杂逻辑判断。
PolicyExpression_FVO_FVO_FVO,"PolicyExpression is a constraint based on text expression and parsed by an Expression Language (SpEL, JS, Groovy, FEEL, ...)",策略表达式,一段可由脚本语言（如JS）解析的文本表达式，用于策略中的复杂逻辑判断。
PolicyExpression_FVO_FVO_FVO_FVO,"PolicyExpression is a constraint based on text expression and parsed by an Expression Language (SpEL, JS, Groovy, FEEL, ...)",策略表达式,一段可由脚本语言（如JS）解析的文本表达式，用于策略中的复杂逻辑判断。
PolicyExpression_MVO,"PolicyExpression is a constraint based on text expression and parsed by an Expression Language (SpEL, JS, Groovy, FEEL, ...)",策略表达式,一段可由脚本语言（如JS）解析的文本表达式，用于策略中的复杂逻辑判断。
PolicyExpressionRef_FVO,,策略表达式引用,用于简要引用一个策略表达式。
PolicyExpressionRef_MVO,,策略表达式引用,用于简要引用一个策略表达式。
PolicyExpressionRefOrValue_FVO,Container for PolicyExpression Reference or unmanaged PolicyExpression object,策略表达式引用或值,一个灵活的模型，既可以包含一个完整的策略表达式信息，也可以只包含对一个已存在表达式的引用。
PolicyExpressionRefOrValue_MVO,Container for PolicyExpression Reference or unmanaged PolicyExpression object,策略表达式引用或值,一个灵活的模型，既可以包含一个完整的策略表达式信息，也可以只包含对一个已存在表达式的引用。
PolicyManagedEntity,,策略受管实体,表示一个受策略控制的通用资源实体，用于描述策略作用目标。
PolicyManagedEntity_FVO,,策略受管实体（第 1 层字段值对象）,PolicyManagedEntity 的嵌套层级版本，用于递归引用。
PolicyManagedEntity_FVO_FVO,,策略受管实体（第 2 层字段值对象）,多层级结构中的第二层嵌套定义。
PolicyManagedEntity_FVO_FVO_FVO,,策略受管实体（第 3 层字段值对象）,以此类推的嵌套引用，用于复杂策略作用对象建模。
PolicyManagedEntity_FVO_FVO_FVO_FVO,,策略受管实体（第 4 层字段值对象）,多层次的受管资源引用。
PolicyManagedEntity_FVO_FVO_FVO_FVO_FVO,,策略受管实体（第 5 层字段值对象）,深层嵌套结构，用于嵌套策略目标。
PolicyManagedEntity_FVO_FVO_FVO_FVO_FVO_FVO,,策略受管实体（第 6 层字段值对象）,同上，用于建模多层策略对象。
PolicyManagedEntity_FVO_FVO_FVO_FVO_FVO_FVO_FVO,,策略受管实体（第 7 层字段值对象）,表示更复杂的层级嵌套。
PolicyManagedEntity_FVO_FVO_FVO_FVO_FVO_FVO_FVO_FVO,,策略受管实体（第 8 层字段值对象）,深层嵌套引用定义。
PolicyManagedEntity_FVO_FVO_FVO_FVO_FVO_FVO_FVO_FVO_FVO,,策略受管实体（第 9 层字段值对象）,用于极复杂的受控资源结构。
PolicyManagedEntity_FVO_FVO_FVO_FVO_FVO_FVO_FVO_FVO_FVO_FVO,,策略受管实体（第 10 层字段值对象）,表示深层策略依赖建模的极限层级定义。
PolicyManagedEntity_MVO,,策略受管实体（主值对象）,PolicyManagedEntity 的主要对象版本（Managed Value Object），在运行时实际生效。
PolicyOperator_FVO,,策略操作符,在策略条件中使用的逻辑或比较操作符，例如 AND、OR、等于、大于。
PolicyOperator_MVO,,策略操作符,在策略条件中使用的逻辑或比较操作符，例如 AND、OR、等于、大于。
PolicyOperatorRef_FVO,,策略操作符引用,用于简要引用一个策略操作符。
PolicyOperatorRef_MVO,,策略操作符引用,用于简要引用一个策略操作符。
PolicyOperatorRefOrValue_FVO,Container for PolicyOperator Reference or unmanaged PolicyOperator object,策略操作符引用或值,一个灵活的模型，既可以包含一个完整的策略操作符信息，也可以只包含对一个已存在操作符的引用。
PolicyOperatorRefOrValue_MVO,Container for PolicyOperator Reference or unmanaged PolicyOperator object,策略操作符引用或值,一个灵活的模型，既可以包含一个完整的策略操作符信息，也可以只包含对一个已存在操作符的引用。
PolicyRefOrValue_FVO,Container for Policy Reference or unmanaged Policy object,策略引用或值,一个灵活的模型，既可以包含一个完整的策略信息，也可以只包含对一个已存在策略的引用。
PolicyRefOrValue_MVO,Container for Policy Reference or unmanaged Policy object,策略引用或值,一个灵活的模型，既可以包含一个完整的策略信息，也可以只包含对一个已存在策略的引用。
PolicyRelationship_FVO_FVO,Contains details of a PolicyRelationship,策略关系,描述不同策略或策略组件（如规则、集）之间的关系。
PolicyRelationship_MVO,Contains details of a PolicyRelationship,策略关系,描述不同策略或策略组件（如规则、集）之间的关系。
PolicyRule_FVO_FVO,,策略规则,策略的核心单元，它将一组“条件”（IF）与一组“动作”（THEN）关联起来。
PolicyRule_MVO,,策略规则,策略的核心单元，它将一组“条件”（IF）与一组“动作”（THEN）关联起来。
PolicySet_FVO_FVO,,策略集,由多个策略规则或其他策略集组成的集合，并定义了如何组合评估这些规则。
PolicySet_MVO,,策略集,由多个策略规则或其他策略集组成的集合，并定义了如何组合评估这些规则。
PolicyStatement_FVO,"PolicyStatement is a definition of a: 
 * query statement that resolves to boolean value or 
 * command statement that is changing a value",策略语句,策略中的一个通用语句定义。
PolicyStatement_MVO,"PolicyStatement is a definition of a: 
 * query statement that resolves to boolean value or 
 * command statement that is changing a value",策略语句,策略中的一个通用语句定义。
PolicyVariable_FVO,A PolicyVariable is an entity for modeling different types of variables that can be used to form a PolicyCondition statement. It can be static or dynamic.,策略变量,用于构成策略条件语句的变量，可以是静态的或动态的。
PolicyVariable_MVO,A PolicyVariable is an entity for modeling different types of variables that can be used to form a PolicyCondition statement. It can be static or dynamic.,策略变量,用于构成策略条件语句的变量，可以是静态的或动态的。
PolicyVariableDynamic_FVO_FVO,"A PolicyVariableDynamic is a variable that is resolved from event, environment or subject",动态策略变量,一种策略变量，其值在运行时从事件、环境或主体等上下文中动态解析获得。
PolicyVariableDynamic_MVO,"A PolicyVariableDynamic is a variable that is resolved from event, environment or subject",动态策略变量,一种策略变量，其值在运行时从事件、环境或主体等上下文中动态解析获得。
PolicyVariableRefOrValue_FVO,Container for PolicyVariable Reference or unmanaged PolicyVariable object,策略变量引用或值,一个灵活的模型，既可以包含一个完整的策略变量信息，也可以只包含对一个已存在变量的引用。
PolicyVariableRefOrValue_MVO,Container for PolicyVariable Reference or unmanaged PolicyVariable object,策略变量引用或值,一个灵活的模型，既可以包含一个完整的策略变量信息，也可以只包含对一个已存在变量的引用。
PolicyVariableResolver_FVO_FVO,A PolicyVariableResolver is a definition that describes from where is DynamicVariable fetched,策略变量解析器,定义了如何从特定来源获取动态策略变量值的规则。
PolicyVariableResolver_MVO,A PolicyVariableResolver is a definition that describes from where is DynamicVariable fetched,策略变量解析器,定义了如何从特定来源获取动态策略变量值的规则。
PolicyVariableStatic_FVO_FVO,A PolicyVariableStatic is a variable that is,静态策略变量,一种策略变量，其值是预先定义的、固定的。
PolicyVariableStatic_MVO,A PolicyVariableStatic is a variable that is,静态策略变量,一种策略变量，其值是预先定义的、固定的。
ProductTest_FVO,,产品测试,描述在某个产品实例上执行的一次具体测试活动。
ProductTest_MVO,,产品测试,描述在某个产品实例上执行的一次具体测试活动。
ProductTestSpecification_FVO,,产品测试规约,产品测试的模板或蓝图，定义了测试的目标、方法和参数。
ProductTestSpecification_MVO,,产品测试规约,产品测试的模板或蓝图，定义了测试的目标、方法和参数。
ProductTestSpecificationRef_FVO,Product Test specification reference: ProductTestSpecification(s) required to realize a Test Specification.,产品测试规约引用,用于简要引用一个产品测试规约（模板）。
ProductTestSpecificationRef_MVO,Product Test specification reference: ProductTestSpecification(s) required to realize a Test Specification.,产品测试规约引用,用于简要引用一个产品测试规约（模板）。
ProductTestSpecRelationship_FVO,,产品测试规约关系,描述不同产品测试规约（模板）之间的关系。
ProductTestSpecRelationship_MVO,,产品测试规约关系,描述不同产品测试规约（模板）之间的关系。
Reference_FVO_FVO,Reference schema .,引用,一个通用的引用模型，包含ID和链接（href）。
Reference_FVO_FVO_FVO,Reference schema .,引用,一个通用的引用模型，包含ID和链接（href）。
Reference_FVO_FVO_FVO_FVO,Reference schema .,引用,一个通用的引用模型，包含ID和链接（href）。
Reference_FVO_FVO_FVO_FVO_FVO,Reference schema .,引用,一个通用的引用模型，包含ID和链接（href）。
RelatedWorkOrderItem_FVO,,关联工单项,描述工单中不同任务项之间的关系。
RelatedWorkOrderItem_MVO,,关联工单项,描述工单中不同任务项之间的关系。
Request_FVO,A response to a request,请求,API的通用请求结构。
Request_MVO,A response to a request,请求,API的通用请求结构。
Response_FVO,A response to a request,响应,API请求的通用响应结构。
Response_MVO,A response to a request,响应,API请求的通用响应结构。
RoleTypeRef_FVO,,角色类型引用,用于简要引用一个角色类型。
RoleTypeRef_MVO,,角色类型引用,用于简要引用一个角色类型。
TimeSlot_FVO,,时间槽,一个明确的、可预约的时间段，常用于现场服务预约。
TimeSlot_MVO,,时间槽,一个明确的、可预约的时间段，常用于现场服务预约。
Trigger_FVO,Trigger between Event or Monitor,触发器,定义了在某个事件或监控条件满足时，触发相应动作的机制。
Trigger_MVO,Trigger between Event or Monitor,触发器,定义了在某个事件或监控条件满足时，触发相应动作的机制。
Work_FVO,,(工作)单元,构成工单的、一个独立的、需要被执行的工作任务。
Work_MVO,,(工作)单元,构成工单的、一个独立的、需要被执行的工作任务。
WorkforceEmployeeAssignment_FVO,,员工派工,将某个员工指派到特定工单或任务的记录。
WorkforceEmployeeAssignment_MVO,,员工派工,将某个员工指派到特定工单或任务的记录。
WorkforceEmployeeTravel_FVO,,员工差旅,记录现场服务人员为完成工单而出差或途中的相关信息。
WorkforceEmployeeTravel_MVO,,员工差旅,记录现场服务人员为完成工单而出差或途中的相关信息。
WorkOrder_FVO,,(现场)工单,派发给现场技术人员执行具体任务（如安装、维修）的指令单，是服务订单的物理实现。
WorkOrder_MVO,,(现场)工单,派发给现场技术人员执行具体任务（如安装、维修）的指令单，是服务订单的物理实现。
WorkOrderItem_FVO,,工单项,现场工单中的一个具体任务或操作步骤。
WorkOrderItem_MVO,,工单项,现场工单中的一个具体任务或操作步骤。
WorkOrderRef_FVO,WorkOrder reference,工单引用,用于简要引用一个现场工单。
WorkPrice_FVO,,工作单元价格,描述完成一个工作单元所需的价格或成本。
WorkPrice_MVO,,工作单元价格,描述完成一个工作单元所需的价格或成本。
WorkRef_FVO,Unit of Work reference,工作单元引用,用于简要引用一个工作单元。
WorkRef_MVO,Unit of Work reference,工作单元引用,用于简要引用一个工作单元。
WorkRefOrValue_FVO,"A Unit of Work defined by value or existing defined by reference. The polymorphic attributes @type, @schemaLocation &amp; @referredType are related to the work entity and not the related WorkRefOrValue class itself",工作单元引用或值,一个灵活的模型，既可以包含一个完整的工作单元信息，也可以只包含对一个已存在工作单元的引用。
WorkRefOrValue_MVO,"A Unit of Work defined by value or existing defined by reference. The polymorphic attributes @type, @schemaLocation &amp; @referredType are related to the work entity and not the related WorkRefOrValue class itself",工作单元引用或值,一个灵活的模型，既可以包含一个完整的工作单元信息，也可以只包含对一个已存在工作单元的引用。
WorkRelationship_FVO,,工作单元关系,描述不同工作单元之间的关系，例如依赖关系。
WorkRelationship_MVO,,工作单元关系,描述不同工作单元之间的关系，例如依赖关系。
WorkSpecification_FVO,,工作单元规约,工作单元的模板或蓝图，定义了执行一项标准工作所需的人员、技能和物料。
WorkSpecification_MVO,,工作单元规约,工作单元的模板或蓝图，定义了执行一项标准工作所需的人员、技能和物料。
WorkSpecificationRef_MVO,Work specification reference,工作单元规约引用,用于简要引用一个工作单元规约（模板）。
WorkSpecificationRefOrValue_FVO,"Related Entity reference. A related WorkSpecification defines a WorkSpecification described by reference or by value linked to a specific entity. The polymorphic attributes @type, @schemaLocation & @referredType are related to the WorkSpecification entity and not the WorkSpecificationRefOrValue class itself",工作单元规约引用或值,一个灵活的模型，既可以包含一个完整的工作单元规约，也可以只包含对一个已存在规约的引用。
WorkSpecificationRefOrValue_MVO,"Related Entity reference. A related WorkSpecification defines a WorkSpecification described by reference or by value linked to a specific entity. The polymorphic attributes @type, @schemaLocation & @referredType are related to the WorkSpecification entity and not the WorkSpecificationRefOrValue class itself",工作单元规约引用或值,一个灵活的模型，既可以包含一个完整的工作单元规约，也可以只包含对一个已存在规约的引用。
